Workbook

Sheet cRIO-9024 Benchmark
A1: LV RT 2013 cRIO Single-Point Benchmark Results (Hz)
A2: cRIO-9024, LV RT 2013.1a4, NI-RIO 13.0.0d114 (9205/9264) - 2min settling time - Isolated Network, REBOOT before each test
A3: Test | D3: Number of Channels, Rate (Hz) | J3: Number of Channels, Period (uS)
A4: Acronym | B4: Description | C4: I/O Mode | D4: 1 | E4: 4 | F4: 16 | G4: 32 | H4: 64 | I4: 80 | J4: 1 | K4: 4 | L4: 16 | M4: 32 | N4: 64 | O4: 80
A5: T1a | B5: AI / AO | C5: Polling | D5: 73726 | E5: 26141 | F5: 6947 | G5: 3508 | H5: 3140 | I5: 2373 | J5: =(1/D5)*1000000 -> 13.563736 | K5: =(1/E5)*1000000 -> 38.254084 | L5: =(1/F5)*1000000 -> 143.94703 | M5: =(1/G5)*1000000 -> 285.06271 | N5: =(1/H5)*1000000 -> 318.47134 | O5: =(1/I5)*1000000 -> 421.4075
A6: T1b | B6: AI / AO | C6: Interrupts | D6: 28363 | E6: 15816 | F6: 5304 | G6: 2888 | H6: 2529 | I6: 2352 | J6: =(1/D6)*1000000 -> 35.257201 | K6: =(1/E6)*1000000 -> 63.227112 | L6: =(1/F6)*1000000 -> 188.53695 | M6: =(1/G6)*1000000 -> 346.26039 | N6: =(1/H6)*1000000 -> 395.41321 | O6: =(1/I6)*1000000 -> 425.17007
A7: T2a | B7: AI/PID/AO | C7: Polling | D7: 68123 | E7: 22299 | F7: 6281 | G7: 3112 | H7: 2315 | I7: 2084 | J7: =(1/D7)*1000000 -> 14.67933 | K7: =(1/E7)*1000000 -> 44.84506 | L7: =(1/F7)*1000000 -> 159.21032 | M7: =(1/G7)*1000000 -> 321.33676 | N7: =(1/H7)*1000000 -> 431.96544 | O7: =(1/I7)*1000000 -> 479.84645
A8: T2b | B8: AI/PID/AO | C8: Interrupts | D8: 20602 | E8: 11334 | F8: 4474 | G8: 2469 | H8: 2014 | I8: 1816 | J8: =(1/D8)*1000000 -> 48.538977 | K8: =(1/E8)*1000000 -> 88.230104 | L8: =(1/F8)*1000000 -> 223.51363 | M8: =(1/G8)*1000000 -> 405.02228 | N8: =(1/H8)*1000000 -> 496.52433 | O8: =(1/I8)*1000000 -> 550.66079
A9: T3 | B9: AI/AO/Local Logging | C9: Interrupts | D9: 17450 | E9: 10095 | F9: 4134 | G9: 2524 | H9: 2159 | I9: 2001 | J9: =(1/D9)*1000000 -> 57.30659 | K9: =(1/E9)*1000000 -> 99.05894 | L9: =(1/F9)*1000000 -> 241.89647 | M9: =(1/G9)*1000000 -> 396.19651 | N9: =(1/H9)*1000000 -> 463.1774 | O9: =(1/I9)*1000000 -> 499.75012
A10: T4 | B10: AI/AO/Host Comm. | C10: Interrupts | D10: 15550 | E10: 9624 | F10: 4257 | G10: 2488 | H10: 2159 | I10: 2031 | J10: =(1/D10)*1000000 -> 64.308682 | K10: =(1/E10)*1000000 -> 103.9069 | L10: =(1/F10)*1000000 -> 234.90721 | M10: =(1/G10)*1000000 -> 401.92926 | N10: =(1/H10)*1000000 -> 463.1774 | O10: =(1/I10)*1000000 -> 492.36829

Sheet Proto 2013
A1: LV RT 2013 cRIO Single-Point Benchmark Results (Hz) | Q1: Max Numbers
A2: cRIO-9068 (red board), LV RT 2013b11, NI-RIO 13.0.0d174 (9205/9264)
A3: Test | D3: Number of Channels, Rate (Hz) | J3: Number of Channels, Period (uS) | Q3: Test | T3: Number of Channels, Rate (Hz) | Z3: Number of Channels, Period (uS)
A4: Acronym | B4: Description | C4: I/O Mode | D4: 1 | E4: 4 | F4: 16 | G4: 32 | H4: 64 | I4: 80 | J4: 1 | K4: 4 | L4: 16 | M4: 32 | N4: 64 | O4: 80 | Q4: Acronym | R4: Description | S4: I/O Mode | T4: 1 | U4: 4 | V4: 16 | W4: 32 | X4: 64 | Y4: 80 | Z4: 1 | AA4: 4 | AB4: 16 | AC4: 32 | AD4: 64 | AE4: 80
A5: T1a | B5: AI / AO | C5: Polling | D5: 38628 | E5: 21650 | F5: 6505 | J5: =IF(D5="","",(1/D5)*1000000) -> 25.887957 | K5: =IF(E5="","",(1/E5)*1000000) -> 46.189376 | L5: =IF(F5="","",(1/F5)*1000000) -> 153.7279 | M5: =IF(G5="","",(1/G5)*1000000) | N5: =IF(H5="","",(1/H5)*1000000) | O5: =IF(I5="","",(1/I5)*1000000) | Q5: T1a | R5: AI / AO | S5: Polling | T5: 48469 | U5: 21759 | V5: 6538 | Z5: =IF(T5="","",(1/T5)*1000000) -> 20.631744 | AA5: =IF(U5="","",(1/U5)*1000000) -> 45.957994 | AB5: =IF(V5="","",(1/V5)*1000000) -> 152.95197 | AC5: =IF(W5="","",(1/W5)*1000000) | AD5: =IF(X5="","",(1/X5)*1000000) | AE5: =IF(Y5="","",(1/Y5)*1000000)
A6: T1b | B6: AI / AO | C6: Interrupts | D6: 9958 | E6: 7893 | F6: 4162 | J6: =IF(D6="","",(1/D6)*1000000) -> 100.42177 | K6: =IF(E6="","",(1/E6)*1000000) -> 126.69454 | L6: =IF(F6="","",(1/F6)*1000000) -> 240.2691 | M6: =IF(G6="","",(1/G6)*1000000) | N6: =IF(H6="","",(1/H6)*1000000) | O6: =IF(I6="","",(1/I6)*1000000) | Q6: T1b | R6: AI / AO | S6: Interrupts | T6: 9975 | U6: 8323 | V6: 4267 | Z6: =IF(T6="","",(1/T6)*1000000) -> 100.25063 | AA6: =IF(U6="","",(1/U6)*1000000) -> 120.14898 | AB6: =IF(V6="","",(1/V6)*1000000) -> 234.35669 | AC6: =IF(W6="","",(1/W6)*1000000) | AD6: =IF(X6="","",(1/X6)*1000000) | AE6: =IF(Y6="","",(1/Y6)*1000000)
A7: T2a | B7: AI/PID/AO | C7: Polling | D7: 42589 | E7: 12740 | F7: 4852 | J7: =IF(D7="","",(1/D7)*1000000) -> 23.480241 | K7: =IF(E7="","",(1/E7)*1000000) -> 78.492936 | L7: =IF(F7="","",(1/F7)*1000000) -> 206.10058 | M7: =IF(G7="","",(1/G7)*1000000) | N7: =IF(H7="","",(1/H7)*1000000) | O7: =IF(I7="","",(1/I7)*1000000) | Q7: T2a | R7: AI/PID/AO | S7: Polling | T7: 42803 | U7: 14737 | V7: 4876 | Z7: =IF(T7="","",(1/T7)*1000000) -> 23.362848 | AA7: =IF(U7="","",(1/U7)*1000000) -> 67.856416 | AB7: =IF(V7="","",(1/V7)*1000000) -> 205.08614 | AC7: =IF(W7="","",(1/W7)*1000000) | AD7: =IF(X7="","",(1/X7)*1000000) | AE7: =IF(Y7="","",(1/Y7)*1000000)
A8: T2b | B8: AI/PID/AO | C8: Interrupts | D8: 9246 | E8: 6798 | F8: 3451 | J8: =IF(D8="","",(1/D8)*1000000) -> 108.15488 | K8: =IF(E8="","",(1/E8)*1000000) -> 147.10209 | L8: =IF(F8="","",(1/F8)*1000000) -> 289.77108 | M8: =IF(G8="","",(1/G8)*1000000) | N8: =IF(H8="","",(1/H8)*1000000) | O8: =IF(I8="","",(1/I8)*1000000) | Q8: T2b | R8: AI/PID/AO | S8: Interrupts | T8: 9773 | U8: 6958 | V8: 3468 | Z8: =IF(T8="","",(1/T8)*1000000) -> 102.32273 | AA8: =IF(U8="","",(1/U8)*1000000) -> 143.71946 | AB8: =IF(V8="","",(1/V8)*1000000) -> 288.35063 | AC8: =IF(W8="","",(1/W8)*1000000) | AD8: =IF(X8="","",(1/X8)*1000000) | AE8: =IF(Y8="","",(1/Y8)*1000000)
A9: T3 | B9: AI/AO/Local Logging | C9: Interrupts | D9: 4445 | E9: 3895 | F9: 3416 | J9: =IF(D9="","",(1/D9)*1000000) -> 224.97188 | K9: =IF(E9="","",(1/E9)*1000000) -> 256.73941 | L9: =IF(F9="","",(1/F9)*1000000) -> 292.74005 | M9: =IF(G9="","",(1/G9)*1000000) | N9: =IF(H9="","",(1/H9)*1000000) | O9: =IF(I9="","",(1/I9)*1000000) | Q9: T3 | R9: AI/AO/Local Logging | S9: Interrupts | T9: 4629 | U9: 4109 | V9: 3445 | Z9: =IF(T9="","",(1/T9)*1000000) -> 216.02938 | AA9: =IF(U9="","",(1/U9)*1000000) -> 243.36822 | AB9: =IF(V9="","",(1/V9)*1000000) -> 290.27576 | AC9: =IF(W9="","",(1/W9)*1000000) | AD9: =IF(X9="","",(1/X9)*1000000) | AE9: =IF(Y9="","",(1/Y9)*1000000)
A10: T4 | B10: AI/AO/Host Comm. | C10: Interrupts | D10: 4457 | E10: 4014 | F10: 3317 | J10: =IF(D10="","",(1/D10)*1000000) -> 224.36617 | K10: =IF(E10="","",(1/E10)*1000000) -> 249.12805 | L10: =IF(F10="","",(1/F10)*1000000) -> 301.47724 | M10: =IF(G10="","",(1/G10)*1000000) | N10: =IF(H10="","",(1/H10)*1000000) | O10: =IF(I10="","",(1/I10)*1000000) | Q10: T4 | R10: AI/AO/Host Comm. | S10: Interrupts | T10: 4480 | U10: 4103 | V10: 3374 | Z10: =IF(T10="","",(1/T10)*1000000) -> 223.21429 | AA10: =IF(U10="","",(1/U10)*1000000) -> 243.7241 | AB10: =IF(V10="","",(1/V10)*1000000) -> 296.38411 | AC10: =IF(W10="","",(1/W10)*1000000) | AD10: =IF(X10="","",(1/X10)*1000000) | AE10: =IF(Y10="","",(1/Y10)*1000000)
A12: Result Improvement vs. cRIO-9024 (% & uS)
A13: Test | D13: Number of Channels (%) | J13: Number of Channels, Difference in Period (uS)
A14: Acronym | B14: Description | C14: I/O Mode | D14: 1 | E14: 4 | F14: 16 | G14: 32 | H14: 64 | I14: 80 | J14: 1 | K14: 4 | L14: 16 | M14: 32 | N14: 64 | O14: 80
A15: T1a | B15: AI / AO | C15: Polling | D15: =IF(D5="","",(D5-'cRIO-9024 Benchmark'!D5)/'cRIO-9024 Benchmark'!D5) -> -0.47606001 | E15: =IF(E5="","",(E5-'cRIO-9024 Benchmark'!E5)/'cRIO-9024 Benchmark'!E5) -> -0.17179909 | F15: =IF(F5="","",(F5-'cRIO-9024 Benchmark'!F5)/'cRIO-9024 Benchmark'!F5) -> -0.063624586 | G15: =IF(G5="","",(G5-'cRIO-9024 Benchmark'!G5)/'cRIO-9024 Benchmark'!G5) | H15: =IF(H5="","",(H5-'cRIO-9024 Benchmark'!H5)/'cRIO-9024 Benchmark'!H5) | I15: =IF(I5="","",(I5-'cRIO-9024 Benchmark'!I5)/'cRIO-9024 Benchmark'!I5) | J15: =IF(D15="","",J5-((1/'cRIO-9024 Benchmark'!D5)*1000000)) -> 12.324221 | K15: =IF(E15="","",K5-((1/'cRIO-9024 Benchmark'!E5)*1000000)) -> 7.9352928 | L15: =IF(F15="","",L5-((1/'cRIO-9024 Benchmark'!F5)*1000000)) -> 9.7808741 | M15: =IF(G15="","",M5-((1/'cRIO-9024 Benchmark'!G5)*1000000)) | N15: =IF(H15="","",N5-((1/'cRIO-9024 Benchmark'!H5)*1000000)) | O15: =IF(I15="","",O5-((1/'cRIO-9024 Benchmark'!I5)*1000000))
A16: T1b | B16: AI / AO | C16: Interrupts | D16: =IF(D6="","",(D6-'cRIO-9024 Benchmark'!D6)/'cRIO-9024 Benchmark'!D6) -> -0.64890879 | E16: =IF(E6="","",(E6-'cRIO-9024 Benchmark'!E6)/'cRIO-9024 Benchmark'!E6) -> -0.50094841 | F16: =IF(F6="","",(F6-'cRIO-9024 Benchmark'!F6)/'cRIO-9024 Benchmark'!F6) -> -0.2153092 | G16: =IF(G6="","",(G6-'cRIO-9024 Benchmark'!G6)/'cRIO-9024 Benchmark'!G6) | H16: =IF(H6="","",(H6-'cRIO-9024 Benchmark'!H6)/'cRIO-9024 Benchmark'!H6) | I16: =IF(I6="","",(I6-'cRIO-9024 Benchmark'!I6)/'cRIO-9024 Benchmark'!I6) | J16: =IF(D16="","",J6-((1/'cRIO-9024 Benchmark'!D6)*1000000)) -> 65.16457 | K16: =IF(E16="","",K6-((1/'cRIO-9024 Benchmark'!E6)*1000000)) -> 63.467428 | L16: =IF(F16="","",L6-((1/'cRIO-9024 Benchmark'!F6)*1000000)) -> 51.732148 | M16: =IF(G16="","",M6-((1/'cRIO-9024 Benchmark'!G6)*1000000)) | N16: =IF(H16="","",N6-((1/'cRIO-9024 Benchmark'!H6)*1000000)) | O16: =IF(I16="","",O6-((1/'cRIO-9024 Benchmark'!I6)*1000000))
A17: T2a | B17: AI/PID/AO | C17: Polling | D17: =IF(D7="","",(D7-'cRIO-9024 Benchmark'!D7)/'cRIO-9024 Benchmark'!D7) -> -0.37482201 | E17: =IF(E7="","",(E7-'cRIO-9024 Benchmark'!E7)/'cRIO-9024 Benchmark'!E7) -> -0.42867393 | F17: =IF(F7="","",(F7-'cRIO-9024 Benchmark'!F7)/'cRIO-9024 Benchmark'!F7) -> -0.22751154 | G17: =IF(G7="","",(G7-'cRIO-9024 Benchmark'!G7)/'cRIO-9024 Benchmark'!G7) | H17: =IF(H7="","",(H7-'cRIO-9024 Benchmark'!H7)/'cRIO-9024 Benchmark'!H7) | I17: =IF(I7="","",(I7-'cRIO-9024 Benchmark'!I7)/'cRIO-9024 Benchmark'!I7) | J17: =IF(D17="","",J7-((1/'cRIO-9024 Benchmark'!D7)*1000000)) -> 8.8009113 | K17: =IF(E17="","",K7-((1/'cRIO-9024 Benchmark'!E7)*1000000)) -> 33.647875 | L17: =IF(F17="","",L7-((1/'cRIO-9024 Benchmark'!F7)*1000000)) -> 46.89026 | M17: =IF(G17="","",M7-((1/'cRIO-9024 Benchmark'!G7)*1000000)) | N17: =IF(H17="","",N7-((1/'cRIO-9024 Benchmark'!H7)*1000000)) | O17: =IF(I17="","",O7-((1/'cRIO-9024 Benchmark'!I7)*1000000))
A18: T2b | B18: AI/PID/AO | C18: Interrupts | D18: =IF(D8="","",(D8-'cRIO-9024 Benchmark'!D8)/'cRIO-9024 Benchmark'!D8) -> -0.55120862 | E18: =IF(E8="","",(E8-'cRIO-9024 Benchmark'!E8)/'cRIO-9024 Benchmark'!E8) -> -0.40021175 | F18: =IF(F8="","",(F8-'cRIO-9024 Benchmark'!F8)/'cRIO-9024 Benchmark'!F8) -> -0.22865445 | G18: =IF(G8="","",(G8-'cRIO-9024 Benchmark'!G8)/'cRIO-9024 Benchmark'!G8) | H18: =IF(H8="","",(H8-'cRIO-9024 Benchmark'!H8)/'cRIO-9024 Benchmark'!H8) | I18: =IF(I8="","",(I8-'cRIO-9024 Benchmark'!I8)/'cRIO-9024 Benchmark'!I8) | J18: =IF(D18="","",J8-((1/'cRIO-9024 Benchmark'!D8)*1000000)) -> 59.615901 | K18: =IF(E18="","",K8-((1/'cRIO-9024 Benchmark'!E8)*1000000)) -> 58.871985 | L18: =IF(F18="","",L8-((1/'cRIO-9024 Benchmark'!F8)*1000000)) -> 66.257447 | M18: =IF(G18="","",M8-((1/'cRIO-9024 Benchmark'!G8)*1000000)) | N18: =IF(H18="","",N8-((1/'cRIO-9024 Benchmark'!H8)*1000000)) | O18: =IF(I18="","",O8-((1/'cRIO-9024 Benchmark'!I8)*1000000))
A19: T3 | B19: AI/AO/Local Logging | C19: Interrupts | D19: =IF(D9="","",(D9-'cRIO-9024 Benchmark'!D9)/'cRIO-9024 Benchmark'!D9) -> -0.74527221 | E19: =IF(E9="","",(E9-'cRIO-9024 Benchmark'!E9)/'cRIO-9024 Benchmark'!E9) -> -0.61416543 | F19: =IF(F9="","",(F9-'cRIO-9024 Benchmark'!F9)/'cRIO-9024 Benchmark'!F9) -> -0.17368166 | G19: =IF(G9="","",(G9-'cRIO-9024 Benchmark'!G9)/'cRIO-9024 Benchmark'!G9) | H19: =IF(H9="","",(H9-'cRIO-9024 Benchmark'!H9)/'cRIO-9024 Benchmark'!H9) | I19: =IF(I9="","",(I9-'cRIO-9024 Benchmark'!I9)/'cRIO-9024 Benchmark'!I9) | J19: =IF(D19="","",J9-((1/'cRIO-9024 Benchmark'!D9)*1000000)) -> 167.66529 | K19: =IF(E19="","",K9-((1/'cRIO-9024 Benchmark'!E9)*1000000)) -> 157.68047 | L19: =IF(F19="","",L9-((1/'cRIO-9024 Benchmark'!F9)*1000000)) -> 50.843579 | M19: =IF(G19="","",M9-((1/'cRIO-9024 Benchmark'!G9)*1000000)) | N19: =IF(H19="","",N9-((1/'cRIO-9024 Benchmark'!H9)*1000000)) | O19: =IF(I19="","",O9-((1/'cRIO-9024 Benchmark'!I9)*1000000))
A20: T4 | B20: AI/AO/Host Comm. | C20: Interrupts | D20: =IF(D10="","",(D10-'cRIO-9024 Benchmark'!D10)/'cRIO-9024 Benchmark'!D10) -> -0.71337621 | E20: =IF(E10="","",(E10-'cRIO-9024 Benchmark'!E10)/'cRIO-9024 Benchmark'!E10) -> -0.58291771 | F20: =IF(F10="","",(F10-'cRIO-9024 Benchmark'!F10)/'cRIO-9024 Benchmark'!F10) -> -0.22081278 | G20: =IF(G10="","",(G10-'cRIO-9024 Benchmark'!G10)/'cRIO-9024 Benchmark'!G10) | H20: =IF(H10="","",(H10-'cRIO-9024 Benchmark'!H10)/'cRIO-9024 Benchmark'!H10) | I20: =IF(I10="","",(I10-'cRIO-9024 Benchmark'!I10)/'cRIO-9024 Benchmark'!I10) | J20: =IF(D20="","",J10-((1/'cRIO-9024 Benchmark'!D10)*1000000)) -> 160.05748 | K20: =IF(E20="","",K10-((1/'cRIO-9024 Benchmark'!E10)*1000000)) -> 145.22115 | L20: =IF(F20="","",L10-((1/'cRIO-9024 Benchmark'!F10)*1000000)) -> 66.570027 | M20: =IF(G20="","",M10-((1/'cRIO-9024 Benchmark'!G10)*1000000)) | N20: =IF(H20="","",N10-((1/'cRIO-9024 Benchmark'!H10)*1000000)) | O20: =IF(I20="","",O10-((1/'cRIO-9024 Benchmark'!I10)*1000000))
A22: Result Improvement vs. RIO's "green board" results (% & uS)
A23: Test | D23: % | E23: Difference in Period (uS)
A24: Acronym | B24: Description | C24: I/O Mode | D24: 1ch | E24: 1ch
A25: T1a | B25: AI / AO | C25: Polling | D25: =IF(D5="","",(D5-35380)/35380) -> 0.091803279 | E25: =IF(D5="","",J5-((1/35380)*1000000)) -> -2.3765993
A26: T1b | B26: AI / AO | C26: Interrupts | D26: =IF(D6="","",(D6-9711)/9711) -> 0.025435074 | E26: =IF(D6="","",J6-((1/9711)*1000000)) -> -2.5542352
A27: T2a | B27: AI/PID/AO | C27: Polling | D27: =IF(D7="","",(D7-31192)/31192) -> 0.36538215 | E27: =IF(D7="","",J7-((1/31192)*1000000)) -> -8.5792611
A28: T2b | B28: AI/PID/AO | C28: Interrupts | D28: =IF(D8="","",(D8-6490)/6490) -> 0.42465331 | E28: =IF(D8="","",J8-((1/6490)*1000000)) -> -45.928327
A29: T3 | B29: AI/AO/Local Logging | C29: Interrupts | D29: N/A | E29: N/A
A30: T4 | B30: AI/AO/Host Comm. | C30: Interrupts | D30: N/A | E30: N/A
A32: LV RT 2013 cRIO Single-Point Benchmark Results (Hz)
A33: cRIO-9068 (blue board), LV RT 2013b75, NI-RIO 13.0.0d229 (9205/9264) | Q33: Max Numbers
A34: Test | D34: Number of Channels, Rate (Hz) | J34: Number of Channels, Period (uS) | Q34: Test | T34: Number of Channels, Rate (Hz) | Z34: Number of Channels, Period (uS)
A35: Case | B35: Description | C35: I/O Mode | D35: 1 | E35: 4 | F35: 16 | G35: 32 | H35: 64 | I35: 80 | J35: 1 | K35: 4 | L35: 16 | M35: 32 | N35: 64 | O35: 80 | Q35: Case | R35: Description | S35: I/O Mode | T35: 1 | U35: 4 | V35: 16 | W35: 32 | X35: 64 | Y35: 80 | Z35: 1 | AA35: 4 | AB35: 16 | AC35: 32 | AD35: 64 | AE35: 80
A36: T1a | B36: AI / AO | C36: Polling | D36: 49932 | E36: 36058 | F36: 15922 | J36: =IF(D36="","",(1/D36)*1000000) -> 20.027237 | K36: =IF(E36="","",(1/E36)*1000000) -> 27.733097 | L36: =IF(F36="","",(1/F36)*1000000) -> 62.80618 | M36: =IF(G36="","",(1/G36)*1000000) | N36: =IF(H36="","",(1/H36)*1000000) | O36: =IF(I36="","",(1/I36)*1000000) | Q36: T1a | R36: AI / AO | S36: Polling | T36: 51861 | U36: 36604 | V36: 15842 | Z36: =IF(T36="","",(1/T36)*1000000) -> 19.282312 | AA36: =IF(U36="","",(1/U36)*1000000) -> 27.319419 | AB36: =IF(V36="","",(1/V36)*1000000) -> 63.123343 | AC36: =IF(W36="","",(1/W36)*1000000) | AD36: =IF(X36="","",(1/X36)*1000000) | AE36: =IF(Y36="","",(1/Y36)*1000000)
A37: T1b | B37: AI / AO | C37: Interrupts | D37: 9975 | E37: 9118 | F37: 6980 | J37: =IF(D37="","",(1/D37)*1000000) -> 100.25063 | K37: =IF(E37="","",(1/E37)*1000000) -> 109.67317 | L37: =IF(F37="","",(1/F37)*1000000) -> 143.26648 | M37: =IF(G37="","",(1/G37)*1000000) | N37: =IF(H37="","",(1/H37)*1000000) | O37: =IF(I37="","",(1/I37)*1000000) | Q37: T1b | R37: AI / AO | S37: Interrupts | T37: 10257 | U37: 9338 | V37: 7085 | Z37: =IF(T37="","",(1/T37)*1000000) -> 97.494394 | AA37: =IF(U37="","",(1/U37)*1000000) -> 107.08931 | AB37: =IF(V37="","",(1/V37)*1000000) -> 141.14326 | AC37: =IF(W37="","",(1/W37)*1000000) | AD37: =IF(X37="","",(1/X37)*1000000) | AE37: =IF(Y37="","",(1/Y37)*1000000)
A38: T2a | B38: AI/PID/AO | C38: Polling | D38: 44933 | E38: 19931 | F38: 11669 | J38: =IF(D38="","",(1/D38)*1000000) -> 22.255358 | K38: =IF(E38="","",(1/E38)*1000000) -> 50.173097 | L38: =IF(F38="","",(1/F38)*1000000) -> 85.697146 | M38: =IF(G38="","",(1/G38)*1000000) | N38: =IF(H38="","",(1/H38)*1000000) | O38: =IF(I38="","",(1/I38)*1000000) | Q38: T2a | R38: AI/PID/AO | S38: Polling | T38: 46391 | U38: 25261 | V38: 11826 | Z38: =IF(T38="","",(1/T38)*1000000) -> 21.555905 | AA38: =IF(U38="","",(1/U38)*1000000) -> 39.586715 | AB38: =IF(V38="","",(1/V38)*1000000) -> 84.559445 | AC38: =IF(W38="","",(1/W38)*1000000) | AD38: =IF(X38="","",(1/X38)*1000000) | AE38: =IF(Y38="","",(1/Y38)*1000000)
A39: T2b | B39: AI/PID/AO | C39: Interrupts | D39: 9757 | E39: 8283 | F39: 5975 | J39: =IF(D39="","",(1/D39)*1000000) -> 102.49052 | K39: =IF(E39="","",(1/E39)*1000000) -> 120.7292 | L39: =IF(F39="","",(1/F39)*1000000) -> 167.36402 | M39: =IF(G39="","",(1/G39)*1000000) | N39: =IF(H39="","",(1/H39)*1000000) | O39: =IF(I39="","",(1/I39)*1000000) | Q39: T2b | R39: AI/PID/AO | S39: Interrupts | T39: 9910 | U39: 8847 | V39: 6223 | Z39: =IF(T39="","",(1/T39)*1000000) -> 100.90817 | AA39: =IF(U39="","",(1/U39)*1000000) -> 113.03267 | AB39: =IF(V39="","",(1/V39)*1000000) -> 160.6942 | AC39: =IF(W39="","",(1/W39)*1000000) | AD39: =IF(X39="","",(1/X39)*1000000) | AE39: =IF(Y39="","",(1/Y39)*1000000)
A40: T3 | B40: AI/AO/Local Logging | C40: Interrupts | D40: 4341 | E40: 7315 | F40: 5368 | J40: =IF(D40="","",(1/D40)*1000000) -> 230.36167 | K40: =IF(E40="","",(1/E40)*1000000) -> 136.7054 | L40: =IF(F40="","",(1/F40)*1000000) -> 186.28912 | M40: =IF(G40="","",(1/G40)*1000000) | N40: =IF(H40="","",(1/H40)*1000000) | O40: =IF(I40="","",(1/I40)*1000000) | Q40: T3 | R40: AI/AO/Local Logging | S40: Interrupts | T40: 4508 | U40: 7315 | V40: 5371 | Z40: =IF(T40="","",(1/T40)*1000000) -> 221.82786 | AA40: =IF(U40="","",(1/U40)*1000000) -> 136.7054 | AB40: =IF(V40="","",(1/V40)*1000000) -> 186.18507 | AC40: =IF(W40="","",(1/W40)*1000000) | AD40: =IF(X40="","",(1/X40)*1000000) | AE40: =IF(Y40="","",(1/Y40)*1000000)
A41: T4 | B41: AI/AO/Host Comm. | C41: Interrupts | D41: 4306 | E41: 7170 | F41: 5447 | J41: =IF(D41="","",(1/D41)*1000000) -> 232.23409 | K41: =IF(E41="","",(1/E41)*1000000) -> 139.47001 | L41: =IF(F41="","",(1/F41)*1000000) -> 183.5873 | M41: =IF(G41="","",(1/G41)*1000000) | N41: =IF(H41="","",(1/H41)*1000000) | O41: =IF(I41="","",(1/I41)*1000000) | Q41: T4 | R41: AI/AO/Host Comm. | S41: Interrupts | T41: 4419 | U41: 7315 | V41: 6187 | Z41: =IF(T41="","",(1/T41)*1000000) -> 226.29554 | AA41: =IF(U41="","",(1/U41)*1000000) -> 136.7054 | AB41: =IF(V41="","",(1/V41)*1000000) -> 161.62922 | AC41: =IF(W41="","",(1/W41)*1000000) | AD41: =IF(X41="","",(1/X41)*1000000) | AE41: =IF(Y41="","",(1/Y41)*1000000)
D42: T1a: first run was actually 992, not sure why since subsequent runs were not affected by this.
A43: Result Improvement vs. "red board" (% & uS) | Q43: Result Improvement vs. cRIO-9024 (% & uS)
A44: Test | D44: Number of Channels (%) | J44: Number of Channels, Difference in Period (uS) | Q44: Test | T44: Number of Channels (%) | Z44: Number of Channels, Difference in Period (uS)
A45: Case | B45: Description | C45: I/O Mode | D45: 1 | E45: 4 | F45: 16 | G45: 32 | H45: 64 | I45: 80 | J45: 1 | K45: 4 | L45: 16 | M45: 32 | N45: 64 | O45: 80 | Q45: Case | R45: Description | S45: I/O Mode | T45: 1 | U45: 4 | V45: 16 | W45: 32 | X45: 64 | Y45: 80 | Z45: 1 | AA45: 4 | AB45: 16 | AC45: 32 | AD45: 64 | AE45: 80
A46: T1a | B46: AI / AO | C46: Polling | D46: =IF(D36="","",(D36-D5)/D5) -> 0.29263747 | E46: =IF(E36="","",(E36-E5)/E5) -> 0.66549654 | F46: =IF(F36="","",(F36-F5)/F5) -> 1.4476556 | G46: =IF(G36="","",(G36-'cRIO-9024 Benchmark'!G36)/'cRIO-9024 Benchmark'!G36) | H46: =IF(H36="","",(H36-'cRIO-9024 Benchmark'!H36)/'cRIO-9024 Benchmark'!H36) | I46: =IF(I36="","",(I36-'cRIO-9024 Benchmark'!I36)/'cRIO-9024 Benchmark'!I36) | J46: =IF(D46="","",J36-((1/D5)*1000000)) -> -5.8607199 | K46: =IF(E46="","",K36-((1/E5)*1000000)) -> -18.45628 | L46: =IF(F46="","",L36-((1/F5)*1000000)) -> -90.921721 | M46: =IF(G46="","",M36-((1/'cRIO-9024 Benchmark'!G36)*1000000)) | N46: =IF(H46="","",N36-((1/'cRIO-9024 Benchmark'!H36)*1000000)) | O46: =IF(I46="","",O36-((1/'cRIO-9024 Benchmark'!I36)*1000000)) | Q46: T1a | R46: AI / AO | S46: Polling | T46: =IF(D36="","",(D36-'cRIO-9024 Benchmark'!D5)/'cRIO-9024 Benchmark'!D5) -> -0.32273553 | U46: =IF(E36="","",(E36-'cRIO-9024 Benchmark'!E5)/'cRIO-9024 Benchmark'!E5) -> 0.37936575 | V46: =IF(F36="","",(F36-'cRIO-9024 Benchmark'!F5)/'cRIO-9024 Benchmark'!F5) -> 1.2919246 | W46: =IF(W36="","",(W36-'cRIO-9024 Benchmark'!W36)/'cRIO-9024 Benchmark'!W36) | X46: =IF(X36="","",(X36-'cRIO-9024 Benchmark'!X36)/'cRIO-9024 Benchmark'!X36) | Y46: =IF(Y36="","",(Y36-'cRIO-9024 Benchmark'!Y36)/'cRIO-9024 Benchmark'!Y36) | Z46: =IF(D36="","",J36-((1/'cRIO-9024 Benchmark'!D5)*1000000)) -> 6.463501 | AA46: =IF(E36="","",K36-((1/'cRIO-9024 Benchmark'!E5)*1000000)) -> -10.520987 | AB46: =IF(F36="","",L36-((1/'cRIO-9024 Benchmark'!F5)*1000000)) -> -81.140847 | AC46: =IF(W46="","",AC36-((1/'cRIO-9024 Benchmark'!W36)*1000000)) | AD46: =IF(X46="","",AD36-((1/'cRIO-9024 Benchmark'!X36)*1000000)) | AE46: =IF(Y46="","",AE36-((1/'cRIO-9024 Benchmark'!Y36)*1000000))
A47: T1b | B47: AI / AO | C47: Interrupts | D47: =IF(D37="","",(D37-D6)/D6) -> 0.0017071701 | E47: =IF(E37="","",(E37-E6)/E6) -> 0.15520081 | F47: =IF(F37="","",(F37-F6)/F6) -> 0.67707833 | G47: =IF(G37="","",(G37-'cRIO-9024 Benchmark'!G37)/'cRIO-9024 Benchmark'!G37) | H47: =IF(H37="","",(H37-'cRIO-9024 Benchmark'!H37)/'cRIO-9024 Benchmark'!H37) | I47: =IF(I37="","",(I37-'cRIO-9024 Benchmark'!I37)/'cRIO-9024 Benchmark'!I37) | J47: =IF(D47="","",J37-((1/D6)*1000000)) -> -0.17114487 | K47: =IF(E47="","",K37-((1/E6)*1000000)) -> -17.021366 | L47: =IF(F47="","",L37-((1/F6)*1000000)) -> -97.002626 | M47: =IF(G47="","",M37-((1/'cRIO-9024 Benchmark'!G37)*1000000)) | N47: =IF(H47="","",N37-((1/'cRIO-9024 Benchmark'!H37)*1000000)) | O47: =IF(I47="","",O37-((1/'cRIO-9024 Benchmark'!I37)*1000000)) | Q47: T1b | R47: AI / AO | S47: Interrupts | T47: =IF(D37="","",(D37-'cRIO-9024 Benchmark'!D6)/'cRIO-9024 Benchmark'!D6) -> -0.64830942 | U47: =IF(E37="","",(E37-'cRIO-9024 Benchmark'!E6)/'cRIO-9024 Benchmark'!E6) -> -0.42349519 | V47: =IF(F37="","",(F37-'cRIO-9024 Benchmark'!F6)/'cRIO-9024 Benchmark'!F6) -> 0.31598793 | W47: =IF(W37="","",(W37-'cRIO-9024 Benchmark'!W37)/'cRIO-9024 Benchmark'!W37) | X47: =IF(X37="","",(X37-'cRIO-9024 Benchmark'!X37)/'cRIO-9024 Benchmark'!X37) | Y47: =IF(Y37="","",(Y37-'cRIO-9024 Benchmark'!Y37)/'cRIO-9024 Benchmark'!Y37) | Z47: =IF(D37="","",J37-((1/'cRIO-9024 Benchmark'!D6)*1000000)) -> 64.993425 | AA47: =IF(E37="","",K37-((1/'cRIO-9024 Benchmark'!E6)*1000000)) -> 46.446062 | AB47: =IF(F37="","",L37-((1/'cRIO-9024 Benchmark'!F6)*1000000)) -> -45.270478 | AC47: =IF(W47="","",AC37-((1/'cRIO-9024 Benchmark'!W37)*1000000)) | AD47: =IF(X47="","",AD37-((1/'cRIO-9024 Benchmark'!X37)*1000000)) | AE47: =IF(Y47="","",AE37-((1/'cRIO-9024 Benchmark'!Y37)*1000000))
A48: T2a | B48: AI/PID/AO | C48: Polling | D48: =IF(D38="","",(D38-D7)/D7) -> 0.055037686 | E48: =IF(E38="","",(E38-E7)/E7) -> 0.5644427 | F48: =IF(F38="","",(F38-F7)/F7) -> 1.4049876 | G48: =IF(G38="","",(G38-'cRIO-9024 Benchmark'!G38)/'cRIO-9024 Benchmark'!G38) | H48: =IF(H38="","",(H38-'cRIO-9024 Benchmark'!H38)/'cRIO-9024 Benchmark'!H38) | I48: =IF(I38="","",(I38-'cRIO-9024 Benchmark'!I38)/'cRIO-9024 Benchmark'!I38) | J48: =IF(D48="","",J38-((1/D7)*1000000)) -> -1.2248834 | K48: =IF(E48="","",K38-((1/E7)*1000000)) -> -28.319838 | L48: =IF(F48="","",L38-((1/F7)*1000000)) -> -120.40343 | M48: =IF(G48="","",M38-((1/'cRIO-9024 Benchmark'!G38)*1000000)) | N48: =IF(H48="","",N38-((1/'cRIO-9024 Benchmark'!H38)*1000000)) | O48: =IF(I48="","",O38-((1/'cRIO-9024 Benchmark'!I38)*1000000)) | Q48: T2a | R48: AI/PID/AO | S48: Polling | T48: =IF(D38="","",(D38-'cRIO-9024 Benchmark'!D7)/'cRIO-9024 Benchmark'!D7) -> -0.34041366 | U48: =IF(E38="","",(E38-'cRIO-9024 Benchmark'!E7)/'cRIO-9024 Benchmark'!E7) -> -0.1061931 | V48: =IF(F38="","",(F38-'cRIO-9024 Benchmark'!F7)/'cRIO-9024 Benchmark'!F7) -> 0.85782519 | W48: =IF(W38="","",(W38-'cRIO-9024 Benchmark'!W38)/'cRIO-9024 Benchmark'!W38) | X48: =IF(X38="","",(X38-'cRIO-9024 Benchmark'!X38)/'cRIO-9024 Benchmark'!X38) | Y48: =IF(Y38="","",(Y38-'cRIO-9024 Benchmark'!Y38)/'cRIO-9024 Benchmark'!Y38) | Z48: =IF(D38="","",J38-((1/'cRIO-9024 Benchmark'!D7)*1000000)) -> 7.5760279 | AA48: =IF(E38="","",K38-((1/'cRIO-9024 Benchmark'!E7)*1000000)) -> 5.3280369 | AB48: =IF(F38="","",L38-((1/'cRIO-9024 Benchmark'!F7)*1000000)) -> -73.513171 | AC48: =IF(W48="","",AC38-((1/'cRIO-9024 Benchmark'!W38)*1000000)) | AD48: =IF(X48="","",AD38-((1/'cRIO-9024 Benchmark'!X38)*1000000)) | AE48: =IF(Y48="","",AE38-((1/'cRIO-9024 Benchmark'!Y38)*1000000))
A49: T2b | B49: AI/PID/AO | C49: Interrupts | D49: =IF(D39="","",(D39-D8)/D8) -> 0.055267143 | E49: =IF(E39="","",(E39-E8)/E8) -> 0.2184466 | F49: =IF(F39="","",(F39-F8)/F8) -> 0.73138221 | G49: =IF(G39="","",(G39-'cRIO-9024 Benchmark'!G39)/'cRIO-9024 Benchmark'!G39) | H49: =IF(H39="","",(H39-'cRIO-9024 Benchmark'!H39)/'cRIO-9024 Benchmark'!H39) | I49: =IF(I39="","",(I39-'cRIO-9024 Benchmark'!I39)/'cRIO-9024 Benchmark'!I39) | J49: =IF(D49="","",J39-((1/D8)*1000000)) -> -5.6643582 | K49: =IF(E49="","",K39-((1/E8)*1000000)) -> -26.372884 | L49: =IF(F49="","",L39-((1/F8)*1000000)) -> -122.40706 | M49: =IF(G49="","",M39-((1/'cRIO-9024 Benchmark'!G39)*1000000)) | N49: =IF(H49="","",N39-((1/'cRIO-9024 Benchmark'!H39)*1000000)) | O49: =IF(I49="","",O39-((1/'cRIO-9024 Benchmark'!I39)*1000000)) | Q49: T2b | R49: AI/PID/AO | S49: Interrupts | T49: =IF(D39="","",(D39-'cRIO-9024 Benchmark'!D8)/'cRIO-9024 Benchmark'!D8) -> -0.5264052 | U49: =IF(E39="","",(E39-'cRIO-9024 Benchmark'!E8)/'cRIO-9024 Benchmark'!E8) -> -0.26919005 | V49: =IF(F39="","",(F39-'cRIO-9024 Benchmark'!F8)/'cRIO-9024 Benchmark'!F8) -> 0.33549397 | W49: =IF(W39="","",(W39-'cRIO-9024 Benchmark'!W39)/'cRIO-9024 Benchmark'!W39) | X49: =IF(X39="","",(X39-'cRIO-9024 Benchmark'!X39)/'cRIO-9024 Benchmark'!X39) | Y49: =IF(Y39="","",(Y39-'cRIO-9024 Benchmark'!Y39)/'cRIO-9024 Benchmark'!Y39) | Z49: =IF(D39="","",J39-((1/'cRIO-9024 Benchmark'!D8)*1000000)) -> 53.951543 | AA49: =IF(E39="","",K39-((1/'cRIO-9024 Benchmark'!E8)*1000000)) -> 32.4991 | AB49: =IF(F39="","",L39-((1/'cRIO-9024 Benchmark'!F8)*1000000)) -> -56.149618 | AC49: =IF(W49="","",AC39-((1/'cRIO-9024 Benchmark'!W39)*1000000)) | AD49: =IF(X49="","",AD39-((1/'cRIO-9024 Benchmark'!X39)*1000000)) | AE49: =IF(Y49="","",AE39-((1/'cRIO-9024 Benchmark'!Y39)*1000000))
A50: T3 | B50: AI/AO/Local Logging | C50: Interrupts | D50: =IF(D40="","",(D40-D9)/D9) -> -0.023397075 | E50: =IF(E40="","",(E40-E9)/E9) -> 0.87804878 | F50: =IF(F40="","",(F40-F9)/F9) -> 0.57142857 | G50: =IF(G40="","",(G40-'cRIO-9024 Benchmark'!G40)/'cRIO-9024 Benchmark'!G40) | H50: =IF(H40="","",(H40-'cRIO-9024 Benchmark'!H40)/'cRIO-9024 Benchmark'!H40) | I50: =IF(I40="","",(I40-'cRIO-9024 Benchmark'!I40)/'cRIO-9024 Benchmark'!I40) | J50: =IF(D50="","",J40-((1/D9)*1000000)) -> 5.3897893 | K50: =IF(E50="","",K40-((1/E9)*1000000)) -> -120.03401 | L50: =IF(F50="","",L40-((1/F9)*1000000)) -> -106.45093 | M50: =IF(G50="","",M40-((1/'cRIO-9024 Benchmark'!G40)*1000000)) | N50: =IF(H50="","",N40-((1/'cRIO-9024 Benchmark'!H40)*1000000)) | O50: =IF(I50="","",O40-((1/'cRIO-9024 Benchmark'!I40)*1000000)) | Q50: T3 | R50: AI/AO/Local Logging | S50: Interrupts | T50: =IF(D40="","",(D40-'cRIO-9024 Benchmark'!D9)/'cRIO-9024 Benchmark'!D9) -> -0.75123209 | U50: =IF(E40="","",(E40-'cRIO-9024 Benchmark'!E9)/'cRIO-9024 Benchmark'!E9) -> -0.27538385 | V50: =IF(F40="","",(F40-'cRIO-9024 Benchmark'!F9)/'cRIO-9024 Benchmark'!F9) -> 0.29850024 | W50: =IF(W40="","",(W40-'cRIO-9024 Benchmark'!W40)/'cRIO-9024 Benchmark'!W40) | X50: =IF(X40="","",(X40-'cRIO-9024 Benchmark'!X40)/'cRIO-9024 Benchmark'!X40) | Y50: =IF(Y40="","",(Y40-'cRIO-9024 Benchmark'!Y40)/'cRIO-9024 Benchmark'!Y40) | Z50: =IF(D40="","",J40-((1/'cRIO-9024 Benchmark'!D9)*1000000)) -> 173.05508 | AA50: =IF(E40="","",K40-((1/'cRIO-9024 Benchmark'!E9)*1000000)) -> 37.64646 | AB50: =IF(F40="","",L40-((1/'cRIO-9024 Benchmark'!F9)*1000000)) -> -55.607348 | AC50: =IF(W50="","",AC40-((1/'cRIO-9024 Benchmark'!W40)*1000000)) | AD50: =IF(X50="","",AD40-((1/'cRIO-9024 Benchmark'!X40)*1000000)) | AE50: =IF(Y50="","",AE40-((1/'cRIO-9024 Benchmark'!Y40)*1000000))
A51: T4 | B51: AI/AO/Host Comm. | C51: Interrupts | D51: =IF(D41="","",(D41-D10)/D10) -> -0.033879291 | E51: =IF(E41="","",(E41-E10)/E10) -> 0.78624813 | F51: =IF(F41="","",(F41-F10)/F10) -> 0.64214652 | G51: =IF(G41="","",(G41-'cRIO-9024 Benchmark'!G41)/'cRIO-9024 Benchmark'!G41) | H51: =IF(H41="","",(H41-'cRIO-9024 Benchmark'!H41)/'cRIO-9024 Benchmark'!H41) | I51: =IF(I41="","",(I41-'cRIO-9024 Benchmark'!I41)/'cRIO-9024 Benchmark'!I41) | J51: =IF(D51="","",J41-((1/D10)*1000000)) -> 7.8679264 | K51: =IF(E51="","",K41-((1/E10)*1000000)) -> -109.65804 | L51: =IF(F51="","",L41-((1/F10)*1000000)) -> -117.88994 | M51: =IF(G51="","",M41-((1/'cRIO-9024 Benchmark'!G41)*1000000)) | N51: =IF(H51="","",N41-((1/'cRIO-9024 Benchmark'!H41)*1000000)) | O51: =IF(I51="","",O41-((1/'cRIO-9024 Benchmark'!I41)*1000000)) | Q51: T4 | R51: AI/AO/Host Comm. | S51: Interrupts | T51: =IF(D41="","",(D41-'cRIO-9024 Benchmark'!D10)/'cRIO-9024 Benchmark'!D10) -> -0.72308682 | U51: =IF(E41="","",(E41-'cRIO-9024 Benchmark'!E10)/'cRIO-9024 Benchmark'!E10) -> -0.25498753 | V51: =IF(F41="","",(F41-'cRIO-9024 Benchmark'!F10)/'cRIO-9024 Benchmark'!F10) -> 0.27953958 | W51: =IF(W41="","",(W41-'cRIO-9024 Benchmark'!W41)/'cRIO-9024 Benchmark'!W41) | X51: =IF(X41="","",(X41-'cRIO-9024 Benchmark'!X41)/'cRIO-9024 Benchmark'!X41) | Y51: =IF(Y41="","",(Y41-'cRIO-9024 Benchmark'!Y41)/'cRIO-9024 Benchmark'!Y41) | Z51: =IF(D41="","",J41-((1/'cRIO-9024 Benchmark'!D10)*1000000)) -> 167.92541 | AA51: =IF(E41="","",K41-((1/'cRIO-9024 Benchmark'!E10)*1000000)) -> 35.563115 | AB51: =IF(F41="","",L41-((1/'cRIO-9024 Benchmark'!F10)*1000000)) -> -51.319916 | AC51: =IF(W51="","",AC41-((1/'cRIO-9024 Benchmark'!W41)*1000000)) | AD51: =IF(X51="","",AD41-((1/'cRIO-9024 Benchmark'!X41)*1000000)) | AE51: =IF(Y51="","",AE41-((1/'cRIO-9024 Benchmark'!Y41)*1000000))
A52: Worst of 5 | D52: Improvement cause unknown..
A54: LV RT 2013 cRIO Single-Point Benchmark Results (Hz)
A55: cRIO-9068 (blue board), LV RT 2013, NI-RIO 13.0.0 (9205/9264) | Q55: Max Numbers
A56: Test | D56: Number of Channels, Rate (Hz) | J56: Number of Channels, Period (uS) | Q56: Test | T56: Number of Channels, Rate (Hz) | Z56: Number of Channels, Period (uS)
A57: Case | B57: Description | C57: I/O Mode | D57: 1 | E57: 4 | F57: 16 | G57: 32 | H57: 64 | I57: 80 | J57: 1 | K57: 4 | L57: 16 | M57: 32 | N57: 64 | O57: 80 | Q57: Case | R57: Description | S57: I/O Mode | T57: 1 | U57: 4 | V57: 16 | W57: 32 | X57: 64 | Y57: 80 | Z57: 1 | AA57: 4 | AB57: 16 | AC57: 32 | AD57: 64 | AE57: 80
A58: T1a | B58: AI / AO | C58: Polling | D58: 46662 | E58: 20867 | F58: 6003 | J58: =IF(D58="","",(1/D58)*1000000) -> 21.430715 | K58: =IF(E58="","",(1/E58)*1000000) -> 47.922557 | L58: =IF(F58="","",(1/F58)*1000000) -> 166.58337 | M58: =IF(G58="","",(1/G58)*1000000) | N58: =IF(H58="","",(1/H58)*1000000) | O58: =IF(I58="","",(1/I58)*1000000) | Q58: T1a | R58: AI / AO | S58: Polling | Z58: =IF(T58="","",(1/T58)*1000000) | AA58: =IF(U58="","",(1/U58)*1000000) | AB58: =IF(V58="","",(1/V58)*1000000) | AC58: =IF(W58="","",(1/W58)*1000000) | AD58: =IF(X58="","",(1/X58)*1000000) | AE58: =IF(Y58="","",(1/Y58)*1000000)
A59: T1b | B59: AI / AO | C59: Interrupts | D59: 10917 | E59: 8443 | F59: 4375 | J59: =IF(D59="","",(1/D59)*1000000) -> 91.600256 | K59: =IF(E59="","",(1/E59)*1000000) -> 118.44131 | L59: =IF(F59="","",(1/F59)*1000000) -> 228.57143 | M59: =IF(G59="","",(1/G59)*1000000) | N59: =IF(H59="","",(1/H59)*1000000) | O59: =IF(I59="","",(1/I59)*1000000) | Q59: T1b | R59: AI / AO | S59: Interrupts | Z59: =IF(T59="","",(1/T59)*1000000) | AA59: =IF(U59="","",(1/U59)*1000000) | AB59: =IF(V59="","",(1/V59)*1000000) | AC59: =IF(W59="","",(1/W59)*1000000) | AD59: =IF(X59="","",(1/X59)*1000000) | AE59: =IF(Y59="","",(1/Y59)*1000000)
A60: T2a | B60: AI/PID/AO | C60: Polling | D60: 39956 | E60: 16440 | F60: 5637 | J60: =IF(D60="","",(1/D60)*1000000) -> 25.02753 | K60: =IF(E60="","",(1/E60)*1000000) -> 60.827251 | L60: =IF(F60="","",(1/F60)*1000000) -> 177.39933 | M60: =IF(G60="","",(1/G60)*1000000) | N60: =IF(H60="","",(1/H60)*1000000) | O60: =IF(I60="","",(1/I60)*1000000) | Q60: T2a | R60: AI/PID/AO | S60: Polling | Z60: =IF(T60="","",(1/T60)*1000000) | AA60: =IF(U60="","",(1/U60)*1000000) | AB60: =IF(V60="","",(1/V60)*1000000) | AC60: =IF(W60="","",(1/W60)*1000000) | AD60: =IF(X60="","",(1/X60)*1000000) | AE60: =IF(Y60="","",(1/Y60)*1000000)
A61: T2b | B61: AI/PID/AO | C61: Interrupts | D61: 9234 | E61: 7537 | F61: 3895 | J61: =IF(D61="","",(1/D61)*1000000) -> 108.29543 | K61: =IF(E61="","",(1/E61)*1000000) -> 132.67878 | L61: =IF(F61="","",(1/F61)*1000000) -> 256.73941 | M61: =IF(G61="","",(1/G61)*1000000) | N61: =IF(H61="","",(1/H61)*1000000) | O61: =IF(I61="","",(1/I61)*1000000) | Q61: T2b | R61: AI/PID/AO | S61: Interrupts | Z61: =IF(T61="","",(1/T61)*1000000) | AA61: =IF(U61="","",(1/U61)*1000000) | AB61: =IF(V61="","",(1/V61)*1000000) | AC61: =IF(W61="","",(1/W61)*1000000) | AD61: =IF(X61="","",(1/X61)*1000000) | AE61: =IF(Y61="","",(1/Y61)*1000000)
A62: T3 | B62: AI/AO/Local Logging | C62: Interrupts | D62: 4390 | E62: 6675 | F62: 3502 | J62: =IF(D62="","",(1/D62)*1000000) -> 227.79043 | K62: =IF(E62="","",(1/E62)*1000000) -> 149.81273 | L62: =IF(F62="","",(1/F62)*1000000) -> 285.55111 | M62: =IF(G62="","",(1/G62)*1000000) | N62: =IF(H62="","",(1/H62)*1000000) | O62: =IF(I62="","",(1/I62)*1000000) | Q62: T3 | R62: AI/AO/Local Logging | S62: Interrupts | Z62: =IF(T62="","",(1/T62)*1000000) | AA62: =IF(U62="","",(1/U62)*1000000) | AB62: =IF(V62="","",(1/V62)*1000000) | AC62: =IF(W62="","",(1/W62)*1000000) | AD62: =IF(X62="","",(1/X62)*1000000) | AE62: =IF(Y62="","",(1/Y62)*1000000)
A63: T4 | B63: AI/AO/Host Comm. | C63: Interrupts | D63: 4427 | E63: 5740 | F63: 3635 | J63: =IF(D63="","",(1/D63)*1000000) -> 225.8866 | K63: =IF(E63="","",(1/E63)*1000000) -> 174.21603 | L63: =IF(F63="","",(1/F63)*1000000) -> 275.10316 | M63: =IF(G63="","",(1/G63)*1000000) | N63: =IF(H63="","",(1/H63)*1000000) | O63: =IF(I63="","",(1/I63)*1000000) | Q63: T4 | R63: AI/AO/Host Comm. | S63: Interrupts | Z63: =IF(T63="","",(1/T63)*1000000) | AA63: =IF(U63="","",(1/U63)*1000000) | AB63: =IF(V63="","",(1/V63)*1000000) | AC63: =IF(W63="","",(1/W63)*1000000) | AD63: =IF(X63="","",(1/X63)*1000000) | AE63: =IF(Y63="","",(1/Y63)*1000000)
A65: LV RT 2013 cRIO Single-Point Benchmark Results (Hz)
A66: cRIO-9068 (blue board), LV RT 2013.1d58, NI-RIO 13.1.0 (9205/9264)
A67: Test | D67: Number of Channels, Rate (Hz) | J67: Number of Channels, Period (uS)
A68: Case | B68: Description | C68: I/O Mode | D68: 1 | E68: 4 | F68: 16 | G68: 32 | H68: 64 | I68: 80 | J68: 1 | K68: 4 | L68: 16 | M68: 32 | N68: 64 | O68: 80
A69: T1a | B69: AI / AO | C69: Polling | D69: 44589 | E69: 18777 | F69: 6473 | J69: =IF(D69="","",(1/D69)*1000000) -> 22.427056 | K69: =IF(E69="","",(1/E69)*1000000) -> 53.256644 | L69: =IF(F69="","",(1/F69)*1000000) -> 154.48787 | M69: =IF(G69="","",(1/G69)*1000000) | N69: =IF(H69="","",(1/H69)*1000000) | O69: =IF(I69="","",(1/I69)*1000000)
A70: T1b | B70: AI / AO | C70: Interrupts | D70: 10658 | E70: 8214 | F70: 4275 | J70: =IF(D70="","",(1/D70)*1000000) -> 93.826234 | K70: =IF(E70="","",(1/E70)*1000000) -> 121.74336 | L70: =IF(F70="","",(1/F70)*1000000) -> 233.91813 | M70: =IF(G70="","",(1/G70)*1000000) | N70: =IF(H70="","",(1/H70)*1000000) | O70: =IF(I70="","",(1/I70)*1000000)
A71: T2a | B71: AI/PID/AO | C71: Polling | D71: 26417 | E71: 16486 | F71: 5656 | J71: =IF(D71="","",(1/D71)*1000000) -> 37.854412 | K71: =IF(E71="","",(1/E71)*1000000) -> 60.657528 | L71: =IF(F71="","",(1/F71)*1000000) -> 176.80339 | M71: =IF(G71="","",(1/G71)*1000000) | N71: =IF(H71="","",(1/H71)*1000000) | O71: =IF(I71="","",(1/I71)*1000000) | P71: 1ch outlier, next lowest was 39756
A72: T2b | B72: AI/PID/AO | C72: Interrupts | D72: 9860 | E72: 7468 | F72: 3691 | J72: =IF(D72="","",(1/D72)*1000000) -> 101.41988 | K72: =IF(E72="","",(1/E72)*1000000) -> 133.90466 | L72: =IF(F72="","",(1/F72)*1000000) -> 270.92929 | M72: =IF(G72="","",(1/G72)*1000000) | N72: =IF(H72="","",(1/H72)*1000000) | O72: =IF(I72="","",(1/I72)*1000000)
A73: T3 | B73: AI/AO/Local Logging | C73: Interrupts | J73: =IF(D73="","",(1/D73)*1000000) | K73: =IF(E73="","",(1/E73)*1000000) | L73: =IF(F73="","",(1/F73)*1000000) | M73: =IF(G73="","",(1/G73)*1000000) | N73: =IF(H73="","",(1/H73)*1000000) | O73: =IF(I73="","",(1/I73)*1000000)
A74: T4 | B74: AI/AO/Host Comm. | C74: Interrupts | J74: =IF(D74="","",(1/D74)*1000000) | K74: =IF(E74="","",(1/E74)*1000000) | L74: =IF(F74="","",(1/F74)*1000000) | M74: =IF(G74="","",(1/G74)*1000000) | N74: =IF(H74="","",(1/H74)*1000000) | O74: =IF(I74="","",(1/I74)*1000000)
A75: http://us-aus-rtweb1.natinst.com:81/run/527c14403130616000000001/

Sheet 2014
A1: LV RT 2014 cRIO Single-Point Benchmark Results (Hz)
A2: cRIO-9068, LV RT 2014b22, NI-RIO 14.0.0d228 (9205/9264)
A3: Test | D3: Number of Channels, Rate (Hz) | J3: Number of Channels, Period (uS)
A4: Acronym | B4: Description | C4: I/O Mode | D4: 1 | E4: 4 | F4: 16 | G4: 32 | H4: 64 | I4: 80 | J4: 1 | K4: 4 | L4: 16 | M4: 32 | N4: 64 | O4: 80
A5: T1a | B5: AI / AO | C5: Polling | D5: 46575 | E5: 20232 | F5: 6431 | J5: =IF(D5="","",(1/D5)*1000000) -> 21.470746 | K5: =IF(E5="","",(1/E5)*1000000) -> 49.426651 | L5: =IF(F5="","",(1/F5)*1000000) -> 155.49681 | M5: =IF(G5="","",(1/G5)*1000000) | N5: =IF(H5="","",(1/H5)*1000000) | O5: =IF(I5="","",(1/I5)*1000000)
A6: T1b | B6: AI / AO | C6: Interrupts | D6: 10553 | E6: 8241 | F6: 4245 | J6: =IF(D6="","",(1/D6)*1000000) -> 94.759784 | K6: =IF(E6="","",(1/E6)*1000000) -> 121.3445 | L6: =IF(F6="","",(1/F6)*1000000) -> 235.57126 | M6: =IF(G6="","",(1/G6)*1000000) | N6: =IF(H6="","",(1/H6)*1000000) | O6: =IF(I6="","",(1/I6)*1000000)
A7: T2a | B7: AI/PID/AO | C7: Polling | D7: 41595 | E7: 17542 | F7: 5618 | J7: =IF(D7="","",(1/D7)*1000000) -> 24.041351 | K7: =IF(E7="","",(1/E7)*1000000) -> 57.006043 | L7: =IF(F7="","",(1/F7)*1000000) -> 177.99929 | M7: =IF(G7="","",(1/G7)*1000000) | N7: =IF(H7="","",(1/H7)*1000000) | O7: =IF(I7="","",(1/I7)*1000000)
A8: T2b | B8: AI/PID/AO | C8: Interrupts | D8: 10234 | E8: 7675 | F8: 3981 | J8: =IF(D8="","",(1/D8)*1000000) -> 97.713504 | K8: =IF(E8="","",(1/E8)*1000000) -> 130.29316 | L8: =IF(F8="","",(1/F8)*1000000) -> 251.19317 | M8: =IF(G8="","",(1/G8)*1000000) | N8: =IF(H8="","",(1/H8)*1000000) | O8: =IF(I8="","",(1/I8)*1000000)
A9: T3 | B9: AI/AO/Local Logging | C9: Interrupts | D9: 4413 | E9: 7911 | F9: 4267 | J9: =IF(D9="","",(1/D9)*1000000) -> 226.60322 | K9: =IF(E9="","",(1/E9)*1000000) -> 126.40627 | L9: =IF(F9="","",(1/F9)*1000000) -> 234.35669 | M9: =IF(G9="","",(1/G9)*1000000) | N9: =IF(H9="","",(1/H9)*1000000) | O9: =IF(I9="","",(1/I9)*1000000)
A10: T4 | B10: AI/AO/Host Comm. | C10: Interrupts | D10: 4469 | E10: 7299 | F10: 4200 | J10: =IF(D10="","",(1/D10)*1000000) -> 223.76371 | K10: =IF(E10="","",(1/E10)*1000000) -> 137.00507 | L10: =IF(F10="","",(1/F10)*1000000) -> 238.09524 | M10: =IF(G10="","",(1/G10)*1000000) | N10: =IF(H10="","",(1/H10)*1000000) | O10: =IF(I10="","",(1/I10)*1000000)
A11: http://us-aus-rtweb1.natinst.com/Reports/RT/2014/performance/rtlinux/rtperf-9068/sp_online_poll/2014-02-13_13-37-38/HTML/2014-02-13_13-44-05_SinglePointBenchmarks_ATS.html
A12: Result Improvement vs. 2013 (% & uS)
A13: Test | D13: Number of Channels (%) | J13: Number of Channels, Difference in Period (uS)
A14: Acronym | B14: Description | C14: I/O Mode | D14: 1 | E14: 4 | F14: 16 | G14: 32 | H14: 64 | I14: 80 | J14: 1 | K14: 4 | L14: 16 | M14: 32 | N14: 64 | O14: 80
A15: T1a | B15: AI / AO | C15: Polling | D15: =IF(D5="","",(D5-'Proto 2013'!D58)/'Proto 2013'!D58) -> -0.0018644722 | E15: =IF(E5="","",(E5-'Proto 2013'!E58)/'Proto 2013'!E58) -> -0.030430824 | F15: =IF(F5="","",(F5-'Proto 2013'!F58)/'Proto 2013'!F58) -> 0.071297684 | G15: =IF(G5="","",(G5-'Proto 2013'!G58)/'Proto 2013'!G58) | H15: =IF(H5="","",(H5-'Proto 2013'!H58)/'Proto 2013'!H58) | I15: =IF(I5="","",(I5-'Proto 2013'!I58)/'Proto 2013'!I58) | J15: =IF(D15="","",J5-((1/'Proto 2013'!D58)*1000000)) -> 0.040031608 | K15: =IF(E15="","",K5-((1/'Proto 2013'!E58)*1000000)) -> 1.5040937 | L15: =IF(F15="","",L5-((1/'Proto 2013'!F58)*1000000)) -> -11.086563 | M15: =IF(G15="","",M5-((1/'Proto 2013'!G58)*1000000)) | N15: =IF(H15="","",N5-((1/'Proto 2013'!H58)*1000000)) | O15: =IF(I15="","",O5-((1/'Proto 2013'!I58)*1000000))
A16: T1b | B16: AI / AO | C16: Interrupts | D16: =IF(D6="","",(D6-'Proto 2013'!D59)/'Proto 2013'!D59) -> -0.033342493 | E16: =IF(E6="","",(E6-'Proto 2013'!E59)/'Proto 2013'!E59) -> -0.023925145 | F16: =IF(F6="","",(F6-'Proto 2013'!F59)/'Proto 2013'!F59) -> -0.029714286 | G16: =IF(G6="","",(G6-'Proto 2013'!G59)/'Proto 2013'!G59) | H16: =IF(H6="","",(H6-'Proto 2013'!H59)/'Proto 2013'!H59) | I16: =IF(I6="","",(I6-'Proto 2013'!I59)/'Proto 2013'!I59) | J16: =IF(D16="","",J6-((1/'Proto 2013'!D59)*1000000)) -> 3.1595275 | K16: =IF(E16="","",K6-((1/'Proto 2013'!E59)*1000000)) -> 2.9031847 | L16: =IF(F16="","",L6-((1/'Proto 2013'!F59)*1000000)) -> 6.9998317 | M16: =IF(G16="","",M6-((1/'Proto 2013'!G59)*1000000)) | N16: =IF(H16="","",N6-((1/'Proto 2013'!H59)*1000000)) | O16: =IF(I16="","",O6-((1/'Proto 2013'!I59)*1000000))
A17: T2a | B17: AI/PID/AO | C17: Polling | D17: =IF(D7="","",(D7-'Proto 2013'!D60)/'Proto 2013'!D60) -> 0.041020122 | E17: =IF(E7="","",(E7-'Proto 2013'!E60)/'Proto 2013'!E60) -> 0.06703163 | F17: =IF(F7="","",(F7-'Proto 2013'!F60)/'Proto 2013'!F60) -> -0.0033705872 | G17: =IF(G7="","",(G7-'Proto 2013'!G60)/'Proto 2013'!G60) | H17: =IF(H7="","",(H7-'Proto 2013'!H60)/'Proto 2013'!H60) | I17: =IF(I7="","",(I7-'Proto 2013'!I60)/'Proto 2013'!I60) | J17: =IF(D17="","",J7-((1/'Proto 2013'!D60)*1000000)) -> -0.98617916 | K17: =IF(E17="","",K7-((1/'Proto 2013'!E60)*1000000)) -> -3.821208 | L17: =IF(F17="","",L7-((1/'Proto 2013'!F60)*1000000)) -> 0.59996212 | M17: =IF(G17="","",M7-((1/'Proto 2013'!G60)*1000000)) | N17: =IF(H17="","",N7-((1/'Proto 2013'!H60)*1000000)) | O17: =IF(I17="","",O7-((1/'Proto 2013'!I60)*1000000))
A18: T2b | B18: AI/PID/AO | C18: Interrupts | D18: =IF(D8="","",(D8-'Proto 2013'!D61)/'Proto 2013'!D61) -> 0.10829543 | E18: =IF(E8="","",(E8-'Proto 2013'!E61)/'Proto 2013'!E61) -> 0.018309672 | F18: =IF(F8="","",(F8-'Proto 2013'!F61)/'Proto 2013'!F61) -> 0.022079589 | G18: =IF(G8="","",(G8-'Proto 2013'!G61)/'Proto 2013'!G61) | H18: =IF(H8="","",(H8-'Proto 2013'!H61)/'Proto 2013'!H61) | I18: =IF(I8="","",(I8-'Proto 2013'!I61)/'Proto 2013'!I61) | J18: =IF(D18="","",J8-((1/'Proto 2013'!D61)*1000000)) -> -10.581926 | K18: =IF(E18="","",K8-((1/'Proto 2013'!E61)*1000000)) -> -2.3856251 | L18: =IF(F18="","",L8-((1/'Proto 2013'!F61)*1000000)) -> -5.546242 | M18: =IF(G18="","",M8-((1/'Proto 2013'!G61)*1000000)) | N18: =IF(H18="","",N8-((1/'Proto 2013'!H61)*1000000)) | O18: =IF(I18="","",O8-((1/'Proto 2013'!I61)*1000000))
A19: T3 | B19: AI/AO/Local Logging | C19: Interrupts | D19: =IF(D9="","",(D9-'Proto 2013'!D62)/'Proto 2013'!D62) -> 0.00523918 | E19: =IF(E9="","",(E9-'Proto 2013'!E62)/'Proto 2013'!E62) -> 0.18516854 | F19: =IF(F9="","",(F9-'Proto 2013'!F62)/'Proto 2013'!F62) -> 0.2184466 | G19: =IF(G9="","",(G9-'Proto 2013'!G62)/'Proto 2013'!G62) | H19: =IF(H9="","",(H9-'Proto 2013'!H62)/'Proto 2013'!H62) | I19: =IF(I9="","",(I9-'Proto 2013'!I62)/'Proto 2013'!I62) | J19: =IF(D19="","",J9-((1/'Proto 2013'!D62)*1000000)) -> -1.187215 | K19: =IF(E19="","",K9-((1/'Proto 2013'!E62)*1000000)) -> -23.406464 | L19: =IF(F19="","",L9-((1/'Proto 2013'!F62)*1000000)) -> -51.194423 | M19: =IF(G19="","",M9-((1/'Proto 2013'!G62)*1000000)) | N19: =IF(H19="","",N9-((1/'Proto 2013'!H62)*1000000)) | O19: =IF(I19="","",O9-((1/'Proto 2013'!I62)*1000000))
A20: T4 | B20: AI/AO/Host Comm. | C20: Interrupts | D20: =IF(D10="","",(D10-'Proto 2013'!D63)/'Proto 2013'!D63) -> 0.0094872374 | E20: =IF(E10="","",(E10-'Proto 2013'!E63)/'Proto 2013'!E63) -> 0.27160279 | F20: =IF(F10="","",(F10-'Proto 2013'!F63)/'Proto 2013'!F63) -> 0.15543329 | G20: =IF(G10="","",(G10-'Proto 2013'!G63)/'Proto 2013'!G63) | H20: =IF(H10="","",(H10-'Proto 2013'!H63)/'Proto 2013'!H63) | I20: =IF(I10="","",(I10-'Proto 2013'!I63)/'Proto 2013'!I63) | J20: =IF(D20="","",J10-((1/'Proto 2013'!D63)*1000000)) -> -2.1228994 | K20: =IF(E20="","",K10-((1/'Proto 2013'!E63)*1000000)) -> -37.210959 | L20: =IF(F20="","",L10-((1/'Proto 2013'!F63)*1000000)) -> -37.007926 | M20: =IF(G20="","",M10-((1/'Proto 2013'!G63)*1000000)) | N20: =IF(H20="","",N10-((1/'Proto 2013'!H63)*1000000)) | O20: =IF(I20="","",O10-((1/'Proto 2013'!I63)*1000000))
A23: LV RT 2014 cRIO Single-Point Benchmark Results (Hz)
A24: cRIO-9068, LV RT 2014b142, NI-RIO 14.0.0d311 (9205/9264)
A25: Test | D25: Number of Channels, Rate (Hz) | J25: Number of Channels, Period (uS)
A26: Acronym | B26: Description | C26: I/O Mode | D26: 1 | E26: 4 | F26: 16 | G26: 32 | H26: 64 | I26: 80 | J26: 1 | K26: 4 | L26: 16 | M26: 32 | N26: 64 | O26: 80
A27: T1a | B27: AI / AO | C27: Polling | D27: 38628 | E27: 20232 | F27: 6399 | J27: =IF(D27="","",(1/D27)*1000000) -> 25.887957 | K27: =IF(E27="","",(1/E27)*1000000) -> 49.426651 | L27: =IF(F27="","",(1/F27)*1000000) -> 156.27442 | M27: =IF(G27="","",(1/G27)*1000000) | N27: =IF(H27="","",(1/H27)*1000000) | O27: =IF(I27="","",(1/I27)*1000000) | P27: 1ch next lowest 46847, we saw similar outliers in 2013
A28: T1b | B28: AI / AO | C28: Interrupts | D28: 10563 | E28: 8295 | F28: 4404 | J28: =IF(D28="","",(1/D28)*1000000) -> 94.670075 | K28: =IF(E28="","",(1/E28)*1000000) -> 120.55455 | L28: =IF(F28="","",(1/F28)*1000000) -> 227.0663 | M28: =IF(G28="","",(1/G28)*1000000) | N28: =IF(H28="","",(1/H28)*1000000) | O28: =IF(I28="","",(1/I28)*1000000)
A29: T2a | B29: AI/PID/AO | C29: Polling | D29: 39959 | E29: 17685 | F29: 5776 | J29: =IF(D29="","",(1/D29)*1000000) -> 25.025651 | K29: =IF(E29="","",(1/E29)*1000000) -> 56.545095 | L29: =IF(F29="","",(1/F29)*1000000) -> 173.13019 | M29: =IF(G29="","",(1/G29)*1000000) | N29: =IF(H29="","",(1/H29)*1000000) | O29: =IF(I29="","",(1/I29)*1000000)
A30: T2b | B30: AI/PID/AO | C30: Interrupts | D30: 10541 | E30: 7468 | F30: 3995 | J30: =IF(D30="","",(1/D30)*1000000) -> 94.86766 | K30: =IF(E30="","",(1/E30)*1000000) -> 133.90466 | L30: =IF(F30="","",(1/F30)*1000000) -> 250.31289 | M30: =IF(G30="","",(1/G30)*1000000) | N30: =IF(H30="","",(1/H30)*1000000) | O30: =IF(I30="","",(1/I30)*1000000)
A31: T3 | B31: AI/AO/Local Logging | C31: Interrupts | D31: 4463 | E31: 7667 | F31: 4162 | J31: =IF(D31="","",(1/D31)*1000000) -> 224.06453 | K31: =IF(E31="","",(1/E31)*1000000) -> 130.42911 | L31: =IF(F31="","",(1/F31)*1000000) -> 240.2691 | M31: =IF(G31="","",(1/G31)*1000000) | N31: =IF(H31="","",(1/H31)*1000000) | O31: =IF(I31="","",(1/I31)*1000000)
A32: T4 | B32: AI/AO/Host Comm. | C32: Interrupts | D32: 4468 | E32: 5932 | F32: 4162 | J32: =IF(D32="","",(1/D32)*1000000) -> 223.81379 | K32: =IF(E32="","",(1/E32)*1000000) -> 168.57721 | L32: =IF(F32="","",(1/F32)*1000000) -> 240.2691 | M32: =IF(G32="","",(1/G32)*1000000) | N32: =IF(H32="","",(1/H32)*1000000) | O32: =IF(I32="","",(1/I32)*1000000)
A33: http://us-aus-rtweb1.natinst.com/Reports/RT/2014/performance/rtlinux/rtperf-9068/sp_online_poll/2014-05-08_16-49-43/
A34: Result Improvement vs. 2013 (% & uS)
A35: Test | D35: Number of Channels (%) | J35: Number of Channels, Difference in Period (uS)
A36: Acronym | B36: Description | C36: I/O Mode | D36: 1 | E36: 4 | F36: 16 | G36: 32 | H36: 64 | I36: 80 | J36: 1 | K36: 4 | L36: 16 | M36: 32 | N36: 64 | O36: 80
A37: T1a | B37: AI / AO | C37: Polling | D37: =IF(D27="","",(D27-'Proto 2013'!D58)/'Proto 2013'!D58) -> -0.17217436 | E37: =IF(E27="","",(E27-'Proto 2013'!E58)/'Proto 2013'!E58) -> -0.030430824 | F37: =IF(F27="","",(F27-'Proto 2013'!F58)/'Proto 2013'!F58) -> 0.065967016 | G37: =IF(G27="","",(G27-'Proto 2013'!G58)/'Proto 2013'!G58) | H37: =IF(H27="","",(H27-'Proto 2013'!H58)/'Proto 2013'!H58) | I37: =IF(I27="","",(I27-'Proto 2013'!I58)/'Proto 2013'!I58) | J37: =IF(D37="","",J27-((1/'Proto 2013'!D58)*1000000)) -> 4.4572424 | K37: =IF(E37="","",K27-((1/'Proto 2013'!E58)*1000000)) -> 1.5040937 | L37: =IF(F37="","",L27-((1/'Proto 2013'!F58)*1000000)) -> -10.308957 | M37: =IF(G37="","",M27-((1/'Proto 2013'!G58)*1000000)) | N37: =IF(H37="","",N27-((1/'Proto 2013'!H58)*1000000)) | O37: =IF(I37="","",O27-((1/'Proto 2013'!I58)*1000000))
A38: T1b | B38: AI / AO | C38: Interrupts | D38: =IF(D28="","",(D28-'Proto 2013'!D59)/'Proto 2013'!D59) -> -0.032426491 | E38: =IF(E28="","",(E28-'Proto 2013'!E59)/'Proto 2013'!E59) -> -0.017529314 | F38: =IF(F28="","",(F28-'Proto 2013'!F59)/'Proto 2013'!F59) -> 0.0066285714 | G38: =IF(G28="","",(G28-'Proto 2013'!G59)/'Proto 2013'!G59) | H38: =IF(H28="","",(H28-'Proto 2013'!H59)/'Proto 2013'!H59) | I38: =IF(I28="","",(I28-'Proto 2013'!I59)/'Proto 2013'!I59) | J38: =IF(D38="","",J28-((1/'Proto 2013'!D59)*1000000)) -> 3.0698183 | K38: =IF(E38="","",K28-((1/'Proto 2013'!E59)*1000000)) -> 2.1132386 | L38: =IF(F38="","",L28-((1/'Proto 2013'!F59)*1000000)) -> -1.5051252 | M38: =IF(G38="","",M28-((1/'Proto 2013'!G59)*1000000)) | N38: =IF(H38="","",N28-((1/'Proto 2013'!H59)*1000000)) | O38: =IF(I38="","",O28-((1/'Proto 2013'!I59)*1000000))
A39: T2a | B39: AI/PID/AO | C39: Polling | D39: =IF(D29="","",(D29-'Proto 2013'!D60)/'Proto 2013'!D60) -> 7.5082591e-05 | E39: =IF(E29="","",(E29-'Proto 2013'!E60)/'Proto 2013'!E60) -> 0.075729927 | F39: =IF(F29="","",(F29-'Proto 2013'!F60)/'Proto 2013'!F60) -> 0.024658506 | G39: =IF(G29="","",(G29-'Proto 2013'!G60)/'Proto 2013'!G60) | H39: =IF(H29="","",(H29-'Proto 2013'!H60)/'Proto 2013'!H60) | I39: =IF(I29="","",(I29-'Proto 2013'!I60)/'Proto 2013'!I60) | J39: =IF(D39="","",J29-((1/'Proto 2013'!D60)*1000000)) -> -0.0018789907 | K39: =IF(E39="","",K29-((1/'Proto 2013'!E60)*1000000)) -> -4.2821559 | L39: =IF(F39="","",L29-((1/'Proto 2013'!F60)*1000000)) -> -4.269132 | M39: =IF(G39="","",M29-((1/'Proto 2013'!G60)*1000000)) | N39: =IF(H39="","",N29-((1/'Proto 2013'!H60)*1000000)) | O39: =IF(I39="","",O29-((1/'Proto 2013'!I60)*1000000))
A40: T2b | B40: AI/PID/AO | C40: Interrupts | D40: =IF(D30="","",(D30-'Proto 2013'!D61)/'Proto 2013'!D61) -> 0.14154213 | E40: =IF(E30="","",(E30-'Proto 2013'!E61)/'Proto 2013'!E61) -> -0.0091548361 | F40: =IF(F30="","",(F30-'Proto 2013'!F61)/'Proto 2013'!F61) -> 0.025673941 | G40: =IF(G30="","",(G30-'Proto 2013'!G61)/'Proto 2013'!G61) | H40: =IF(H30="","",(H30-'Proto 2013'!H61)/'Proto 2013'!H61) | I40: =IF(I30="","",(I30-'Proto 2013'!I61)/'Proto 2013'!I61) | J40: =IF(D40="","",J30-((1/'Proto 2013'!D61)*1000000)) -> -13.42777 | K40: =IF(E40="","",K30-((1/'Proto 2013'!E61)*1000000)) -> 1.2258752 | L40: =IF(F40="","",L30-((1/'Proto 2013'!F61)*1000000)) -> -6.4265184 | M40: =IF(G40="","",M30-((1/'Proto 2013'!G61)*1000000)) | N40: =IF(H40="","",N30-((1/'Proto 2013'!H61)*1000000)) | O40: =IF(I40="","",O30-((1/'Proto 2013'!I61)*1000000))
A41: T3 | B41: AI/AO/Local Logging | C41: Interrupts | D41: =IF(D31="","",(D31-'Proto 2013'!D62)/'Proto 2013'!D62) -> 0.016628702 | E41: =IF(E31="","",(E31-'Proto 2013'!E62)/'Proto 2013'!E62) -> 0.14861423 | F41: =IF(F31="","",(F31-'Proto 2013'!F62)/'Proto 2013'!F62) -> 0.18846374 | G41: =IF(G31="","",(G31-'Proto 2013'!G62)/'Proto 2013'!G62) | H41: =IF(H31="","",(H31-'Proto 2013'!H62)/'Proto 2013'!H62) | I41: =IF(I31="","",(I31-'Proto 2013'!I62)/'Proto 2013'!I62) | J41: =IF(D41="","",J31-((1/'Proto 2013'!D62)*1000000)) -> -3.7259022 | K41: =IF(E41="","",K31-((1/'Proto 2013'!E62)*1000000)) -> -19.383622 | L41: =IF(F41="","",L31-((1/'Proto 2013'!F62)*1000000)) -> -45.282012 | M41: =IF(G41="","",M31-((1/'Proto 2013'!G62)*1000000)) | N41: =IF(H41="","",N31-((1/'Proto 2013'!H62)*1000000)) | O41: =IF(I41="","",O31-((1/'Proto 2013'!I62)*1000000))
A42: T4 | B42: AI/AO/Host Comm. | C42: Interrupts | D42: =IF(D32="","",(D32-'Proto 2013'!D63)/'Proto 2013'!D63) -> 0.0092613508 | E42: =IF(E32="","",(E32-'Proto 2013'!E63)/'Proto 2013'!E63) -> 0.033449477 | F42: =IF(F32="","",(F32-'Proto 2013'!F63)/'Proto 2013'!F63) -> 0.14497937 | G42: =IF(G32="","",(G32-'Proto 2013'!G63)/'Proto 2013'!G63) | H42: =IF(H32="","",(H32-'Proto 2013'!H63)/'Proto 2013'!H63) | I42: =IF(I32="","",(I32-'Proto 2013'!I63)/'Proto 2013'!I63) | J42: =IF(D42="","",J32-((1/'Proto 2013'!D63)*1000000)) -> -2.072818 | K42: =IF(E42="","",K32-((1/'Proto 2013'!E63)*1000000)) -> -5.6388195 | L42: =IF(F42="","",L32-((1/'Proto 2013'!F63)*1000000)) -> -34.834062 | M42: =IF(G42="","",M32-((1/'Proto 2013'!G63)*1000000)) | N42: =IF(H42="","",N32-((1/'Proto 2013'!H63)*1000000)) | O42: =IF(I42="","",O32-((1/'Proto 2013'!I63)*1000000))
A44: LV RT 2014 SP1 cRIO Single-Point Benchmark Results (Hz)
A45: cRIO-9068, LV RT 2014 SP1 d157, NI-RIO 14.5.0
A46: Test | D46: Number of Channels, Rate (Hz) | J46: Number of Channels, Period (uS)
A47: Acronym | B47: Description | C47: I/O Mode | D47: 1 | E47: 4 | F47: 16 | G47: 32 | H47: 64 | I47: 80 | J47: 1 | K47: 4 | L47: 16 | M47: 32 | N47: 64 | O47: 80
A48: T1a | B48: AI / AO | C48: Polling | D48: 44744 | E48: 21162 | F48: 6460 | J48: =IF(D48="","",(1/D48)*1000000) -> 22.349365 | K48: =IF(E48="","",(1/E48)*1000000) -> 47.254513 | L48: =IF(F48="","",(1/F48)*1000000) -> 154.79876 | M48: =IF(G48="","",(1/G48)*1000000) | N48: =IF(H48="","",(1/H48)*1000000) | O48: =IF(I48="","",(1/I48)*1000000)
A49: T1b | B49: AI / AO | C49: Interrupts | D49: 10458 | E49: 8375 | F49: 4338 | J49: =IF(D49="","",(1/D49)*1000000) -> 95.620578 | K49: =IF(E49="","",(1/E49)*1000000) -> 119.40299 | L49: =IF(F49="","",(1/F49)*1000000) -> 230.52098 | M49: =IF(G49="","",(1/G49)*1000000) | N49: =IF(H49="","",(1/H49)*1000000) | O49: =IF(I49="","",(1/I49)*1000000)
A50: T2a | B50: AI/PID/AO | C50: Polling | D50: 39956 | E50: 17226 | F50: 5616 | J50: =IF(D50="","",(1/D50)*1000000) -> 25.02753 | K50: =IF(E50="","",(1/E50)*1000000) -> 58.051782 | L50: =IF(F50="","",(1/F50)*1000000) -> 178.06268 | M50: =IF(G50="","",(1/G50)*1000000) | N50: =IF(H50="","",(1/H50)*1000000) | O50: =IF(I50="","",(1/I50)*1000000)
A51: T2b | B51: AI/PID/AO | C51: Interrupts | D51: 10279 | E51: 7468 | F51: 3983 | J51: =IF(D51="","",(1/D51)*1000000) -> 97.285728 | K51: =IF(E51="","",(1/E51)*1000000) -> 133.90466 | L51: =IF(F51="","",(1/F51)*1000000) -> 251.06703 | M51: =IF(G51="","",(1/G51)*1000000) | N51: =IF(H51="","",(1/H51)*1000000) | O51: =IF(I51="","",(1/I51)*1000000)
A52: T3 | B52: AI/AO/Local Logging | C52: Interrupts | D52: 4429 | E52: 7695 | F52: 4141 | J52: =IF(D52="","",(1/D52)*1000000) -> 225.7846 | K52: =IF(E52="","",(1/E52)*1000000) -> 129.95452 | L52: =IF(F52="","",(1/F52)*1000000) -> 241.48756 | M52: =IF(G52="","",(1/G52)*1000000) | N52: =IF(H52="","",(1/H52)*1000000) | O52: =IF(I52="","",(1/I52)*1000000)
A53: T4 | B53: AI/AO/Host Comm. | C53: Interrupts | D53: 4383 | E53: 5120 | F53: 4082 | J53: =IF(D53="","",(1/D53)*1000000) -> 228.15423 | K53: =IF(E53="","",(1/E53)*1000000) -> 195.3125 | L53: =IF(F53="","",(1/F53)*1000000) -> 244.97795 | M53: =IF(G53="","",(1/G53)*1000000) | N53: =IF(H53="","",(1/H53)*1000000) | O53: =IF(I53="","",(1/I53)*1000000)
A54: http://us-aus-rtweb1.natinst.com/Reports/RT/2014/performance/rtlinux/rtperf-9068/sp_online_poll/2014-11-11_17-00-08/
A55: Result Improvement vs. 2014 (% & uS)
A56: Test | D56: Number of Channels (%) | J56: Number of Channels, Difference in Period (uS)
A57: Acronym | B57: Description | C57: I/O Mode | D57: 1 | E57: 4 | F57: 16 | G57: 32 | H57: 64 | I57: 80 | J57: 1 | K57: 4 | L57: 16 | M57: 32 | N57: 64 | O57: 80
A58: T1a | B58: AI / AO | C58: Polling | D58: =IF(D48="","",(D48-D27)/D27) -> 0.15833074 | E58: =IF(E48="","",(E48-E27)/E27) -> 0.045966785 | F58: =IF(F48="","",(F48-F27)/F27) -> 0.0095327395 | G58: =IF(G48="","",(G48-'Proto 2013'!G79)/'Proto 2013'!G79) | H58: =IF(H48="","",(H48-'Proto 2013'!H79)/'Proto 2013'!H79) | I58: =IF(I48="","",(I48-'Proto 2013'!I79)/'Proto 2013'!I79) | J58: =J48-J27 -> -3.5385916 | K58: =K48-K27 -> -2.172138 | L58: =L48-L27 -> -1.4756563 | M58: =IF(G58="","",M48-((1/'Proto 2013'!G79)*1000000)) | N58: =IF(H58="","",N48-((1/'Proto 2013'!H79)*1000000)) | O58: =IF(I58="","",O48-((1/'Proto 2013'!I79)*1000000))
A59: T1b | B59: AI / AO | C59: Interrupts | D59: =IF(D49="","",(D49-D28)/D28) -> -0.0099403579 | E59: =IF(E49="","",(E49-E28)/E28) -> 0.0096443641 | F59: =IF(F49="","",(F49-F28)/F28) -> -0.014986376 | G59: =IF(G49="","",(G49-'Proto 2013'!G80)/'Proto 2013'!G80) | H59: =IF(H49="","",(H49-'Proto 2013'!H80)/'Proto 2013'!H80) | I59: =IF(I49="","",(I49-'Proto 2013'!I80)/'Proto 2013'!I80) | J59: =J49-J28 -> 0.95050276 | K59: =K49-K28 -> -1.1515659 | L59: =L49-L28 -> 3.454674 | M59: =IF(G59="","",M49-((1/'Proto 2013'!G80)*1000000)) | N59: =IF(H59="","",N49-((1/'Proto 2013'!H80)*1000000)) | O59: =IF(I59="","",O49-((1/'Proto 2013'!I80)*1000000))
A60: T2a | B60: AI/PID/AO | C60: Polling | D60: =IF(D50="","",(D50-D29)/D29) -> -7.5076954e-05 | E60: =IF(E50="","",(E50-E29)/E29) -> -0.025954198 | F60: =IF(F50="","",(F50-F29)/F29) -> -0.027700831 | G60: =IF(G50="","",(G50-'Proto 2013'!G81)/'Proto 2013'!G81) | H60: =IF(H50="","",(H50-'Proto 2013'!H81)/'Proto 2013'!H81) | I60: =IF(I50="","",(I50-'Proto 2013'!I81)/'Proto 2013'!I81) | J60: =J50-J29 -> 0.0018789907 | K60: =K50-K29 -> 1.5066875 | L60: =L50-L29 -> 4.9324842 | M60: =IF(G60="","",M50-((1/'Proto 2013'!G81)*1000000)) | N60: =IF(H60="","",N50-((1/'Proto 2013'!H81)*1000000)) | O60: =IF(I60="","",O50-((1/'Proto 2013'!I81)*1000000))
A61: T2b | B61: AI/PID/AO | C61: Interrupts | D61: =IF(D51="","",(D51-D30)/D30) -> -0.024855327 | E61: =IF(E51="","",(E51-E30)/E30) -> 0 | F61: =IF(F51="","",(F51-F30)/F30) -> -0.0030037547 | G61: =IF(G51="","",(G51-'Proto 2013'!G82)/'Proto 2013'!G82) | H61: =IF(H51="","",(H51-'Proto 2013'!H82)/'Proto 2013'!H82) | I61: =IF(I51="","",(I51-'Proto 2013'!I82)/'Proto 2013'!I82) | J61: =J51-J30 -> 2.4180686 | K61: =K51-K30 -> 0 | L61: =L51-L30 -> 0.75414378 | M61: =IF(G61="","",M51-((1/'Proto 2013'!G82)*1000000)) | N61: =IF(H61="","",N51-((1/'Proto 2013'!H82)*1000000)) | O61: =IF(I61="","",O51-((1/'Proto 2013'!I82)*1000000))
A62: T3 | B62: AI/AO/Local Logging | C62: Interrupts | D62: =IF(D52="","",(D52-D31)/D31) -> -0.007618194 | E62: =IF(E52="","",(E52-E31)/E31) -> 0.0036520151 | F62: =IF(F52="","",(F52-F31)/F31) -> -0.0050456511 | G62: =IF(G52="","",(G52-'Proto 2013'!G83)/'Proto 2013'!G83) | H62: =IF(H52="","",(H52-'Proto 2013'!H83)/'Proto 2013'!H83) | I62: =IF(I52="","",(I52-'Proto 2013'!I83)/'Proto 2013'!I83) | J62: =J52-J31 -> 1.7200709 | K62: =K52-K31 -> -0.47459586 | L62: =L52-L31 -> 1.218462 | M62: =IF(G62="","",M52-((1/'Proto 2013'!G83)*1000000)) | N62: =IF(H62="","",N52-((1/'Proto 2013'!H83)*1000000)) | O62: =IF(I62="","",O52-((1/'Proto 2013'!I83)*1000000))
A63: T4 | B63: AI/AO/Host Comm. | C63: Interrupts | D63: =IF(D53="","",(D53-D32)/D32) -> -0.019024172 | E63: =IF(E53="","",(E53-E32)/E32) -> -0.13688469 | F63: =IF(F53="","",(F53-F32)/F32) -> -0.019221528 | G63: =IF(G53="","",(G53-'Proto 2013'!G84)/'Proto 2013'!G84) | H63: =IF(H53="","",(H53-'Proto 2013'!H84)/'Proto 2013'!H84) | I63: =IF(I53="","",(I53-'Proto 2013'!I84)/'Proto 2013'!I84) | J63: =J53-J32 -> 4.3404453 | K63: =K53-K32 -> 26.735292 | L63: =L53-L32 -> 4.7088506 | M63: =IF(G63="","",M53-((1/'Proto 2013'!G84)*1000000)) | N63: =IF(H63="","",N53-((1/'Proto 2013'!H84)*1000000)) | O63: =IF(I63="","",O53-((1/'Proto 2013'!I84)*1000000))

Sheet 2015
A1: LV RT 2015 cRIO Single-Point Benchmark Results (Hz)
A2: cRIO-9068, LV RT 2015 b2, NI-RIO 15.0.0.0 (9205/9264)
A3: Test | D3: Number of Channels, Rate (Hz) | J3: Number of Channels, Period (uS)
A4: Acronym | B4: Description | C4: I/O Mode | D4: 1 | E4: 4 | F4: 16 | G4: 32 | H4: 64 | I4: 80 | J4: 1 | K4: 4 | L4: 16 | M4: 32 | N4: 64 | O4: 80
A5: T1a | B5: AI / AO | C5: Polling | D5: 35000 | E5: 18706 | F5: 6003 | J5: =IF(D5="","",(1/D5)*1000000) -> 28.571429 | K5: =IF(E5="","",(1/E5)*1000000) -> 53.458783 | L5: =IF(F5="","",(1/F5)*1000000) -> 166.58337 | M5: =IF(G5="","",(1/G5)*1000000) | N5: =IF(H5="","",(1/H5)*1000000) | O5: =IF(I5="","",(1/I5)*1000000)
A6: T1b | B6: AI / AO | C6: Interrupts | D6: 7744 | E6: 6453 | F6: 3856 | J6: =IF(D6="","",(1/D6)*1000000) -> 129.13223 | K6: =IF(E6="","",(1/E6)*1000000) -> 154.96668 | L6: =IF(F6="","",(1/F6)*1000000) -> 259.3361 | M6: =IF(G6="","",(1/G6)*1000000) | N6: =IF(H6="","",(1/H6)*1000000) | O6: =IF(I6="","",(1/I6)*1000000)
A7: T2a | B7: AI/PID/AO | C7: Polling | D7: 30925 | E7: 15408 | F7: 5514 | J7: =IF(D7="","",(1/D7)*1000000) -> 32.336297 | K7: =IF(E7="","",(1/E7)*1000000) -> 64.90135 | L7: =IF(F7="","",(1/F7)*1000000) -> 181.35655 | M7: =IF(G7="","",(1/G7)*1000000) | N7: =IF(H7="","",(1/H7)*1000000) | O7: =IF(I7="","",(1/I7)*1000000)
A8: T2b | B8: AI/PID/AO | C8: Interrupts | D8: 7628 | E8: 5761 | F8: 3592 | J8: =IF(D8="","",(1/D8)*1000000) -> 131.09596 | K8: =IF(E8="","",(1/E8)*1000000) -> 173.58098 | L8: =IF(F8="","",(1/F8)*1000000) -> 278.39644 | M8: =IF(G8="","",(1/G8)*1000000) | N8: =IF(H8="","",(1/H8)*1000000) | O8: =IF(I8="","",(1/I8)*1000000)
A9: T3 | B9: AI/AO/Local Logging | C9: Interrupts | D9: 5120 | E9: 5992 | F9: 3566 | J9: =IF(D9="","",(1/D9)*1000000) -> 195.3125 | K9: =IF(E9="","",(1/E9)*1000000) -> 166.88919 | L9: =IF(F9="","",(1/F9)*1000000) -> 280.42625 | M9: =IF(G9="","",(1/G9)*1000000) | N9: =IF(H9="","",(1/H9)*1000000) | O9: =IF(I9="","",(1/I9)*1000000)
A10: T4 | B10: AI/AO/Host Comm. | C10: Interrupts | D10: 876 | E10: 4493 | F10: 3289 | J10: =IF(D10="","",(1/D10)*1000000) -> 1141.5525 | K10: =IF(E10="","",(1/E10)*1000000) -> 222.56844 | L10: =IF(F10="","",(1/F10)*1000000) -> 304.04378 | M10: =IF(G10="","",(1/G10)*1000000) | N10: =IF(H10="","",(1/H10)*1000000) | O10: =IF(I10="","",(1/I10)*1000000)
A11: http://us-aus-rtweb1.natinst.com/Reports/RT/2015/performance/rtlinux/rtperf-9068/sp_online_poll/2015-01-21_01-02-40/HTML/2015-01-21_01-13-54_SinglePointBenchmarks_ATS.html#Test_cRIO-Benchmark.lvproj%5CRT%20Target%5CAI-AO-FILE%5CTest_cRIO_AI-AO-FILE_01_INT
A12: Result Improvement vs. 2014 SP1 (% & uS)
A13: Test | D13: Number of Channels (%) | J13: Number of Channels, Difference in Period (uS)
A14: Acronym | B14: Description | C14: I/O Mode | D14: 1 | E14: 4 | F14: 16 | G14: 32 | H14: 64 | I14: 80 | J14: 1 | K14: 4 | L14: 16 | M14: 32 | N14: 64 | O14: 80
A15: T1a | B15: AI / AO | C15: Polling | D15: =IF(D5="","",(D5-'2014'!D48)/'2014'!D48) -> -0.21777222 | E15: =IF(E5="","",(E5-'2014'!E48)/'2014'!E48) -> -0.11605708 | F15: =IF(F5="","",(F5-'2014'!F48)/'2014'!F48) -> -0.070743034 | G15: =IF(G5="","",(G5-'2014'!G48)/'2014'!G48) | H15: =IF(H5="","",(H5-'2014'!H48)/'2014'!H48) | I15: =IF(I5="","",(I5-'2014'!I48)/'2014'!I48) | J15: =IF(D15="","",J5-'2014'!J48) -> 6.2220633 | K15: =IF(E15="","",K5-'2014'!K48) -> 6.2042705 | L15: =IF(F15="","",L5-'2014'!L48) -> 11.784613 | M15: =IF(G15="","",M5-((1/'2014'!G48)*1000000)) | N15: =IF(H15="","",N5-((1/'2014'!H48)*1000000)) | O15: =IF(I15="","",O5-((1/'2014'!I48)*1000000))
A16: T1b | B16: AI / AO | C16: Interrupts | D16: =IF(D6="","",(D6-'2014'!D49)/'2014'!D49) -> -0.25951425 | E16: =IF(E6="","",(E6-'2014'!E49)/'2014'!E49) -> -0.22949254 | F16: =IF(F6="","",(F6-'2014'!F49)/'2014'!F49) -> -0.11111111 | G16: =IF(G6="","",(G6-'2014'!G49)/'2014'!G49) | H16: =IF(H6="","",(H6-'2014'!H49)/'2014'!H49) | I16: =IF(I6="","",(I6-'2014'!I49)/'2014'!I49) | J16: =IF(D16="","",J6-'2014'!J49) -> 33.511654 | K16: =IF(E16="","",K6-'2014'!K49) -> 35.563697 | L16: =IF(F16="","",L6-'2014'!L49) -> 28.815122 | M16: =IF(G16="","",M6-((1/'2014'!G49)*1000000)) | N16: =IF(H16="","",N6-((1/'2014'!H49)*1000000)) | O16: =IF(I16="","",O6-((1/'2014'!I49)*1000000))
A17: T2a | B17: AI/PID/AO | C17: Polling | D17: =IF(D7="","",(D7-'2014'!D50)/'2014'!D50) -> -0.22602363 | E17: =IF(E7="","",(E7-'2014'!E50)/'2014'!E50) -> -0.10553814 | F17: =IF(F7="","",(F7-'2014'!F50)/'2014'!F50) -> -0.018162393 | G17: =IF(G7="","",(G7-'2014'!G50)/'2014'!G50) | H17: =IF(H7="","",(H7-'2014'!H50)/'2014'!H50) | I17: =IF(I7="","",(I7-'2014'!I50)/'2014'!I50) | J17: =IF(D17="","",J7-'2014'!J50) -> 7.3087672 | K17: =IF(E17="","",K7-'2014'!K50) -> 6.8495678 | L17: =IF(F17="","",L7-'2014'!L50) -> 3.2938689 | M17: =IF(G17="","",M7-((1/'2014'!G50)*1000000)) | N17: =IF(H17="","",N7-((1/'2014'!H50)*1000000)) | O17: =IF(I17="","",O7-((1/'2014'!I50)*1000000))
A18: T2b | B18: AI/PID/AO | C18: Interrupts | D18: =IF(D8="","",(D8-'2014'!D51)/'2014'!D51) -> -0.25790447 | E18: =IF(E8="","",(E8-'2014'!E51)/'2014'!E51) -> -0.22857525 | F18: =IF(F8="","",(F8-'2014'!F51)/'2014'!F51) -> -0.098167211 | G18: =IF(G8="","",(G8-'2014'!G51)/'2014'!G51) | H18: =IF(H8="","",(H8-'2014'!H51)/'2014'!H51) | I18: =IF(I8="","",(I8-'2014'!I51)/'2014'!I51) | J18: =IF(D18="","",J8-'2014'!J51) -> 33.810234 | K18: =IF(E18="","",K8-'2014'!K51) -> 39.676316 | L18: =IF(F18="","",L8-'2014'!L51) -> 27.329402 | M18: =IF(G18="","",M8-((1/'2014'!G51)*1000000)) | N18: =IF(H18="","",N8-((1/'2014'!H51)*1000000)) | O18: =IF(I18="","",O8-((1/'2014'!I51)*1000000))
A19: T3 | B19: AI/AO/Local Logging | C19: Interrupts | D19: =IF(D9="","",(D9-'2014'!D52)/'2014'!D52) -> 0.15601716 | E19: =IF(E9="","",(E9-'2014'!E52)/'2014'!E52) -> -0.22131254 | F19: =IF(F9="","",(F9-'2014'!F52)/'2014'!F52) -> -0.13885535 | G19: =IF(G9="","",(G9-'2014'!G52)/'2014'!G52) | H19: =IF(H9="","",(H9-'2014'!H52)/'2014'!H52) | I19: =IF(I9="","",(I9-'2014'!I52)/'2014'!I52) | J19: =IF(D19="","",J9-'2014'!J52) -> -30.472101 | K19: =IF(E19="","",K9-'2014'!K52) -> 36.93467 | L19: =IF(F19="","",L9-'2014'!L52) -> 38.938685 | M19: =IF(G19="","",M9-((1/'2014'!G52)*1000000)) | N19: =IF(H19="","",N9-((1/'2014'!H52)*1000000)) | O19: =IF(I19="","",O9-((1/'2014'!I52)*1000000))
A20: T4 | B20: AI/AO/Host Comm. | C20: Interrupts | D20: =IF(D10="","",(D10-'2014'!D53)/'2014'!D53) -> -0.80013689 | E20: =IF(E10="","",(E10-'2014'!E53)/'2014'!E53) -> -0.12246094 | F20: =IF(F10="","",(F10-'2014'!F53)/'2014'!F53) -> -0.19426752 | G20: =IF(G10="","",(G10-'2014'!G53)/'2014'!G53) | H20: =IF(H10="","",(H10-'2014'!H53)/'2014'!H53) | I20: =IF(I10="","",(I10-'2014'!I53)/'2014'!I53) | J20: =IF(D20="","",J10-'2014'!J53) -> 913.39828 | K20: =IF(E20="","",K10-'2014'!K53) -> 27.25594 | L20: =IF(F20="","",L10-'2014'!L53) -> 59.06583 | M20: =IF(G20="","",M10-((1/'2014'!G53)*1000000)) | N20: =IF(H20="","",N10-((1/'2014'!H53)*1000000)) | O20: =IF(I20="","",O10-((1/'2014'!I53)*1000000))
A23: LV RT 2015 cRIO Single-Point Benchmark Results (Hz)
A24: cRIO-9068, LV RT 2015b30, NI-RIO 15.0.0.0 (9205/9264)
A25: Test | D25: Number of Channels, Rate (Hz) | J25: Number of Channels, Period (uS)
A26: Acronym | B26: Description | C26: I/O Mode | D26: 1 | E26: 4 | F26: 16 | G26: 32 | H26: 64 | I26: 80 | J26: 1 | K26: 4 | L26: 16 | M26: 32 | N26: 64 | O26: 80
A27: T1a | B27: AI / AO | C27: Polling | D27: 47550 | E27: 20740 | F27: 6558 | J27: =IF(D27="","",(1/D27)*1000000) -> 21.030494 | K27: =IF(E27="","",(1/E27)*1000000) -> 48.216008 | L27: =IF(F27="","",(1/F27)*1000000) -> 152.48551 | M27: =IF(G27="","",(1/G27)*1000000) | N27: =IF(H27="","",(1/H27)*1000000) | O27: =IF(I27="","",(1/I27)*1000000) | P27: 1ch next lowest 46847, we saw similar outliers in 2013
A28: T1b | B28: AI / AO | C28: Interrupts | D28: 11095 | E28: 8499 | F28: 4432 | J28: =IF(D28="","",(1/D28)*1000000) -> 90.130689 | K28: =IF(E28="","",(1/E28)*1000000) -> 117.6609 | L28: =IF(F28="","",(1/F28)*1000000) -> 225.63177 | M28: =IF(G28="","",(1/G28)*1000000) | N28: =IF(H28="","",(1/H28)*1000000) | O28: =IF(I28="","",(1/I28)*1000000)
A29: T2a | B29: AI/PID/AO | C29: Polling | D29: 45129 | E29: 18290 | F29: 5577 | J29: =IF(D29="","",(1/D29)*1000000) -> 22.158701 | K29: =IF(E29="","",(1/E29)*1000000) -> 54.674686 | L29: =IF(F29="","",(1/F29)*1000000) -> 179.30787 | M29: =IF(G29="","",(1/G29)*1000000) | N29: =IF(H29="","",(1/H29)*1000000) | O29: =IF(I29="","",(1/I29)*1000000)
A30: T2b | B30: AI/PID/AO | C30: Interrupts | D30: 10520 | E30: 7882 | F30: 4161 | J30: =IF(D30="","",(1/D30)*1000000) -> 95.057034 | K30: =IF(E30="","",(1/E30)*1000000) -> 126.87135 | L30: =IF(F30="","",(1/F30)*1000000) -> 240.32684 | M30: =IF(G30="","",(1/G30)*1000000) | N30: =IF(H30="","",(1/H30)*1000000) | O30: =IF(I30="","",(1/I30)*1000000)
A31: T3 | B31: AI/AO/Local Logging | C31: Interrupts | D31: 9224 | E31: 8295 | F31: 4340 | J31: =IF(D31="","",(1/D31)*1000000) -> 108.41284 | K31: =IF(E31="","",(1/E31)*1000000) -> 120.55455 | L31: =IF(F31="","",(1/F31)*1000000) -> 230.41475 | M31: =IF(G31="","",(1/G31)*1000000) | N31: =IF(H31="","",(1/H31)*1000000) | O31: =IF(I31="","",(1/I31)*1000000)
A32: T4 | B32: AI/AO/Host Comm. | C32: Interrupts | D32: 8307 | E32: 6675 | F32: 4300 | J32: =IF(D32="","",(1/D32)*1000000) -> 120.3804 | K32: =IF(E32="","",(1/E32)*1000000) -> 149.81273 | L32: =IF(F32="","",(1/F32)*1000000) -> 232.55814 | M32: =IF(G32="","",(1/G32)*1000000) | N32: =IF(H32="","",(1/H32)*1000000) | O32: =IF(I32="","",(1/I32)*1000000)
A33: http://us-aus-rtweb1.natinst.com/Reports/RT/2015/performance/rtlinux/rtperf-9068/sp_online_poll/2015-02-17_23-55-58/HTML/2015-02-18_00-07-07_SinglePointBenchmarks_ATS.html#TSsummary
A34: Result Improvement vs. 2014 SP1 (% & uS)
A35: Test | D35: Number of Channels (%) | J35: Number of Channels, Difference in Period (uS)
A36: Acronym | B36: Description | C36: I/O Mode | D36: 1 | E36: 4 | F36: 16 | G36: 32 | H36: 64 | I36: 80 | J36: 1 | K36: 4 | L36: 16 | M36: 32 | N36: 64 | O36: 80
A37: T1a | B37: AI / AO | C37: Polling | D37: =IF(D27="","",(D27-'2014'!D48)/'2014'!D48) -> 0.062712319 | E37: =IF(E27="","",(E27-'2014'!E48)/'2014'!E48) -> -0.019941404 | F37: =IF(F27="","",(F27-'2014'!F48)/'2014'!F48) -> 0.015170279 | G37: =IF(G27="","",(G27-'2014'!G48)/'2014'!G48) | H37: =IF(H27="","",(H27-'2014'!H48)/'2014'!H48) | I37: =IF(I27="","",(I27-'2014'!I48)/'2014'!I48) | J37: =IF(D37="","",J27-'2014'!J48) -> -1.3188711 | K37: =IF(E37="","",K27-'2014'!K48) -> 0.96149491 | L37: =IF(F37="","",L27-'2014'!L48) -> -2.3132477 | M37: =IF(G37="","",M27-((1/'2014'!G48)*1000000)) | N37: =IF(H37="","",N27-((1/'2014'!H48)*1000000)) | O37: =IF(I37="","",O27-((1/'2014'!I48)*1000000))
A38: T1b | B38: AI / AO | C38: Interrupts | D38: =IF(D28="","",(D28-'2014'!D49)/'2014'!D49) -> 0.060910308 | E38: =IF(E28="","",(E28-'2014'!E49)/'2014'!E49) -> 0.01480597 | F38: =IF(F28="","",(F28-'2014'!F49)/'2014'!F49) -> 0.021668972 | G38: =IF(G28="","",(G28-'2014'!G49)/'2014'!G49) | H38: =IF(H28="","",(H28-'2014'!H49)/'2014'!H49) | I38: =IF(I28="","",(I28-'2014'!I49)/'2014'!I49) | J38: =IF(D38="","",J28-'2014'!J49) -> -5.489888 | K38: =IF(E38="","",K28-'2014'!K49) -> -1.7420838 | L38: =IF(F38="","",L28-'2014'!L49) -> -4.8892085 | M38: =IF(G38="","",M28-((1/'2014'!G49)*1000000)) | N38: =IF(H38="","",N28-((1/'2014'!H49)*1000000)) | O38: =IF(I38="","",O28-((1/'2014'!I49)*1000000))
A39: T2a | B39: AI/PID/AO | C39: Polling | D39: =IF(D29="","",(D29-'2014'!D50)/'2014'!D50) -> 0.12946741 | E39: =IF(E29="","",(E29-'2014'!E50)/'2014'!E50) -> 0.061767096 | F39: =IF(F29="","",(F29-'2014'!F50)/'2014'!F50) -> -0.0069444444 | G39: =IF(G29="","",(G29-'2014'!G50)/'2014'!G50) | H39: =IF(H29="","",(H29-'2014'!H50)/'2014'!H50) | I39: =IF(I29="","",(I29-'2014'!I50)/'2014'!I50) | J39: =IF(D39="","",J29-'2014'!J50) -> -2.8688297 | K39: =IF(E39="","",K29-'2014'!K50) -> -3.3770966 | L39: =IF(F39="","",L29-'2014'!L50) -> 1.2451936 | M39: =IF(G39="","",M29-((1/'2014'!G50)*1000000)) | N39: =IF(H39="","",N29-((1/'2014'!H50)*1000000)) | O39: =IF(I39="","",O29-((1/'2014'!I50)*1000000))
A40: T2b | B40: AI/PID/AO | C40: Interrupts | D40: =IF(D30="","",(D30-'2014'!D51)/'2014'!D51) -> 0.02344586 | E40: =IF(E30="","",(E30-'2014'!E51)/'2014'!E51) -> 0.055436529 | F40: =IF(F30="","",(F30-'2014'!F51)/'2014'!F51) -> 0.044689932 | G40: =IF(G30="","",(G30-'2014'!G51)/'2014'!G51) | H40: =IF(H30="","",(H30-'2014'!H51)/'2014'!H51) | I40: =IF(I30="","",(I30-'2014'!I51)/'2014'!I51) | J40: =IF(D40="","",J30-'2014'!J51) -> -2.228694 | K40: =IF(E40="","",K30-'2014'!K51) -> -7.0333074 | L40: =IF(F40="","",L30-'2014'!L51) -> -10.74019 | M40: =IF(G40="","",M30-((1/'2014'!G51)*1000000)) | N40: =IF(H40="","",N30-((1/'2014'!H51)*1000000)) | O40: =IF(I40="","",O30-((1/'2014'!I51)*1000000))
A41: T3 | B41: AI/AO/Local Logging | C41: Interrupts | D41: =IF(D31="","",(D31-'2014'!D52)/'2014'!D52) -> 1.0826372 | E41: =IF(E31="","",(E31-'2014'!E52)/'2014'!E52) -> 0.07797271 | F41: =IF(F31="","",(F31-'2014'!F52)/'2014'!F52) -> 0.048056025 | G41: =IF(G31="","",(G31-'2014'!G52)/'2014'!G52) | H41: =IF(H31="","",(H31-'2014'!H52)/'2014'!H52) | I41: =IF(I31="","",(I31-'2014'!I52)/'2014'!I52) | J41: =IF(D41="","",J31-'2014'!J52) -> -117.37177 | K41: =IF(E41="","",K31-'2014'!K52) -> -9.399965 | L41: =IF(F41="","",L31-'2014'!L52) -> -11.072817 | M41: =IF(G41="","",M31-((1/'2014'!G52)*1000000)) | N41: =IF(H41="","",N31-((1/'2014'!H52)*1000000)) | O41: =IF(I41="","",O31-((1/'2014'!I52)*1000000))
A42: T4 | B42: AI/AO/Host Comm. | C42: Interrupts | D42: =IF(D32="","",(D32-'2014'!D53)/'2014'!D53) -> 0.89527721 | E42: =IF(E32="","",(E32-'2014'!E53)/'2014'!E53) -> 0.30371094 | F42: =IF(F32="","",(F32-'2014'!F53)/'2014'!F53) -> 0.053405194 | G42: =IF(G32="","",(G32-'2014'!G53)/'2014'!G53) | H42: =IF(H32="","",(H32-'2014'!H53)/'2014'!H53) | I42: =IF(I32="","",(I32-'2014'!I53)/'2014'!I53) | J42: =IF(D42="","",J32-'2014'!J53) -> -107.77383 | K42: =IF(E42="","",K32-'2014'!K53) -> -45.499766 | L42: =IF(F42="","",L32-'2014'!L53) -> -12.419812 | M42: =IF(G42="","",M32-((1/'2014'!G53)*1000000)) | N42: =IF(H42="","",N32-((1/'2014'!H53)*1000000)) | O42: =IF(I42="","",O32-((1/'2014'!I53)*1000000))
A44: LV RT 2015 cRIO Single-Point Benchmark Results (Hz)
A45: cRIO-9068, LV RT 2015 b35, NI-RIO 15.0
A46: Test | D46: Number of Channels, Rate (Hz) | J46: Number of Channels, Period (uS)
A47: Acronym | B47: Description | C47: I/O Mode | D47: 1 | E47: 4 | F47: 16 | G47: 32 | H47: 64 | I47: 80 | J47: 1 | K47: 4 | L47: 16 | M47: 32 | N47: 64 | O47: 80
A48: T1a | B48: AI / AO | C48: Polling | D48: 42666 | E48: 20740 | F48: 6473 | J48: =IF(D48="","",(1/D48)*1000000) -> 23.437866 | K48: =IF(E48="","",(1/E48)*1000000) -> 48.216008 | L48: =IF(F48="","",(1/F48)*1000000) -> 154.48787 | M48: =IF(G48="","",(1/G48)*1000000) | N48: =IF(H48="","",(1/H48)*1000000) | O48: =IF(I48="","",(1/I48)*1000000)
A49: T1b | B49: AI / AO | C49: Interrupts | D49: 11278 | E49: 8622 | F49: 4481 | J49: =IF(D49="","",(1/D49)*1000000) -> 88.668204 | K49: =IF(E49="","",(1/E49)*1000000) -> 115.98237 | L49: =IF(F49="","",(1/F49)*1000000) -> 223.16447 | M49: =IF(G49="","",(1/G49)*1000000) | N49: =IF(H49="","",(1/H49)*1000000) | O49: =IF(I49="","",(1/I49)*1000000)
A50: T2a | B50: AI/PID/AO | C50: Polling | D50: 47093 | E50: 17802 | F50: 5378 | J50: =IF(D50="","",(1/D50)*1000000) -> 21.234578 | K50: =IF(E50="","",(1/E50)*1000000) -> 56.173464 | L50: =IF(F50="","",(1/F50)*1000000) -> 185.94273 | M50: =IF(G50="","",(1/G50)*1000000) | N50: =IF(H50="","",(1/H50)*1000000) | O50: =IF(I50="","",(1/I50)*1000000)
A51: T2b | B51: AI/PID/AO | C51: Interrupts | D51: 10563 | E51: 8102 | F51: 4134 | J51: =IF(D51="","",(1/D51)*1000000) -> 94.670075 | K51: =IF(E51="","",(1/E51)*1000000) -> 123.42631 | L51: =IF(F51="","",(1/F51)*1000000) -> 241.89647 | M51: =IF(G51="","",(1/G51)*1000000) | N51: =IF(H51="","",(1/H51)*1000000) | O51: =IF(I51="","",(1/I51)*1000000)
A52: T3 | B52: AI/AO/Local Logging | C52: Interrupts | D52: 9132 | E52: 8209 | F52: 4322 | J52: =IF(D52="","",(1/D52)*1000000) -> 109.50504 | K52: =IF(E52="","",(1/E52)*1000000) -> 121.81752 | L52: =IF(F52="","",(1/F52)*1000000) -> 231.37436 | M52: =IF(G52="","",(1/G52)*1000000) | N52: =IF(H52="","",(1/H52)*1000000) | O52: =IF(I52="","",(1/I52)*1000000)
A53: T4 | B53: AI/AO/Host Comm. | C53: Interrupts | D53: 8303 | E53: 7864 | F53: 4336 | J53: =IF(D53="","",(1/D53)*1000000) -> 120.4384 | K53: =IF(E53="","",(1/E53)*1000000) -> 127.16175 | L53: =IF(F53="","",(1/F53)*1000000) -> 230.62731 | M53: =IF(G53="","",(1/G53)*1000000) | N53: =IF(H53="","",(1/H53)*1000000) | O53: =IF(I53="","",(1/I53)*1000000)
A54: http://us-aus-rtweb1.natinst.com/Reports/RT/2015/performance/rtlinux/rtperf-9068/sp_online_poll/2015-02-23_12-07-01/HTML/2015-02-23_12-18-42_SinglePointBenchmarks_ATS.html#Test_cRIO-Benchmark.lvproj%5CRT%20Target%5CAI-AO%5CTest_cRIO_AI-AO_01_INT.vi
A55: Result Improvement vs. 2014 SP1 (% & uS)
A56: Test | D56: Number of Channels (%) | J56: Number of Channels, Difference in Period (uS)
A57: Acronym | B57: Description | C57: I/O Mode | D57: 1 | E57: 4 | F57: 16 | G57: 32 | H57: 64 | I57: 80 | J57: 1 | K57: 4 | L57: 16 | M57: 32 | N57: 64 | O57: 80
A58: T1a | B58: AI / AO | C58: Polling | D58: =IF(D48="","",(D48-'2014'!D48)/'2014'!D48) -> -0.046441981 | E58: =IF(E48="","",(E48-'2014'!E48)/'2014'!E48) -> -0.019941404 | F58: =IF(F48="","",(F48-'2014'!F48)/'2014'!F48) -> 0.0020123839 | G58: =IF(G48="","",(G48-'2014'!G48)/'2014'!G48) | H58: =IF(H48="","",(H48-'2014'!H48)/'2014'!H48) | I58: =IF(I48="","",(I48-'2014'!I48)/'2014'!I48) | J58: =J48 - '2014'!J48 -> 1.0885009 | K58: =K48 - '2014'!K48 -> 0.96149491 | L58: =L48 - '2014'!L48 -> -0.31088891 | M58: =IF(G58="","",M48-((1/'Proto 2013'!G79)*1000000)) | N58: =IF(H58="","",N48-((1/'Proto 2013'!H79)*1000000)) | O58: =IF(I58="","",O48-((1/'Proto 2013'!I79)*1000000))
A59: T1b | B59: AI / AO | C59: Interrupts | D59: =IF(D49="","",(D49-'2014'!D49)/'2014'!D49) -> 0.078408874 | E59: =IF(E49="","",(E49-'2014'!E49)/'2014'!E49) -> 0.029492537 | F59: =IF(F49="","",(F49-'2014'!F49)/'2014'!F49) -> 0.0329645 | G59: =IF(G49="","",(G49-'2014'!G49)/'2014'!G49) | H59: =IF(H49="","",(H49-'2014'!H49)/'2014'!H49) | I59: =IF(I49="","",(I49-'2014'!I49)/'2014'!I49) | J59: =J49 - '2014'!J49 -> -6.952374 | K59: =K49 - '2014'!K49 -> -3.4206144 | L59: =L49 - '2014'!L49 -> -7.3565052 | M59: =IF(G59="","",M49-((1/'Proto 2013'!G80)*1000000)) | N59: =IF(H59="","",N49-((1/'Proto 2013'!H80)*1000000)) | O59: =IF(I59="","",O49-((1/'Proto 2013'!I80)*1000000))
A60: T2a | B60: AI/PID/AO | C60: Polling | D60: =IF(D50="","",(D50-'2014'!D50)/'2014'!D50) -> 0.17862148 | E60: =IF(E50="","",(E50-'2014'!E50)/'2014'!E50) -> 0.033437827 | F60: =IF(F50="","",(F50-'2014'!F50)/'2014'!F50) -> -0.042378917 | G60: =IF(G50="","",(G50-'2014'!G50)/'2014'!G50) | H60: =IF(H50="","",(H50-'2014'!H50)/'2014'!H50) | I60: =IF(I50="","",(I50-'2014'!I50)/'2014'!I50) | J60: =J50 - '2014'!J50 -> -3.7929519 | K60: =K50 - '2014'!K50 -> -1.8783185 | L60: =L50 - '2014'!L50 -> 7.8800516 | M60: =IF(G60="","",M50-((1/'Proto 2013'!G81)*1000000)) | N60: =IF(H60="","",N50-((1/'Proto 2013'!H81)*1000000)) | O60: =IF(I60="","",O50-((1/'Proto 2013'!I81)*1000000))
A61: T2b | B61: AI/PID/AO | C61: Interrupts | D61: =IF(D51="","",(D51-'2014'!D51)/'2014'!D51) -> 0.027629147 | E61: =IF(E51="","",(E51-'2014'!E51)/'2014'!E51) -> 0.084895554 | F61: =IF(F51="","",(F51-'2014'!F51)/'2014'!F51) -> 0.037911122 | G61: =IF(G51="","",(G51-'2014'!G51)/'2014'!G51) | H61: =IF(H51="","",(H51-'2014'!H51)/'2014'!H51) | I61: =IF(I51="","",(I51-'2014'!I51)/'2014'!I51) | J61: =J51 - '2014'!J51 -> -2.6156534 | K61: =K51 - '2014'!K51 -> -10.478345 | L61: =L51 - '2014'!L51 -> -9.1705666 | M61: =IF(G61="","",M51-((1/'Proto 2013'!G82)*1000000)) | N61: =IF(H61="","",N51-((1/'Proto 2013'!H82)*1000000)) | O61: =IF(I61="","",O51-((1/'Proto 2013'!I82)*1000000))
A62: T3 | B62: AI/AO/Local Logging | C62: Interrupts | D62: =IF(D52="","",(D52-'2014'!D52)/'2014'!D52) -> 1.061865 | E62: =IF(E52="","",(E52-'2014'!E52)/'2014'!E52) -> 0.066796621 | F62: =IF(F52="","",(F52-'2014'!F52)/'2014'!F52) -> 0.043709249 | G62: =IF(G52="","",(G52-'2014'!G52)/'2014'!G52) | H62: =IF(H52="","",(H52-'2014'!H52)/'2014'!H52) | I62: =IF(I52="","",(I52-'2014'!I52)/'2014'!I52) | J62: =J52 - '2014'!J52 -> -116.27956 | K62: =K52 - '2014'!K52 -> -8.1369986 | L62: =L52 - '2014'!L52 -> -10.1132 | M62: =IF(G62="","",M52-((1/'Proto 2013'!G83)*1000000)) | N62: =IF(H62="","",N52-((1/'Proto 2013'!H83)*1000000)) | O62: =IF(I62="","",O52-((1/'Proto 2013'!I83)*1000000))
A63: T4 | B63: AI/AO/Host Comm. | C63: Interrupts | D63: =IF(D53="","",(D53-'2014'!D53)/'2014'!D53) -> 0.89436459 | E63: =IF(E53="","",(E53-'2014'!E53)/'2014'!E53) -> 0.5359375 | F63: =IF(F53="","",(F53-'2014'!F53)/'2014'!F53) -> 0.0622244 | G63: =IF(G53="","",(G53-'2014'!G53)/'2014'!G53) | H63: =IF(H53="","",(H53-'2014'!H53)/'2014'!H53) | I63: =IF(I53="","",(I53-'2014'!I53)/'2014'!I53) | J63: =J53 - '2014'!J53 -> -107.71584 | K63: =K53 - '2014'!K53 -> -68.15075 | L63: =L53 - '2014'!L53 -> -14.350646 | M63: =IF(G63="","",M53-((1/'Proto 2013'!G84)*1000000)) | N63: =IF(H63="","",N53-((1/'Proto 2013'!H84)*1000000)) | O63: =IF(I63="","",O53-((1/'Proto 2013'!I84)*1000000))
A65: LV RT 2015 cRIO Single-Point Benchmark Results (Hz)
A66: cRIO-9068, LV RT 2015rc1, NI-RIO 15.0.0b24
A67: Test | D67: Number of Channels, Rate (Hz) | J67: Number of Channels, Period (uS)
A68: Acronym | B68: Description | C68: I/O Mode | D68: 1 | E68: 4 | F68: 16 | G68: 32 | H68: 64 | I68: 80 | J68: 1 | K68: 4 | L68: 16 | M68: 32 | N68: 64 | O68: 80
A69: T1a | B69: AI / AO | C69: Polling | D69: 46353 | E69: 22606 | F69: 6003 | J69: =IF(D69="","",(1/D69)*1000000) -> 21.573577 | K69: =IF(E69="","",(1/E69)*1000000) -> 44.236044 | L69: =IF(F69="","",(1/F69)*1000000) -> 166.58337 | M69: =IF(G69="","",(1/G69)*1000000) | N69: =IF(H69="","",(1/H69)*1000000) | O69: =IF(I69="","",(1/I69)*1000000)
A70: T1b | B70: AI / AO | C70: Interrupts | D70: 10996 | E70: 8585 | F70: 4436 | J70: =IF(D70="","",(1/D70)*1000000) -> 90.942161 | K70: =IF(E70="","",(1/E70)*1000000) -> 116.48224 | L70: =IF(F70="","",(1/F70)*1000000) -> 225.42831 | M70: =IF(G70="","",(1/G70)*1000000) | N70: =IF(H70="","",(1/H70)*1000000) | O70: =IF(I70="","",(1/I70)*1000000)
A71: T2a | B71: AI/PID/AO | C71: Polling | D71: 44938 | E71: 17659 | F71: 5776 | J71: =IF(D71="","",(1/D71)*1000000) -> 22.252882 | K71: =IF(E71="","",(1/E71)*1000000) -> 56.628348 | L71: =IF(F71="","",(1/F71)*1000000) -> 173.13019 | M71: =IF(G71="","",(1/G71)*1000000) | N71: =IF(H71="","",(1/H71)*1000000) | O71: =IF(I71="","",(1/I71)*1000000)
A72: T2b | B72: AI/PID/AO | C72: Interrupts | D72: 10766 | E72: 7373 | F72: 4158 | J72: =IF(D72="","",(1/D72)*1000000) -> 92.885008 | K72: =IF(E72="","",(1/E72)*1000000) -> 135.63 | L72: =IF(F72="","",(1/F72)*1000000) -> 240.50024 | M72: =IF(G72="","",(1/G72)*1000000) | N72: =IF(H72="","",(1/H72)*1000000) | O72: =IF(I72="","",(1/I72)*1000000)
A73: T3 | B73: AI/AO/Local Logging | C73: Interrupts | D73: 9178 | E73: 8359 | F73: 4327 | J73: =IF(D73="","",(1/D73)*1000000) -> 108.9562 | K73: =IF(E73="","",(1/E73)*1000000) -> 119.63153 | L73: =IF(F73="","",(1/F73)*1000000) -> 231.107 | M73: =IF(G73="","",(1/G73)*1000000) | N73: =IF(H73="","",(1/H73)*1000000) | O73: =IF(I73="","",(1/I73)*1000000)
A74: T4 | B74: AI/AO/Host Comm. | C74: Interrupts | D74: 8847 | E74: 6343 | F74: 4121 | J74: =IF(D74="","",(1/D74)*1000000) -> 113.03267 | K74: =IF(E74="","",(1/E74)*1000000) -> 157.65411 | L74: =IF(F74="","",(1/F74)*1000000) -> 242.65955 | M74: =IF(G74="","",(1/G74)*1000000) | N74: =IF(H74="","",(1/H74)*1000000) | O74: =IF(I74="","",(1/I74)*1000000)
A75: Link to report : 9068_sp_online_poll_15.0rc1
A76: Result Improvement vs. 2014 SP1 (% & uS)
A77: Test | D77: Number of Channels (%) | J77: Number of Channels, Difference in Period (uS)
A78: Acronym | B78: Description | C78: I/O Mode | D78: 1 | E78: 4 | F78: 16 | G78: 32 | H78: 64 | I78: 80 | J78: 1 | K78: 4 | L78: 16 | M78: 32 | N78: 64 | O78: 80
A79: T1a | B79: AI / AO | C79: Polling | D79: =IF(D69="","",(D69-'2014'!D48)/'2014'!D48) -> 0.035960129 | E79: =IF(E69="","",(E69-'2014'!E48)/'2014'!E48) -> 0.068235516 | F79: =IF(F69="","",(F69-'2014'!F48)/'2014'!F48) -> -0.070743034 | G79: =IF(G69="","",(G69-'2014'!G69)/'2014'!G69) | H79: =IF(H69="","",(H69-'2014'!H69)/'2014'!H69) | I79: =IF(I69="","",(I69-'2014'!I69)/'2014'!I69) | J79: =J69 - '2014'!J69 -> 21.573577 | K79: =K69 - '2014'!K69 -> 44.236044 | L79: =L69 - '2014'!L69 -> 166.58337 | M79: =IF(G79="","",M69-((1/'Proto 2013'!G100)*1000000)) | N79: =IF(H79="","",N69-((1/'Proto 2013'!H100)*1000000)) | O79: =IF(I79="","",O69-((1/'Proto 2013'!I100)*1000000))
A80: T1b | B80: AI / AO | C80: Interrupts | D80: =IF(D70="","",(D70-'2014'!D49)/'2014'!D49) -> 0.051443871 | E80: =IF(E70="","",(E70-'2014'!E49)/'2014'!E49) -> 0.025074627 | F80: =IF(F70="","",(F70-'2014'!F49)/'2014'!F49) -> 0.022591056 | G80: =IF(G70="","",(G70-'2014'!G70)/'2014'!G70) | H80: =IF(H70="","",(H70-'2014'!H70)/'2014'!H70) | I80: =IF(I70="","",(I70-'2014'!I70)/'2014'!I70) | J80: =J70 - '2014'!J70 -> 90.942161 | K80: =K70 - '2014'!K70 -> 116.48224 | L80: =L70 - '2014'!L70 -> 225.42831 | M80: =IF(G80="","",M70-((1/'Proto 2013'!G101)*1000000)) | N80: =IF(H80="","",N70-((1/'Proto 2013'!H101)*1000000)) | O80: =IF(I80="","",O70-((1/'Proto 2013'!I101)*1000000))
A81: T2a | B81: AI/PID/AO | C81: Polling | D81: =IF(D71="","",(D71-'2014'!D50)/'2014'!D50) -> 0.12468716 | E81: =IF(E71="","",(E71-'2014'!E50)/'2014'!E50) -> 0.025136422 | F81: =IF(F71="","",(F71-'2014'!F50)/'2014'!F50) -> 0.028490028 | G81: =IF(G71="","",(G71-'2014'!G71)/'2014'!G71) | H81: =IF(H71="","",(H71-'2014'!H71)/'2014'!H71) | I81: =IF(I71="","",(I71-'2014'!I71)/'2014'!I71) | J81: =J71 - '2014'!J71 -> 22.252882 | K81: =K71 - '2014'!K71 -> 56.628348 | L81: =L71 - '2014'!L71 -> 173.13019 | M81: =IF(G81="","",M71-((1/'Proto 2013'!G102)*1000000)) | N81: =IF(H81="","",N71-((1/'Proto 2013'!H102)*1000000)) | O81: =IF(I81="","",O71-((1/'Proto 2013'!I102)*1000000))
A82: T2b | B82: AI/PID/AO | C82: Interrupts | D82: =IF(D72="","",(D72-'2014'!D51)/'2014'!D51) -> 0.04737815 | E82: =IF(E72="","",(E72-'2014'!E51)/'2014'!E51) -> -0.012720943 | F82: =IF(F72="","",(F72-'2014'!F51)/'2014'!F51) -> 0.043936731 | G82: =IF(G72="","",(G72-'2014'!G72)/'2014'!G72) | H82: =IF(H72="","",(H72-'2014'!H72)/'2014'!H72) | I82: =IF(I72="","",(I72-'2014'!I72)/'2014'!I72) | J82: =J72 - '2014'!J72 -> 92.885008 | K82: =K72 - '2014'!K72 -> 135.63 | L82: =L72 - '2014'!L72 -> 240.50024 | M82: =IF(G82="","",M72-((1/'Proto 2013'!G103)*1000000)) | N82: =IF(H82="","",N72-((1/'Proto 2013'!H103)*1000000)) | O82: =IF(I82="","",O72-((1/'Proto 2013'!I103)*1000000))
A83: T3 | B83: AI/AO/Local Logging | C83: Interrupts | D83: =IF(D73="","",(D73-'2014'!D52)/'2014'!D52) -> 1.0722511 | E83: =IF(E73="","",(E73-'2014'!E52)/'2014'!E52) -> 0.086289799 | F83: =IF(F73="","",(F73-'2014'!F52)/'2014'!F52) -> 0.044916687 | G83: =IF(G73="","",(G73-'2014'!G73)/'2014'!G73) | H83: =IF(H73="","",(H73-'2014'!H73)/'2014'!H73) | I83: =IF(I73="","",(I73-'2014'!I73)/'2014'!I73) | J83: =J73 - '2014'!J73 -> 108.9562 | K83: =K73 - '2014'!K73 -> 119.63153 | L83: =L73 - '2014'!L73 -> 231.107 | M83: =IF(G83="","",M73-((1/'Proto 2013'!G104)*1000000)) | N83: =IF(H83="","",N73-((1/'Proto 2013'!H104)*1000000)) | O83: =IF(I83="","",O73-((1/'Proto 2013'!I104)*1000000))
A84: T4 | B84: AI/AO/Host Comm. | C84: Interrupts | D84: =IF(D74="","",(D74-'2014'!D53)/'2014'!D53) -> 1.0184805 | E84: =IF(E74="","",(E74-'2014'!E53)/'2014'!E53) -> 0.23886719 | F84: =IF(F74="","",(F74-'2014'!F53)/'2014'!F53) -> 0.0095541401 | G84: =IF(G74="","",(G74-'2014'!G74)/'2014'!G74) | H84: =IF(H74="","",(H74-'2014'!H74)/'2014'!H74) | I84: =IF(I74="","",(I74-'2014'!I74)/'2014'!I74) | J84: =J74 - '2014'!J74 -> 113.03267 | K84: =K74 - '2014'!K74 -> 157.65411 | L84: =L74 - '2014'!L74 -> 242.65955 | M84: =IF(G84="","",M74-((1/'Proto 2013'!G105)*1000000)) | N84: =IF(H84="","",N74-((1/'Proto 2013'!H105)*1000000)) | O84: =IF(I84="","",O74-((1/'Proto 2013'!I105)*1000000))
A85: T1a for 4 ch and T4 for 16ch were run manually again and numbers are taken from that (since the numbers from first run were low).
A88: LV RT 2015 cRIO Single-Point Benchmark Results (Hz)
A89: cRIO-9068, LV RT 2015rc16, NI-RIO 15.0.0b34
A90: Test | D90: Number of Channels, Rate (Hz) | J90: Number of Channels, Period (uS)
A91: Acronym | B91: Description | C91: I/O Mode | D91: 1 | E91: 4 | F91: 16 | G91: 32 | H91: 64 | I91: 80 | J91: 1 | K91: 4 | L91: 16 | M91: 32 | N91: 64 | O91: 80
A92: T1a | B92: AI / AO | C92: Polling | D92: 46353 | E92: 21784 | F92: 6538 | J92: =IF(D92="","",(1/D92)*1000000) -> 21.573577 | K92: =IF(E92="","",(1/E92)*1000000) -> 45.905252 | L92: =IF(F92="","",(1/F92)*1000000) -> 152.95197 | M92: =IF(G92="","",(1/G92)*1000000) | N92: =IF(H92="","",(1/H92)*1000000) | O92: =IF(I92="","",(1/I92)*1000000)
A93: T1b | B93: AI / AO | C93: Interrupts | D93: 10754 | E93: 8380 | F93: 4442 | J93: =IF(D93="","",(1/D93)*1000000) -> 92.988655 | K93: =IF(E93="","",(1/E93)*1000000) -> 119.33174 | L93: =IF(F93="","",(1/F93)*1000000) -> 225.12382 | M93: =IF(G93="","",(1/G93)*1000000) | N93: =IF(H93="","",(1/H93)*1000000) | O93: =IF(I93="","",(1/I93)*1000000)
A94: T2a | B94: AI/PID/AO | C94: Polling | D94: 41329 | E94: 18032 | F94: 5378 | J94: =IF(D94="","",(1/D94)*1000000) -> 24.196085 | K94: =IF(E94="","",(1/E94)*1000000) -> 55.456965 | L94: =IF(F94="","",(1/F94)*1000000) -> 185.94273 | M94: =IF(G94="","",(1/G94)*1000000) | N94: =IF(H94="","",(1/H94)*1000000) | O94: =IF(I94="","",(1/I94)*1000000)
A95: T2b | B95: AI/PID/AO | C95: Interrupts | D95: 10383 | E95: 7934 | F95: 4137 | J95: =IF(D95="","",(1/D95)*1000000) -> 96.311278 | K95: =IF(E95="","",(1/E95)*1000000) -> 126.03983 | L95: =IF(F95="","",(1/F95)*1000000) -> 241.72105 | M95: =IF(G95="","",(1/G95)*1000000) | N95: =IF(H95="","",(1/H95)*1000000) | O95: =IF(I95="","",(1/I95)*1000000)
A96: T3 | B96: AI/AO/Local Logging | C96: Interrupts | D96: 8010 | E96: 7705 | F96: 4134 | J96: =IF(D96="","",(1/D96)*1000000) -> 124.84395 | K96: =IF(E96="","",(1/E96)*1000000) -> 129.78585 | L96: =IF(F96="","",(1/F96)*1000000) -> 241.89647 | M96: =IF(G96="","",(1/G96)*1000000) | N96: =IF(H96="","",(1/H96)*1000000) | O96: =IF(I96="","",(1/I96)*1000000)
A97: T4 | B97: AI/AO/Host Comm. | C97: Interrupts | D97: 8010 | E97: 7336 | F97: 4125 | J97: =IF(D97="","",(1/D97)*1000000) -> 124.84395 | K97: =IF(E97="","",(1/E97)*1000000) -> 136.31407 | L97: =IF(F97="","",(1/F97)*1000000) -> 242.42424 | M97: =IF(G97="","",(1/G97)*1000000) | N97: =IF(H97="","",(1/H97)*1000000) | O97: =IF(I97="","",(1/I97)*1000000)
A98: Link to report : 9068_sp_online_poll_15.0rc16
A99: Result Improvement vs. 2014 SP1 (% & uS)
A100: Test | D100: Number of Channels (%) | J100: Number of Channels, Difference in Period (uS)
A101: Acronym | B101: Description | C101: I/O Mode | D101: 1 | E101: 4 | F101: 16 | G101: 32 | H101: 64 | I101: 80 | J101: 1 | K101: 4 | L101: 16 | M101: 32 | N101: 64 | O101: 80
A102: T1a | B102: AI / AO | C102: Polling | D102: =IF(D92="","",(D92-'2014'!D48)/'2014'!D48) -> 0.035960129 | E102: =IF(E92="","",(E92-'2014'!E48)/'2014'!E48) -> 0.029392307 | F102: =IF(F92="","",(F92-'2014'!F48)/'2014'!F48) -> 0.012074303 | G102: =IF(G92="","",(G92-'2014'!G92)/'2014'!G92) | H102: =IF(H92="","",(H92-'2014'!H92)/'2014'!H92) | I102: =IF(I92="","",(I92-'2014'!I92)/'2014'!I92) | J102: =J92 - '2014'!J92 -> 21.573577 | K102: =K92 - '2014'!K92 -> 45.905252 | L102: =L92 - '2014'!L92 -> 152.95197 | M102: =IF(G102="","",M92-((1/'Proto 2013'!G123)*1000000)) | N102: =IF(H102="","",N92-((1/'Proto 2013'!H123)*1000000)) | O102: =IF(I102="","",O92-((1/'Proto 2013'!I123)*1000000))
A103: T1b | B103: AI / AO | C103: Interrupts | D103: =IF(D93="","",(D93-'2014'!D49)/'2014'!D49) -> 0.028303691 | E103: =IF(E93="","",(E93-'2014'!E49)/'2014'!E49) -> 0.00059701493 | F103: =IF(F93="","",(F93-'2014'!F49)/'2014'!F49) -> 0.023974182 | G103: =IF(G93="","",(G93-'2014'!G93)/'2014'!G93) | H103: =IF(H93="","",(H93-'2014'!H93)/'2014'!H93) | I103: =IF(I93="","",(I93-'2014'!I93)/'2014'!I93) | J103: =J93 - '2014'!J93 -> 92.988655 | K103: =K93 - '2014'!K93 -> 119.33174 | L103: =L93 - '2014'!L93 -> 225.12382 | M103: =IF(G103="","",M93-((1/'Proto 2013'!G124)*1000000)) | N103: =IF(H103="","",N93-((1/'Proto 2013'!H124)*1000000)) | O103: =IF(I103="","",O93-((1/'Proto 2013'!I124)*1000000))
A104: T2a | B104: AI/PID/AO | C104: Polling | D104: =IF(D94="","",(D94-'2014'!D50)/'2014'!D50) -> 0.034362799 | E104: =IF(E94="","",(E94-'2014'!E50)/'2014'!E50) -> 0.046789736 | F104: =IF(F94="","",(F94-'2014'!F50)/'2014'!F50) -> -0.042378917 | G104: =IF(G94="","",(G94-'2014'!G94)/'2014'!G94) | H104: =IF(H94="","",(H94-'2014'!H94)/'2014'!H94) | I104: =IF(I94="","",(I94-'2014'!I94)/'2014'!I94) | J104: =J94 - '2014'!J94 -> 24.196085 | K104: =K94 - '2014'!K94 -> 55.456965 | L104: =L94 - '2014'!L94 -> 185.94273 | M104: =IF(G104="","",M94-((1/'Proto 2013'!G125)*1000000)) | N104: =IF(H104="","",N94-((1/'Proto 2013'!H125)*1000000)) | O104: =IF(I104="","",O94-((1/'Proto 2013'!I125)*1000000))
A105: T2b | B105: AI/PID/AO | C105: Interrupts | D105: =IF(D95="","",(D95-'2014'!D51)/'2014'!D51) -> 0.010117716 | E105: =IF(E95="","",(E95-'2014'!E51)/'2014'!E51) -> 0.062399572 | F105: =IF(F95="","",(F95-'2014'!F51)/'2014'!F51) -> 0.038664323 | G105: =IF(G95="","",(G95-'2014'!G95)/'2014'!G95) | H105: =IF(H95="","",(H95-'2014'!H95)/'2014'!H95) | I105: =IF(I95="","",(I95-'2014'!I95)/'2014'!I95) | J105: =J95 - '2014'!J95 -> 96.311278 | K105: =K95 - '2014'!K95 -> 126.03983 | L105: =L95 - '2014'!L95 -> 241.72105 | M105: =IF(G105="","",M95-((1/'Proto 2013'!G126)*1000000)) | N105: =IF(H105="","",N95-((1/'Proto 2013'!H126)*1000000)) | O105: =IF(I105="","",O95-((1/'Proto 2013'!I126)*1000000))
A106: T3 | B106: AI/AO/Local Logging | C106: Interrupts | D106: =IF(D96="","",(D96-'2014'!D52)/'2014'!D52) -> 0.80853466 | E106: =IF(E96="","",(E96-'2014'!E52)/'2014'!E52) -> 0.0012995452 | F106: =IF(F96="","",(F96-'2014'!F52)/'2014'!F52) -> -0.0016904129 | G106: =IF(G96="","",(G96-'2014'!G96)/'2014'!G96) | H106: =IF(H96="","",(H96-'2014'!H96)/'2014'!H96) | I106: =IF(I96="","",(I96-'2014'!I96)/'2014'!I96) | J106: =J96 - '2014'!J96 -> 124.84395 | K106: =K96 - '2014'!K96 -> 129.78585 | L106: =L96 - '2014'!L96 -> 241.89647 | M106: =IF(G106="","",M96-((1/'Proto 2013'!G127)*1000000)) | N106: =IF(H106="","",N96-((1/'Proto 2013'!H127)*1000000)) | O106: =IF(I106="","",O96-((1/'Proto 2013'!I127)*1000000))
...

Sheet 2016
A1: LV RT 2016 cRIO Single-Point Benchmark Results (Hz)
A2: cRIO-9068, LV RT 16.0b35, NI-RIO 16.0.0a4
A3: Test | D3: Number of Channels, Rate (Hz) | J3: Number of Channels, Period (uS)
A4: Acronym | B4: Description | C4: I/O Mode | D4: 1 | E4: 4 | F4: 16 | G4: 32 | H4: 64 | I4: 80 | J4: 1 | K4: 4 | L4: 16 | M4: 32 | N4: 64 | O4: 80
A5: T1a | B5: AI / AO | C5: Polling | D5: 20576 | E5: 15648 | F5: 5943 | J5: =IF(D5="","",(1/D5)*1000000) -> 48.600311 | K5: =IF(E5="","",(1/E5)*1000000) -> 63.90593 | L5: =IF(F5="","",(1/F5)*1000000) -> 168.26519 | M5: =IF(G5="","",(1/G5)*1000000) | N5: =IF(H5="","",(1/H5)*1000000) | O5: =IF(I5="","",(1/I5)*1000000)
A6: T1b | B6: AI / AO | C6: Interrupts | D6: 1191 | E6: 6592 | F6: 3857 | J6: =IF(D6="","",(1/D6)*1000000) -> 839.63056 | K6: =IF(E6="","",(1/E6)*1000000) -> 151.69903 | L6: =IF(F6="","",(1/F6)*1000000) -> 259.26886 | M6: =IF(G6="","",(1/G6)*1000000) | N6: =IF(H6="","",(1/H6)*1000000) | O6: =IF(I6="","",(1/I6)*1000000)
A7: T2a | B7: AI/PID/AO | C7: Polling | D7: 26417 | E7: 14409 | F7: 5331 | J7: =IF(D7="","",(1/D7)*1000000) -> 37.854412 | K7: =IF(E7="","",(1/E7)*1000000) -> 69.401069 | L7: =IF(F7="","",(1/F7)*1000000) -> 187.58207 | M7: =IF(G7="","",(1/G7)*1000000) | N7: =IF(H7="","",(1/H7)*1000000) | O7: =IF(I7="","",(1/I7)*1000000)
A8: T2b | B8: AI/PID/AO | C8: Interrupts | D8: 7927 | E8: 6275 | F8: 3633 | J8: =IF(D8="","",(1/D8)*1000000) -> 126.15113 | K8: =IF(E8="","",(1/E8)*1000000) -> 159.36255 | L8: =IF(F8="","",(1/F8)*1000000) -> 275.25461 | M8: =IF(G8="","",(1/G8)*1000000) | N8: =IF(H8="","",(1/H8)*1000000) | O8: =IF(I8="","",(1/I8)*1000000)
A9: T3 | B9: AI/AO/Local Logging | C9: Interrupts | D9: 8172 | E9: 6421 | F9: 3683 | J9: =IF(D9="","",(1/D9)*1000000) -> 122.36907 | K9: =IF(E9="","",(1/E9)*1000000) -> 155.73898 | L9: =IF(F9="","",(1/F9)*1000000) -> 271.51778 | M9: =IF(G9="","",(1/G9)*1000000) | N9: =IF(H9="","",(1/H9)*1000000) | O9: =IF(I9="","",(1/I9)*1000000)
A10: T4 | B10: AI/AO/Host Comm. | C10: Interrupts | D10: 8094 | E10: 6453 | F10: 3673 | J10: =IF(D10="","",(1/D10)*1000000) -> 123.54831 | K10: =IF(E10="","",(1/E10)*1000000) -> 154.96668 | L10: =IF(F10="","",(1/F10)*1000000) -> 272.25701 | M10: =IF(G10="","",(1/G10)*1000000) | N10: =IF(H10="","",(1/H10)*1000000) | O10: =IF(I10="","",(1/I10)*1000000)
A11: Link to report : 9068_sp_online_poll_16.0b35
A12: Result Improvement vs. 2015 (% & uS)
A13: Test | D13: Number of Channels (%) | J13: Number of Channels, Difference in Period (uS)
A14: Acronym | B14: Description | C14: I/O Mode | D14: 1 | E14: 4 | F14: 16 | G14: 32 | H14: 64 | I14: 80 | J14: 1 | K14: 4 | L14: 16 | M14: 32 | N14: 64 | O14: 80
A15: T1a | B15: AI / AO | C15: Polling | D15: =IF(D5="","",(D5-'2015'!D92)/'2015'!D92) -> -0.55610209 | E15: =IF(E5="","",(E5-'2015'!E92)/'2015'!E92) -> -0.28167462 | F15: =IF(F5="","",(F5-'2015'!F92)/'2015'!F92) -> -0.091006424 | G15: =IF(G5="","",(G5-'2014'!#REF!)/'2014'!#REF!) | H15: =IF(H5="","",(H5-'2014'!#REF!)/'2014'!#REF!) | I15: =IF(I5="","",(I5-'2014'!#REF!)/'2014'!#REF!) | J15: =J5 - '2015'!J92 -> 27.026734 | K15: =K5 - '2015'!K92 -> 18.000679 | L15: =L5 - '2015'!L92 -> 15.313213 | M15: =IF(G15="","",M5-((1/'Proto 2013'!G15)*1000000)) | N15: =IF(H15="","",N5-((1/'Proto 2013'!H15)*1000000)) | O15: =IF(I15="","",O5-((1/'Proto 2013'!I15)*1000000))
A16: T1b | B16: AI / AO | C16: Interrupts | D16: =IF(D6="","",(D6-'2015'!D93)/'2015'!D93) -> -0.88925051 | E16: =IF(E6="","",(E6-'2015'!E93)/'2015'!E93) -> -0.21336516 | F16: =IF(F6="","",(F6-'2015'!F93)/'2015'!F93) -> -0.13169743 | G16: =IF(G6="","",(G6-'2014'!#REF!)/'2014'!#REF!) | H16: =IF(H6="","",(H6-'2014'!#REF!)/'2014'!#REF!) | I16: =IF(I6="","",(I6-'2014'!#REF!)/'2014'!#REF!) | J16: =J6 - '2015'!J93 -> 746.64191 | K16: =K6 - '2015'!K93 -> 32.367287 | L16: =L6 - '2015'!L93 -> 34.145044 | M16: =IF(G16="","",M6-((1/'Proto 2013'!G16)*1000000)) | N16: =IF(H16="","",N6-((1/'Proto 2013'!H16)*1000000)) | O16: =IF(I16="","",O6-((1/'Proto 2013'!I16)*1000000))
A17: T2a | B17: AI/PID/AO | C17: Polling | D17: =IF(D7="","",(D7-'2015'!D94)/'2015'!D94) -> -0.36081202 | E17: =IF(E7="","",(E7-'2015'!E94)/'2015'!E94) -> -0.20092059 | F17: =IF(F7="","",(F7-'2015'!F94)/'2015'!F94) -> -0.0087393083 | G17: =IF(G7="","",(G7-'2014'!#REF!)/'2014'!#REF!) | H17: =IF(H7="","",(H7-'2014'!#REF!)/'2014'!#REF!) | I17: =IF(I7="","",(I7-'2014'!#REF!)/'2014'!#REF!) | J17: =J7 - '2015'!J94 -> 13.658327 | K17: =K7 - '2015'!K94 -> 13.944103 | L17: =L7 - '2015'!L94 -> 1.6393375 | M17: =IF(G17="","",M7-((1/'Proto 2013'!G17)*1000000)) | N17: =IF(H17="","",N7-((1/'Proto 2013'!H17)*1000000)) | O17: =IF(I17="","",O7-((1/'Proto 2013'!I17)*1000000))
A18: T2b | B18: AI/PID/AO | C18: Interrupts | D18: =IF(D8="","",(D8-'2015'!D95)/'2015'!D95) -> -0.2365405 | E18: =IF(E8="","",(E8-'2015'!E95)/'2015'!E95) -> -0.20910008 | F18: =IF(F8="","",(F8-'2015'!F95)/'2015'!F95) -> -0.12182741 | G18: =IF(G8="","",(G8-'2014'!#REF!)/'2014'!#REF!) | H18: =IF(H8="","",(H8-'2014'!#REF!)/'2014'!#REF!) | I18: =IF(I8="","",(I8-'2014'!#REF!)/'2014'!#REF!) | J18: =J8 - '2015'!J95 -> 29.839851 | K18: =K8 - '2015'!K95 -> 33.322721 | L18: =L8 - '2015'!L95 -> 33.533557 | M18: =IF(G18="","",M8-((1/'Proto 2013'!G18)*1000000)) | N18: =IF(H18="","",N8-((1/'Proto 2013'!H18)*1000000)) | O18: =IF(I18="","",O8-((1/'Proto 2013'!I18)*1000000))
A19: T3 | B19: AI/AO/Local Logging | C19: Interrupts | D19: =IF(D9="","",(D9-'2015'!D96)/'2015'!D96) -> 0.020224719 | E19: =IF(E9="","",(E9-'2015'!E96)/'2015'!E96) -> -0.16664504 | F19: =IF(F9="","",(F9-'2015'!F96)/'2015'!F96) -> -0.10909531 | G19: =IF(G9="","",(G9-'2014'!#REF!)/'2014'!#REF!) | H19: =IF(H9="","",(H9-'2014'!#REF!)/'2014'!#REF!) | I19: =IF(I9="","",(I9-'2014'!#REF!)/'2014'!#REF!) | J19: =J9 - '2015'!J96 -> -2.47488 | K19: =K9 - '2015'!K96 -> 25.953128 | L19: =L9 - '2015'!L96 -> 29.621316 | M19: =IF(G19="","",M9-((1/'Proto 2013'!G19)*1000000)) | N19: =IF(H19="","",N9-((1/'Proto 2013'!H19)*1000000)) | O19: =IF(I19="","",O9-((1/'Proto 2013'!I19)*1000000))
A20: T4 | B20: AI/AO/Host Comm. | C20: Interrupts | D20: =IF(D10="","",(D10-'2015'!D97)/'2015'!D97) -> 0.010486891 | E20: =IF(E10="","",(E10-'2015'!E97)/'2015'!E97) -> -0.12036532 | F20: =IF(F10="","",(F10-'2015'!F97)/'2015'!F97) -> -0.10957576 | G20: =IF(G10="","",(G10-'2014'!#REF!)/'2014'!#REF!) | H20: =IF(H10="","",(H10-'2014'!#REF!)/'2014'!#REF!) | I20: =IF(I10="","",(I10-'2014'!#REF!)/'2014'!#REF!) | J20: =J10 - '2015'!J97 -> -1.2956377 | K20: =K10 - '2015'!K97 -> 18.652615 | L20: =L10 - '2015'!L97 -> 29.832768 | M20: =IF(G20="","",M10-((1/'Proto 2013'!G20)*1000000)) | N20: =IF(H20="","",N10-((1/'Proto 2013'!H20)*1000000)) | O20: =IF(I20="","",O10-((1/'Proto 2013'!I20)*1000000))
A22: LV RT 2016 cRIO Single-Point Benchmark Results (Hz)
A23: cRIO-9068, LV RT 16.0b40, NI-RIO 16.0.0a4
A24: Test | D24: Number of Channels, Rate (Hz) | J24: Number of Channels, Period (uS)
A25: Acronym | B25: Description | C25: I/O Mode | D25: 1 | E25: 4 | F25: 16 | G25: 32 | H25: 64 | I25: 80 | J25: 1 | K25: 4 | L25: 16 | M25: 32 | N25: 64 | O25: 80
A26: T1a | B26: AI / AO | C26: Polling | D26: 25675 | E26: 15359 | F26: 4763 | J26: =IF(D26="","",(1/D26)*1000000) -> 38.948393 | K26: =IF(E26="","",(1/E26)*1000000) -> 65.108405 | L26: =IF(F26="","",(1/F26)*1000000) -> 209.95171 | M26: =IF(G26="","",(1/G26)*1000000) | N26: =IF(H26="","",(1/H26)*1000000) | O26: =IF(I26="","",(1/I26)*1000000)
A27: T1b | B27: AI / AO | C27: Interrupts | D27: 1191 | E27: 5934 | F27: 3555 | J27: =IF(D27="","",(1/D27)*1000000) -> 839.63056 | K27: =IF(E27="","",(1/E27)*1000000) -> 168.52039 | L27: =IF(F27="","",(1/F27)*1000000) -> 281.29395 | M27: =IF(G27="","",(1/G27)*1000000) | N27: =IF(H27="","",(1/H27)*1000000) | O27: =IF(I27="","",(1/I27)*1000000)
A28: T2a | B28: AI/PID/AO | C28: Polling | D28: 18345 | E28: 13424 | F28: 5000 | J28: =IF(D28="","",(1/D28)*1000000) -> 54.510766 | K28: =IF(E28="","",(1/E28)*1000000) -> 74.493445 | L28: =IF(F28="","",(1/F28)*1000000) -> 200 | M28: =IF(G28="","",(1/G28)*1000000) | N28: =IF(H28="","",(1/H28)*1000000) | O28: =IF(I28="","",(1/I28)*1000000)
A29: T2b | B29: AI/PID/AO | C29: Interrupts | D29: 6916 | E29: 5562 | F29: 3112 | J29: =IF(D29="","",(1/D29)*1000000) -> 144.59225 | K29: =IF(E29="","",(1/E29)*1000000) -> 179.79144 | L29: =IF(F29="","",(1/F29)*1000000) -> 321.33676 | M29: =IF(G29="","",(1/G29)*1000000) | N29: =IF(H29="","",(1/H29)*1000000) | O29: =IF(I29="","",(1/I29)*1000000)
A30: T3 | B30: AI/AO/Local Logging | C30: Interrupts | D30: 7524 | E30: 6325 | F30: 3555 | J30: =IF(D30="","",(1/D30)*1000000) -> 132.90803 | K30: =IF(E30="","",(1/E30)*1000000) -> 158.10277 | L30: =IF(F30="","",(1/F30)*1000000) -> 281.29395 | M30: =IF(G30="","",(1/G30)*1000000) | N30: =IF(H30="","",(1/H30)*1000000) | O30: =IF(I30="","",(1/I30)*1000000)
A31: T4 | B31: AI/AO/Host Comm. | C31: Interrupts | D31: 7477 | E31: 6255 | F31: 3534 | J31: =IF(D31="","",(1/D31)*1000000) -> 133.74348 | K31: =IF(E31="","",(1/E31)*1000000) -> 159.8721 | L31: =IF(F31="","",(1/F31)*1000000) -> 282.96548 | M31: =IF(G31="","",(1/G31)*1000000) | N31: =IF(H31="","",(1/H31)*1000000) | O31: =IF(I31="","",(1/I31)*1000000)
A32: Link to report : 9068_sp_online_poll_16.0b40
A33: Result Improvement vs. 2015 (% & uS)
A34: Test | D34: Number of Channels (%) | J34: Number of Channels, Difference in Period (uS)
A35: Acronym | B35: Description | C35: I/O Mode | D35: 1 | E35: 4 | F35: 16 | G35: 32 | H35: 64 | I35: 80 | J35: 1 | K35: 4 | L35: 16 | M35: 32 | N35: 64 | O35: 80
A36: T1a | B36: AI / AO | C36: Polling | D36: =IF(D26="","",(D26-'2015'!D92)/'2015'!D92) -> -0.44609842 | E36: =IF(E26="","",(E26-'2015'!E92)/'2015'!E92) -> -0.29494124 | F36: =IF(F26="","",(F26-'2015'!F92)/'2015'!F92) -> -0.27148975 | G36: =IF(G26="","",(G26-'2014'!G5)/'2014'!G5) | H36: =IF(H26="","",(H26-'2014'!H5)/'2014'!H5) | I36: =IF(I26="","",(I26-'2014'!I5)/'2014'!I5) | J36: =J26 - '2015'!J92 -> 17.374817 | K36: =K26 - '2015'!K92 -> 19.203154 | L36: =L26 - '2015'!L92 -> 56.999738 | M36: =IF(G36="","",M26-((1/'Proto 2013'!G36)*1000000)) | N36: =IF(H36="","",N26-((1/'Proto 2013'!H36)*1000000)) | O36: =IF(I36="","",O26-((1/'Proto 2013'!I36)*1000000))
A37: T1b | B37: AI / AO | C37: Interrupts | D37: =IF(D27="","",(D27-'2015'!D93)/'2015'!D93) -> -0.88925051 | E37: =IF(E27="","",(E27-'2015'!E93)/'2015'!E93) -> -0.29188544 | F37: =IF(F27="","",(F27-'2015'!F93)/'2015'!F93) -> -0.19968483 | G37: =IF(G27="","",(G27-'2014'!G6)/'2014'!G6) | H37: =IF(H27="","",(H27-'2014'!H6)/'2014'!H6) | I37: =IF(I27="","",(I27-'2014'!I6)/'2014'!I6) | J37: =J27 - '2015'!J93 -> 746.64191 | K37: =K27 - '2015'!K93 -> 49.188649 | L37: =L27 - '2015'!L93 -> 56.170134 | M37: =IF(G37="","",M27-((1/'Proto 2013'!G37)*1000000)) | N37: =IF(H37="","",N27-((1/'Proto 2013'!H37)*1000000)) | O37: =IF(I37="","",O27-((1/'Proto 2013'!I37)*1000000))
A38: T2a | B38: AI/PID/AO | C38: Polling | D38: =IF(D28="","",(D28-'2015'!D94)/'2015'!D94) -> -0.55612282 | E38: =IF(E28="","",(E28-'2015'!E94)/'2015'!E94) -> -0.2555457 | F38: =IF(F28="","",(F28-'2015'!F94)/'2015'!F94) -> -0.070286352 | G38: =IF(G28="","",(G28-'2014'!G7)/'2014'!G7) | H38: =IF(H28="","",(H28-'2014'!H7)/'2014'!H7) | I38: =IF(I28="","",(I28-'2014'!I7)/'2014'!I7) | J38: =J28 - '2015'!J94 -> 30.314681 | K38: =K28 - '2015'!K94 -> 19.036479 | L38: =L28 - '2015'!L94 -> 14.05727 | M38: =IF(G38="","",M28-((1/'Proto 2013'!G38)*1000000)) | N38: =IF(H38="","",N28-((1/'Proto 2013'!H38)*1000000)) | O38: =IF(I38="","",O28-((1/'Proto 2013'!I38)*1000000))
A39: T2b | B39: AI/PID/AO | C39: Interrupts | D39: =IF(D29="","",(D29-'2015'!D95)/'2015'!D95) -> -0.3339112 | E39: =IF(E29="","",(E29-'2015'!E95)/'2015'!E95) -> -0.29896647 | F39: =IF(F29="","",(F29-'2015'!F95)/'2015'!F95) -> -0.24776408 | G39: =IF(G29="","",(G29-'2014'!G8)/'2014'!G8) | H39: =IF(H29="","",(H29-'2014'!H8)/'2014'!H8) | I39: =IF(I29="","",(I29-'2014'!I8)/'2014'!I8) | J39: =J29 - '2015'!J95 -> 48.280972 | K39: =K29 - '2015'!K95 -> 53.751613 | L39: =L29 - '2015'!L95 -> 79.615707 | M39: =IF(G39="","",M29-((1/'Proto 2013'!G39)*1000000)) | N39: =IF(H39="","",N29-((1/'Proto 2013'!H39)*1000000)) | O39: =IF(I39="","",O29-((1/'Proto 2013'!I39)*1000000))
A40: T3 | B40: AI/AO/Local Logging | C40: Interrupts | D40: =IF(D30="","",(D30-'2015'!D96)/'2015'!D96) -> -0.060674157 | E40: =IF(E30="","",(E30-'2015'!E96)/'2015'!E96) -> -0.17910448 | F40: =IF(F30="","",(F30-'2015'!F96)/'2015'!F96) -> -0.14005806 | G40: =IF(G30="","",(G30-'2014'!G9)/'2014'!G9) | H40: =IF(H30="","",(H30-'2014'!H9)/'2014'!H9) | I40: =IF(I30="","",(I30-'2014'!I9)/'2014'!I9) | J40: =J30 - '2015'!J96 -> 8.0640826 | K40: =K30 - '2015'!K96 -> 28.316913 | L40: =L30 - '2015'!L96 -> 39.397484 | M40: =IF(G40="","",M30-((1/'Proto 2013'!G40)*1000000)) | N40: =IF(H40="","",N30-((1/'Proto 2013'!H40)*1000000)) | O40: =IF(I40="","",O30-((1/'Proto 2013'!I40)*1000000))
A41: T4 | B41: AI/AO/Host Comm. | C41: Interrupts | D41: =IF(D31="","",(D31-'2015'!D97)/'2015'!D97) -> -0.066541823 | E41: =IF(E31="","",(E31-'2015'!E97)/'2015'!E97) -> -0.14735551 | F41: =IF(F31="","",(F31-'2015'!F97)/'2015'!F97) -> -0.14327273 | G41: =IF(G31="","",(G31-'2014'!G10)/'2014'!G10) | H41: =IF(H31="","",(H31-'2014'!H10)/'2014'!H10) | I41: =IF(I31="","",(I31-'2014'!I10)/'2014'!I10) | J41: =J31 - '2015'!J97 -> 8.8995349 | K41: =K31 - '2015'!K97 -> 23.558035 | L41: =L31 - '2015'!L97 -> 40.541236 | M41: =IF(G41="","",M31-((1/'Proto 2013'!G41)*1000000)) | N41: =IF(H41="","",N31-((1/'Proto 2013'!H41)*1000000)) | O41: =IF(I41="","",O31-((1/'Proto 2013'!I41)*1000000))
A43: LV RT 2016 cRIO Single-Point Benchmark Results (Hz)
A44: cRIO-9068, LV RT 16.0b46, NI-RIO 16.0.0a4
A45: Test | D45: Number of Channels, Rate (Hz) | J45: Number of Channels, Period (uS)
A46: Acronym | B46: Description | C46: I/O Mode | D46: 1 | E46: 4 | F46: 16 | G46: 32 | H46: 64 | I46: 80 | J46: 1 | K46: 4 | L46: 16 | M46: 32 | N46: 64 | O46: 80
A47: T1a | B47: AI / AO | C47: Polling | D47: 26825 | E47: 16593 | F47: 4763 | J47: =IF(D47="","",(1/D47)*1000000) -> 37.278658 | K47: =IF(E47="","",(1/E47)*1000000) -> 60.266377 | L47: =IF(F47="","",(1/F47)*1000000) -> 209.95171 | M47: =IF(G47="","",(1/G47)*1000000) | N47: =IF(H47="","",(1/H47)*1000000) | O47: =IF(I47="","",(1/I47)*1000000)
A48: T1b | B48: AI / AO | C48: Interrupts | D48: 1191 | E48: 6269 | F48: 3710 | J48: =IF(D48="","",(1/D48)*1000000) -> 839.63056 | K48: =IF(E48="","",(1/E48)*1000000) -> 159.51507 | L48: =IF(F48="","",(1/F48)*1000000) -> 269.54178 | M48: =IF(G48="","",(1/G48)*1000000) | N48: =IF(H48="","",(1/H48)*1000000) | O48: =IF(I48="","",(1/I48)*1000000)
A49: T2a | B49: AI/PID/AO | C49: Polling | D49: 28701 | E49: 13381 | F49: 5146 | J49: =IF(D49="","",(1/D49)*1000000) -> 34.841992 | K49: =IF(E49="","",(1/E49)*1000000) -> 74.73283 | L49: =IF(F49="","",(1/F49)*1000000) -> 194.32569 | M49: =IF(G49="","",(1/G49)*1000000) | N49: =IF(H49="","",(1/H49)*1000000) | O49: =IF(I49="","",(1/I49)*1000000)
A50: T2b | B50: AI/PID/AO | C50: Interrupts | D50: 7681 | E50: 6034 | F50: 3467 | J50: =IF(D50="","",(1/D50)*1000000) -> 130.19138 | K50: =IF(E50="","",(1/E50)*1000000) -> 165.72754 | L50: =IF(F50="","",(1/F50)*1000000) -> 288.4338 | M50: =IF(G50="","",(1/G50)*1000000) | N50: =IF(H50="","",(1/H50)*1000000) | O50: =IF(I50="","",(1/I50)*1000000)
A51: T3 | B51: AI/AO/Local Logging | C51: Interrupts | D51: 7315 | E51: 6318 | F51: 3538 | J51: =IF(D51="","",(1/D51)*1000000) -> 136.7054 | K51: =IF(E51="","",(1/E51)*1000000) -> 158.27794 | L51: =IF(F51="","",(1/F51)*1000000) -> 282.64556 | M51: =IF(G51="","",(1/G51)*1000000) | N51: =IF(H51="","",(1/H51)*1000000) | O51: =IF(I51="","",(1/I51)*1000000)
A52: T4 | B52: AI/AO/Host Comm. | C52: Interrupts | D52: 7197 | E52: 6161 | F52: 3512 | J52: =IF(D52="","",(1/D52)*1000000) -> 138.94678 | K52: =IF(E52="","",(1/E52)*1000000) -> 162.31131 | L52: =IF(F52="","",(1/F52)*1000000) -> 284.73804 | M52: =IF(G52="","",(1/G52)*1000000) | N52: =IF(H52="","",(1/H52)*1000000) | O52: =IF(I52="","",(1/I52)*1000000)
A53: Link to report : 9068_sp_online_poll_16.0b46
A54: Result Improvement vs. 2015 (% & uS)
A55: Test | D55: Number of Channels (%) | J55: Number of Channels, Difference in Period (uS)
A56: Acronym | B56: Description | C56: I/O Mode | D56: 1 | E56: 4 | F56: 16 | G56: 32 | H56: 64 | I56: 80 | J56: 1 | K56: 4 | L56: 16 | M56: 32 | N56: 64 | O56: 80
A57: T1a | B57: AI / AO | C57: Polling | D57: =IF(D47="","",(D47-'2015'!D92)/'2015'!D92) -> -0.42128881 | E57: =IF(E47="","",(E47-'2015'!E92)/'2015'!E92) -> -0.23829416 | F57: =IF(F47="","",(F47-'2015'!F92)/'2015'!F92) -> -0.27148975 | G57: =IF(G47="","",(G47-'2014'!G26)/'2014'!G26) | H57: =IF(H47="","",(H47-'2014'!H26)/'2014'!H26) | I57: =IF(I47="","",(I47-'2014'!I26)/'2014'!I26) | J57: =J47 - '2015'!J92 -> 15.705081 | K57: =K47 - '2015'!K92 -> 14.361126 | L57: =L47 - '2015'!L92 -> 56.999738 | M57: =IF(G57="","",M47-((1/'Proto 2013'!G57)*1000000)) | N57: =IF(H57="","",N47-((1/'Proto 2013'!H57)*1000000)) | O57: =IF(I57="","",O47-((1/'Proto 2013'!I57)*1000000))
A58: T1b | B58: AI / AO | C58: Interrupts | D58: =IF(D48="","",(D48-'2015'!D93)/'2015'!D93) -> -0.88925051 | E58: =IF(E48="","",(E48-'2015'!E93)/'2015'!E93) -> -0.25190931 | F58: =IF(F48="","",(F48-'2015'!F93)/'2015'!F93) -> -0.16479063 | G58: =IF(G48="","",(G48-'2014'!G27)/'2014'!G27) | H58: =IF(H48="","",(H48-'2014'!H27)/'2014'!H27) | I58: =IF(I48="","",(I48-'2014'!I27)/'2014'!I27) | J58: =J48 - '2015'!J93 -> 746.64191 | K58: =K48 - '2015'!K93 -> 40.183332 | L58: =L48 - '2015'!L93 -> 44.417961 | M58: =IF(G58="","",M48-((1/'Proto 2013'!G58)*1000000)) | N58: =IF(H58="","",N48-((1/'Proto 2013'!H58)*1000000)) | O58: =IF(I58="","",O48-((1/'Proto 2013'!I58)*1000000))
A59: T2a | B59: AI/PID/AO | C59: Polling | D59: =IF(D49="","",(D49-'2015'!D94)/'2015'!D94) -> -0.30554816 | E59: =IF(E49="","",(E49-'2015'!E94)/'2015'!E94) -> -0.25793035 | F59: =IF(F49="","",(F49-'2015'!F94)/'2015'!F94) -> -0.043138713 | G59: =IF(G49="","",(G49-'2014'!G28)/'2014'!G28) | H59: =IF(H49="","",(H49-'2014'!H28)/'2014'!H28) | I59: =IF(I49="","",(I49-'2014'!I28)/'2014'!I28) | J59: =J49 - '2015'!J94 -> 10.645906 | K59: =K49 - '2015'!K94 -> 19.275865 | L59: =L49 - '2015'!L94 -> 8.3829602 | M59: =IF(G59="","",M49-((1/'Proto 2013'!G59)*1000000)) | N59: =IF(H59="","",N49-((1/'Proto 2013'!H59)*1000000)) | O59: =IF(I59="","",O49-((1/'Proto 2013'!I59)*1000000))
A60: T2b | B60: AI/PID/AO | C60: Interrupts | D60: =IF(D50="","",(D50-'2015'!D95)/'2015'!D95) -> -0.26023307 | E60: =IF(E50="","",(E50-'2015'!E95)/'2015'!E95) -> -0.23947567 | F60: =IF(F50="","",(F50-'2015'!F95)/'2015'!F95) -> -0.16195311 | G60: =IF(G50="","",(G50-'2014'!G29)/'2014'!G29) | H60: =IF(H50="","",(H50-'2014'!H29)/'2014'!H29) | I60: =IF(I50="","",(I50-'2014'!I29)/'2014'!I29) | J60: =J50 - '2015'!J95 -> 33.880103 | K60: =K50 - '2015'!K95 -> 39.687715 | L60: =L50 - '2015'!L95 -> 46.712751 | M60: =IF(G60="","",M50-((1/'Proto 2013'!G60)*1000000)) | N60: =IF(H60="","",N50-((1/'Proto 2013'!H60)*1000000)) | O60: =IF(I60="","",O50-((1/'Proto 2013'!I60)*1000000))
A61: T3 | B61: AI/AO/Local Logging | C61: Interrupts | D61: =IF(D51="","",(D51-'2015'!D96)/'2015'!D96) -> -0.086766542 | E61: =IF(E51="","",(E51-'2015'!E96)/'2015'!E96) -> -0.18001298 | F61: =IF(F51="","",(F51-'2015'!F96)/'2015'!F96) -> -0.1441703 | G61: =IF(G51="","",(G51-'2014'!G30)/'2014'!G30) | H61: =IF(H51="","",(H51-'2014'!H30)/'2014'!H30) | I61: =IF(I51="","",(I51-'2014'!I30)/'2014'!I30) | J61: =J51 - '2015'!J96 -> 11.861455 | K61: =K51 - '2015'!K96 -> 28.492083 | L61: =L51 - '2015'!L96 -> 40.749094 | M61: =IF(G61="","",M51-((1/'Proto 2013'!G61)*1000000)) | N61: =IF(H61="","",N51-((1/'Proto 2013'!H61)*1000000)) | O61: =IF(I61="","",O51-((1/'Proto 2013'!I61)*1000000))
A62: T4 | B62: AI/AO/Host Comm. | C62: Interrupts | D62: =IF(D52="","",(D52-'2015'!D97)/'2015'!D97) -> -0.10149813 | E62: =IF(E52="","",(E52-'2015'!E97)/'2015'!E97) -> -0.16016903 | F62: =IF(F52="","",(F52-'2015'!F97)/'2015'!F97) -> -0.14860606 | G62: =IF(G52="","",(G52-'2014'!G31)/'2014'!G31) | H62: =IF(H52="","",(H52-'2014'!H31)/'2014'!H31) | I62: =IF(I52="","",(I52-'2014'!I31)/'2014'!I31) | J62: =J52 - '2015'!J97 -> 14.102838 | K62: =K52 - '2015'!K97 -> 25.997245 | L62: =L52 - '2015'!L97 -> 42.313799 | M62: =IF(G62="","",M52-((1/'Proto 2013'!G62)*1000000)) | N62: =IF(H62="","",N52-((1/'Proto 2013'!H62)*1000000)) | O62: =IF(I62="","",O52-((1/'Proto 2013'!I62)*1000000))
A64: LV RT 2016 cRIO Single-Point Benchmark Results (Hz)
A65: cRIO-9068, LV RT 16.0b53, NI-RIO 16.0.0a13
A66: Test | D66: Number of Channels, Rate (Hz) | J66: Number of Channels, Period (uS)
A67: Acronym | B67: Description | C67: I/O Mode | D67: 1 | E67: 4 | F67: 16 | G67: 32 | H67: 64 | I67: 80 | J67: 1 | K67: 4 | L67: 16 | M67: 32 | N67: 64 | O67: 80
A68: T1a | B68: AI / AO | C68: Polling | D68: 46885 | E68: 20740 | F68: 6188 | J68: =IF(D68="","",(1/D68)*1000000) -> 21.328783 | K68: =IF(E68="","",(1/E68)*1000000) -> 48.216008 | L68: =IF(F68="","",(1/F68)*1000000) -> 161.6031 | M68: =IF(G68="","",(1/G68)*1000000) | N68: =IF(H68="","",(1/H68)*1000000) | O68: =IF(I68="","",(1/I68)*1000000)
A69: T1b | B69: AI / AO | C69: Interrupts | D69: 1191 | E69: 7017 | F69: 3931 | J69: =IF(D69="","",(1/D69)*1000000) -> 839.63056 | K69: =IF(E69="","",(1/E69)*1000000) -> 142.51104 | L69: =IF(F69="","",(1/F69)*1000000) -> 254.3882 | M69: =IF(G69="","",(1/G69)*1000000) | N69: =IF(H69="","",(1/H69)*1000000) | O69: =IF(I69="","",(1/I69)*1000000)
A70: T2a | B70: AI/PID/AO | C70: Polling | D70: 31701 | E70: 15660 | F70: 5330 | J70: =IF(D70="","",(1/D70)*1000000) -> 31.544746 | K70: =IF(E70="","",(1/E70)*1000000) -> 63.85696 | L70: =IF(F70="","",(1/F70)*1000000) -> 187.61726 | M70: =IF(G70="","",(1/G70)*1000000) | N70: =IF(H70="","",(1/H70)*1000000) | O70: =IF(I70="","",(1/I70)*1000000)
A71: T2b | B71: AI/PID/AO | C71: Interrupts | D71: 8498 | E71: 6421 | F71: 3219 | J71: =IF(D71="","",(1/D71)*1000000) -> 117.67475 | K71: =IF(E71="","",(1/E71)*1000000) -> 155.73898 | L71: =IF(F71="","",(1/F71)*1000000) -> 310.65548 | M71: =IF(G71="","",(1/G71)*1000000) | N71: =IF(H71="","",(1/H71)*1000000) | O71: =IF(I71="","",(1/I71)*1000000)
A72: T3 | B72: AI/AO/Local Logging | C72: Interrupts | D72: 8160 | E72: 6453 | F72: Error | J72: =IF(D72="","",(1/D72)*1000000) -> 122.54902 | K72: =IF(E72="","",(1/E72)*1000000) -> 154.96668 | L72: =IF(F72="","",(1/F72)*1000000) -> #VALUE! | M72: =IF(G72="","",(1/G72)*1000000) | N72: =IF(H72="","",(1/H72)*1000000) | O72: =IF(I72="","",(1/I72)*1000000)
A73: T4 | B73: AI/AO/Host Comm. | C73: Interrupts | D73: Error | E73: Error | F73: Error | J73: =IF(D73="","",(1/D73)*1000000) -> #VALUE! | K73: =IF(E73="","",(1/E73)*1000000) -> #VALUE! | L73: =IF(F73="","",(1/F73)*1000000) -> #VALUE! | M73: =IF(G73="","",(1/G73)*1000000) | N73: =IF(H73="","",(1/H73)*1000000) | O73: =IF(I73="","",(1/I73)*1000000)
A74: Link to report : 9068_sp_online_poll_16.0b53 Target got disconnected for T4 cases
A75: Result Improvement vs. 2015 (% & uS)
A76: Test | D76: Number of Channels (%) | J76: Number of Channels, Difference in Period (uS)
A77: Acronym | B77: Description | C77: I/O Mode | D77: 1 | E77: 4 | F77: 16 | G77: 32 | H77: 64 | I77: 80 | J77: 1 | K77: 4 | L77: 16 | M77: 32 | N77: 64 | O77: 80
A78: T1a | B78: AI / AO | C78: Polling | D78: =IF(D68="","",(D68-'2015'!D92)/'2015'!D92) -> 0.011477143 | E78: =IF(E68="","",(E68-'2015'!E92)/'2015'!E92) -> -0.047925083 | F78: =IF(F68="","",(F68-'2015'!F92)/'2015'!F92) -> -0.053533191 | G78: =IF(G68="","",(G68-'2014'!G26)/'2014'!G26) | H78: =IF(H68="","",(H68-'2014'!H26)/'2014'!H26) | I78: =IF(I68="","",(I68-'2014'!I26)/'2014'!I26) | J78: =J68 - '2015'!J92 -> -0.24479349 | K78: =K68 - '2015'!K92 -> 2.3107562 | L78: =L68 - '2015'!L92 -> 8.6511297 | M78: =IF(G78="","",M68-((1/'Proto 2013'!G57)*1000000)) | N78: =IF(H78="","",N68-((1/'Proto 2013'!H57)*1000000)) | O78: =IF(I78="","",O68-((1/'Proto 2013'!I57)*1000000))
A79: T1b | B79: AI / AO | C79: Interrupts | D79: =IF(D69="","",(D69-'2015'!D93)/'2015'!D93) -> -0.88925051 | E79: =IF(E69="","",(E69-'2015'!E93)/'2015'!E93) -> -0.16264916 | F79: =IF(F69="","",(F69-'2015'!F93)/'2015'!F93) -> -0.11503827 | G79: =IF(G69="","",(G69-'2014'!G27)/'2014'!G27) | H79: =IF(H69="","",(H69-'2014'!H27)/'2014'!H27) | I79: =IF(I69="","",(I69-'2014'!I27)/'2014'!I27) | J79: =J69 - '2015'!J93 -> 746.64191 | K79: =K69 - '2015'!K93 -> 23.179302 | L79: =L69 - '2015'!L93 -> 29.264378 | M79: =IF(G79="","",M69-((1/'Proto 2013'!G58)*1000000)) | N79: =IF(H79="","",N69-((1/'Proto 2013'!H58)*1000000)) | O79: =IF(I79="","",O69-((1/'Proto 2013'!I58)*1000000))
A80: T2a | B80: AI/PID/AO | C80: Polling | D80: =IF(D70="","",(D70-'2015'!D94)/'2015'!D94) -> -0.23295991 | E80: =IF(E70="","",(E70-'2015'!E94)/'2015'!E94) -> -0.13154392 | F80: =IF(F70="","",(F70-'2015'!F94)/'2015'!F94) -> -0.008925251 | G80: =IF(G70="","",(G70-'2014'!G28)/'2014'!G28) | H80: =IF(H70="","",(H70-'2014'!H28)/'2014'!H28) | I80: =IF(I70="","",(I70-'2014'!I28)/'2014'!I28) | J80: =J70 - '2015'!J94 -> 7.3486611 | K80: =K70 - '2015'!K94 -> 8.399995 | L80: =L70 - '2015'!L94 -> 1.6745311 | M80: =IF(G80="","",M70-((1/'Proto 2013'!G59)*1000000)) | N80: =IF(H80="","",N70-((1/'Proto 2013'!H59)*1000000)) | O80: =IF(I80="","",O70-((1/'Proto 2013'!I59)*1000000))
A81: T2b | B81: AI/PID/AO | C81: Interrupts | D81: =IF(D71="","",(D71-'2015'!D95)/'2015'!D95) -> -0.18154676 | E81: =IF(E71="","",(E71-'2015'!E95)/'2015'!E95) -> -0.19069826 | F81: =IF(F71="","",(F71-'2015'!F95)/'2015'!F95) -> -0.22189993 | G81: =IF(G71="","",(G71-'2014'!G29)/'2014'!G29) | H81: =IF(H71="","",(H71-'2014'!H29)/'2014'!H29) | I81: =IF(I71="","",(I71-'2014'!I29)/'2014'!I29) | J81: =J71 - '2015'!J95 -> 21.363469 | K81: =K71 - '2015'!K95 -> 29.699153 | L81: =L71 - '2015'!L95 -> 68.934429 | M81: =IF(G81="","",M71-((1/'Proto 2013'!G60)*1000000)) | N81: =IF(H81="","",N71-((1/'Proto 2013'!H60)*1000000)) | O81: =IF(I81="","",O71-((1/'Proto 2013'!I60)*1000000))
A82: T3 | B82: AI/AO/Local Logging | C82: Interrupts | D82: =IF(D72="","",(D72-'2015'!D96)/'2015'!D96) -> 0.018726592 | E82: =IF(E72="","",(E72-'2015'!E96)/'2015'!E96) -> -0.16249189 | F82: =IF(F72="","",(F72-'2015'!F96)/'2015'!F96) -> #VALUE! | G82: =IF(G72="","",(G72-'2014'!G30)/'2014'!G30) | H82: =IF(H72="","",(H72-'2014'!H30)/'2014'!H30) | I82: =IF(I72="","",(I72-'2014'!I30)/'2014'!I30) | J82: =J72 - '2015'!J96 -> -2.2949255 | K82: =K72 - '2015'!K96 -> 25.180829 | L82: =L72 - '2015'!L96 -> #VALUE! | M82: =IF(G82="","",M72-((1/'Proto 2013'!G61)*1000000)) | N82: =IF(H82="","",N72-((1/'Proto 2013'!H61)*1000000)) | O82: =IF(I82="","",O72-((1/'Proto 2013'!I61)*1000000))
A83: T4 | B83: AI/AO/Host Comm. | C83: Interrupts | D83: =IF(D73="","",(D73-'2015'!D97)/'2015'!D97) -> #VALUE! | E83: =IF(E73="","",(E73-'2015'!E97)/'2015'!E97) -> #VALUE! | F83: =IF(F73="","",(F73-'2015'!F97)/'2015'!F97) -> #VALUE! | G83: =IF(G73="","",(G73-'2014'!G31)/'2014'!G31) | H83: =IF(H73="","",(H73-'2014'!H31)/'2014'!H31) | I83: =IF(I73="","",(I73-'2014'!I31)/'2014'!I31) | J83: =J73 - '2015'!J97 -> #VALUE! | K83: =K73 - '2015'!K97 -> #VALUE! | L83: =L73 - '2015'!L97 -> #VALUE! | M83: =IF(G83="","",M73-((1/'Proto 2013'!G62)*1000000)) | N83: =IF(H83="","",N73-((1/'Proto 2013'!H62)*1000000)) | O83: =IF(I83="","",O73-((1/'Proto 2013'!I62)*1000000))
A85: LV RT 2016 cRIO Single-Point Benchmark Results (Hz)
A86: cRIO-9068, LV RT 16.0b56, NI-RIO 16.0.0a13
A87: Test | D87: Number of Channels, Rate (Hz) | J87: Number of Channels, Period (uS)
A88: Acronym | B88: Description | C88: I/O Mode | D88: 1 | E88: 4 | F88: 16 | G88: 32 | H88: 64 | I88: 80 | J88: 1 | K88: 4 | L88: 16 | M88: 32 | N88: 64 | O88: 80
A89: T1a | B89: AI / AO | C89: Polling | D89: 44978 | E89: 20426 | F89: 6186 | J89: =IF(D89="","",(1/D89)*1000000) -> 22.233092 | K89: =IF(E89="","",(1/E89)*1000000) -> 48.957211 | L89: =IF(F89="","",(1/F89)*1000000) -> 161.65535 | M89: =IF(G89="","",(1/G89)*1000000) | N89: =IF(H89="","",(1/H89)*1000000) | O89: =IF(I89="","",(1/I89)*1000000)
A90: T1b | B90: AI / AO | C90: Interrupts | D90: 8628 | E90: 7067 | F90: 3951 | J90: =IF(D90="","",(1/D90)*1000000) -> 115.90172 | K90: =IF(E90="","",(1/E90)*1000000) -> 141.50276 | L90: =IF(F90="","",(1/F90)*1000000) -> 253.10048 | M90: =IF(G90="","",(1/G90)*1000000) | N90: =IF(H90="","",(1/H90)*1000000) | O90: =IF(I90="","",(1/I90)*1000000)
A91: T2a | B91: AI/PID/AO | C91: Polling | D91: 39134 | E91: 13841 | F91: 5516 | J91: =IF(D91="","",(1/D91)*1000000) -> 25.553227 | K91: =IF(E91="","",(1/E91)*1000000) -> 72.249115 | L91: =IF(F91="","",(1/F91)*1000000) -> 181.29079 | M91: =IF(G91="","",(1/G91)*1000000) | N91: =IF(H91="","",(1/H91)*1000000) | O91: =IF(I91="","",(1/I91)*1000000)
A92: T2b | B92: AI/PID/AO | C92: Interrupts | D92: 8502 | E92: 6626 | F92: 3642 | J92: =IF(D92="","",(1/D92)*1000000) -> 117.61938 | K92: =IF(E92="","",(1/E92)*1000000) -> 150.92062 | L92: =IF(F92="","",(1/F92)*1000000) -> 274.57441 | M92: =IF(G92="","",(1/G92)*1000000) | N92: =IF(H92="","",(1/H92)*1000000) | O92: =IF(I92="","",(1/I92)*1000000)
A93: T3 | B93: AI/AO/Local Logging | C93: Interrupts | D93: 8117 | E93: 6399 | F93: 0 | J93: =IF(D93="","",(1/D93)*1000000) -> 123.19823 | K93: =IF(E93="","",(1/E93)*1000000) -> 156.27442 | L93: =IF(F93="","",(1/F93)*1000000) -> #DIV/0! | M93: =IF(G93="","",(1/G93)*1000000) | N93: =IF(H93="","",(1/H93)*1000000) | O93: =IF(I93="","",(1/I93)*1000000)
A94: T4 | B94: AI/AO/Host Comm. | C94: Interrupts | D94: 0 | E94: 0 | F94: 0 | J94: =IF(D94="","",(1/D94)*1000000) -> #DIV/0! | K94: =IF(E94="","",(1/E94)*1000000) -> #DIV/0! | L94: =IF(F94="","",(1/F94)*1000000) -> #DIV/0! | M94: =IF(G94="","",(1/G94)*1000000) | N94: =IF(H94="","",(1/H94)*1000000) | O94: =IF(I94="","",(1/I94)*1000000)
A95: Link to report : 9068_sp_online_poll_16.0b56 Target got disconnected for T4 cases and T3 16 ch case
A96: Result Improvement vs. 2015 (% & uS)
A97: Test | D97: Number of Channels (%) | J97: Number of Channels, Difference in Period (uS)
A98: Acronym | B98: Description | C98: I/O Mode | D98: 1 | E98: 4 | F98: 16 | G98: 32 | H98: 64 | I98: 80 | J98: 1 | K98: 4 | L98: 16 | M98: 32 | N98: 64 | O98: 80
A99: T1a | B99: AI / AO | C99: Polling | D99: =IF(D89="","",(D89-'2015'!D92)/'2015'!D92) -> -0.029663668 | E99: =IF(E89="","",(E89-'2015'!E92)/'2015'!E92) -> -0.062339332 | F99: =IF(F89="","",(F89-'2015'!F92)/'2015'!F92) -> -0.053839095 | G99: =IF(G89="","",(G89-'2014'!G47)/'2014'!G47) | H99: =IF(H89="","",(H89-'2014'!H47)/'2014'!H47) | I99: =IF(I89="","",(I89-'2014'!I47)/'2014'!I47) | J99: =J89 - '2015'!J92 -> 0.65951505 | K99: =K89 - '2015'!K92 -> 3.0519598 | L99: =L89 - '2015'!L92 -> 8.7033777 | M99: =IF(G99="","",M89-((1/'Proto 2013'!G78)*1000000)) | N99: =IF(H99="","",N89-((1/'Proto 2013'!H78)*1000000)) | O99: =IF(I99="","",O89-((1/'Proto 2013'!I78)*1000000))
A100: T1b | B100: AI / AO | C100: Interrupts | D100: =IF(D90="","",(D90-'2015'!D93)/'2015'!D93) -> -0.19769388 | E100: =IF(E90="","",(E90-'2015'!E93)/'2015'!E93) -> -0.15668258 | F100: =IF(F90="","",(F90-'2015'!F93)/'2015'!F93) -> -0.11053579 | G100: =IF(G90="","",(G90-'2014'!G48)/'2014'!G48) | H100: =IF(H90="","",(H90-'2014'!H48)/'2014'!H48) | I100: =IF(I90="","",(I90-'2014'!I48)/'2014'!I48) | J100: =J90 - '2015'!J93 -> 22.91306 | K100: =K90 - '2015'!K93 -> 22.171017 | L100: =L90 - '2015'!L93 -> 27.976663 | M100: =IF(G100="","",M90-((1/'Proto 2013'!G79)*1000000)) | N100: =IF(H100="","",N90-((1/'Proto 2013'!H79)*1000000)) | O100: =IF(I100="","",O90-((1/'Proto 2013'!I79)*1000000))
A101: T2a | B101: AI/PID/AO | C101: Polling | D101: =IF(D91="","",(D91-'2015'!D94)/'2015'!D94) -> -0.053110407 | E101: =IF(E91="","",(E91-'2015'!E94)/'2015'!E94) -> -0.23242014 | F101: =IF(F91="","",(F91-'2015'!F94)/'2015'!F94) -> 0.025660097 | G101: =IF(G91="","",(G91-'2014'!G49)/'2014'!G49) | H101: =IF(H91="","",(H91-'2014'!H49)/'2014'!H49) | I101: =IF(I91="","",(I91-'2014'!I49)/'2014'!I49) | J101: =J91 - '2015'!J94 -> 1.3571423 | K101: =K91 - '2015'!K94 -> 16.79215 | L101: =L91 - '2015'!L94 -> -4.6519392 | M101: =IF(G101="","",M91-((1/'Proto 2013'!G80)*1000000)) | N101: =IF(H101="","",N91-((1/'Proto 2013'!H80)*1000000)) | O101: =IF(I101="","",O91-((1/'Proto 2013'!I80)*1000000))
A102: T2b | B102: AI/PID/AO | C102: Interrupts | D102: =IF(D92="","",(D92-'2015'!D95)/'2015'!D95) -> -0.18116151 | E102: =IF(E92="","",(E92-'2015'!E95)/'2015'!E95) -> -0.1648601 | F102: =IF(F92="","",(F92-'2015'!F95)/'2015'!F95) -> -0.11965192 | G102: =IF(G92="","",(G92-'2014'!G50)/'2014'!G50) | H102: =IF(H92="","",(H92-'2014'!H50)/'2014'!H50) | I102: =IF(I92="","",(I92-'2014'!I50)/'2014'!I50) | J102: =J92 - '2015'!J95 -> 21.308106 | K102: =K92 - '2015'!K95 -> 24.880787 | L102: =L92 - '2015'!L95 -> 32.853356 | M102: =IF(G102="","",M92-((1/'Proto 2013'!G81)*1000000)) | N102: =IF(H102="","",N92-((1/'Proto 2013'!H81)*1000000)) | O102: =IF(I102="","",O92-((1/'Proto 2013'!I81)*1000000))
A103: T3 | B103: AI/AO/Local Logging | C103: Interrupts | D103: =IF(D93="","",(D93-'2015'!D96)/'2015'!D96) -> 0.013358302 | E103: =IF(E93="","",(E93-'2015'!E96)/'2015'!E96) -> -0.16950032 | F103: =IF(F93="","",(F93-'2015'!F96)/'2015'!F96) -> -1 | G103: =IF(G93="","",(G93-'2014'!G51)/'2014'!G51) | H103: =IF(H93="","",(H93-'2014'!H51)/'2014'!H51) | I103: =IF(I93="","",(I93-'2014'!I51)/'2014'!I51) | J103: =J93 - '2015'!J96 -> -1.6457191 | K103: =K93 - '2015'!K96 -> 26.488565 | L103: =L93 - '2015'!L96 -> #DIV/0! | M103: =IF(G103="","",M93-((1/'Proto 2013'!G82)*1000000)) | N103: =IF(H103="","",N93-((1/'Proto 2013'!H82)*1000000)) | O103: =IF(I103="","",O93-((1/'Proto 2013'!I82)*1000000))
A104: T4 | B104: AI/AO/Host Comm. | C104: Interrupts | D104: =IF(D94="","",(D94-'2015'!D97)/'2015'!D97) -> -1 | E104: =IF(E94="","",(E94-'2015'!E97)/'2015'!E97) -> -1 | F104: =IF(F94="","",(F94-'2015'!F97)/'2015'!F97) -> -1 | G104: =IF(G94="","",(G94-'2014'!G52)/'2014'!G52) | H104: =IF(H94="","",(H94-'2014'!H52)/'2014'!H52) | I104: =IF(I94="","",(I94-'2014'!I52)/'2014'!I52) | J104: =J94 - '2015'!J97 -> #DIV/0! | K104: =K94 - '2015'!K97 -> #DIV/0! | L104: =L94 - '2015'!L97 -> #DIV/0! | M104: =IF(G104="","",M94-((1/'Proto 2013'!G83)*1000000)) | N104: =IF(H104="","",N94-((1/'Proto 2013'!H83)*1000000)) | O104: =IF(I104="","",O94-((1/'Proto 2013'!I83)*1000000))
...

Sheet 2017
A1: LV RT 2017 cRIO Single-Point Benchmark Results (Hz)
A2: cRIO-9068, LV RT 17.0d41,NI-RIO 16.0.0f0
A3: Test | D3: Number of Channels, Rate (Hz) | J3: Number of Channels, Period (uS)
A4: Acronym | B4: Description | C4: I/O Mode | D4: 1 | E4: 4 | F4: 16 | G4: 32 | H4: 64 | I4: 80 | J4: 1 | K4: 4 | L4: 16 | M4: 32 | N4: 64 | O4: 80
A5: T1a | B5: AI / AO | C5: Polling | D5: 35555 | E5: 20740 | F5: 6292 | J5: =IF(D5="","",(1/D5)*1000000) -> 28.125439 | K5: =IF(E5="","",(1/E5)*1000000) -> 48.216008 | L5: =IF(F5="","",(1/F5)*1000000) -> 158.93198 | M5: =IF(G5="","",(1/G5)*1000000) | N5: =IF(H5="","",(1/H5)*1000000) | O5: =IF(I5="","",(1/I5)*1000000)
A6: T1b | B6: AI / AO | C6: Interrupts | D6: 9763 | E6: 7564 | F6: 4121 | J6: =IF(D6="","",(1/D6)*1000000) -> 102.42753 | K6: =IF(E6="","",(1/E6)*1000000) -> 132.20518 | L6: =IF(F6="","",(1/F6)*1000000) -> 242.65955 | M6: =IF(G6="","",(1/G6)*1000000) | N6: =IF(H6="","",(1/H6)*1000000) | O6: =IF(I6="","",(1/I6)*1000000)
A7: T2a | B7: AI/PID/AO | C7: Polling | D7: 31701 | E7: 17115 | F7: 5608 | J7: =IF(D7="","",(1/D7)*1000000) -> 31.544746 | K7: =IF(E7="","",(1/E7)*1000000) -> 58.428279 | L7: =IF(F7="","",(1/F7)*1000000) -> 178.31669 | M7: =IF(G7="","",(1/G7)*1000000) | N7: =IF(H7="","",(1/H7)*1000000) | O7: =IF(I7="","",(1/I7)*1000000)
A8: T2b | B8: AI/PID/AO | C8: Interrupts | D8: 9246 | E8: 7094 | F8: 3846 | J8: =IF(D8="","",(1/D8)*1000000) -> 108.15488 | K8: =IF(E8="","",(1/E8)*1000000) -> 140.9642 | L8: =IF(F8="","",(1/F8)*1000000) -> 260.0104 | M8: =IF(G8="","",(1/G8)*1000000) | N8: =IF(H8="","",(1/H8)*1000000) | O8: =IF(I8="","",(1/I8)*1000000)
A9: T3 | B9: AI/AO/Local Logging | C9: Interrupts | D9: 8443 | E9: 7299 | F9: 3939 | J9: =IF(D9="","",(1/D9)*1000000) -> 118.44131 | K9: =IF(E9="","",(1/E9)*1000000) -> 137.00507 | L9: =IF(F9="","",(1/F9)*1000000) -> 253.87154 | M9: =IF(G9="","",(1/G9)*1000000) | N9: =IF(H9="","",(1/H9)*1000000) | O9: =IF(I9="","",(1/I9)*1000000)
A10: T4 | B10: AI/AO/Host Comm. | C10: Interrupts | D10: 8433 | E10: 7180 | F10: 4000 | J10: =IF(D10="","",(1/D10)*1000000) -> 118.58176 | K10: =IF(E10="","",(1/E10)*1000000) -> 139.27577 | L10: =IF(F10="","",(1/F10)*1000000) -> 250 | M10: =IF(G10="","",(1/G10)*1000000) | N10: =IF(H10="","",(1/H10)*1000000) | O10: =IF(I10="","",(1/I10)*1000000)
A11: Worst of 10 iterations: 9068_sp_online_poll_17.0d41
A12: Result Improvement vs. 2016 (% & uS)
A13: Test | D13: Number of Channels (%) | J13: Number of Channels, Difference in Period (uS)
A14: Acronym | B14: Description | C14: I/O Mode | D14: 1 | E14: 4 | F14: 16 | G14: 32 | H14: 64 | I14: 80 | J14: 1 | K14: 4 | L14: 16 | M14: 32 | N14: 64 | O14: 80
A15: T1a | B15: AI / AO | C15: Polling | D15: =IF(D5="","",(D5-'2016'!D191)/'2016'!D191) -> -0.16666667 | E15: =IF(E5="","",(E5-'2016'!E191)/'2016'!E191) -> 0.10454279 | F15: =IF(F5="","",(F5-'2016'!F191)/'2016'!F191) -> -0.015028178 | G15: =IF(G5="","",(G5-'2014'!#REF!)/'2014'!#REF!) | H15: =IF(H5="","",(H5-'2014'!#REF!)/'2014'!#REF!) | I15: =IF(I5="","",(I5-'2014'!#REF!)/'2014'!#REF!) | J15: =J5 - '2015'!#REF! -> #REF! | K15: =K5 - '2015'!#REF! -> #REF! | L15: =L5 - '2015'!#REF! -> #REF! | M15: =IF(G15="","",M5-((1/'Proto 2013'!#REF!)*1000000)) | N15: =IF(H15="","",N5-((1/'Proto 2013'!#REF!)*1000000)) | O15: =IF(I15="","",O5-((1/'Proto 2013'!#REF!)*1000000))
A16: T1b | B16: AI / AO | C16: Interrupts | D16: =IF(D6="","",(D6-'2016'!D192)/'2016'!D192) -> 0.021448002 | E16: =IF(E6="","",(E6-'2016'!E192)/'2016'!E192) -> -0.010983264 | F16: =IF(F6="","",(F6-'2016'!F192)/'2016'!F192) -> -0.014350634 | G16: =IF(G6="","",(G6-'2014'!#REF!)/'2014'!#REF!) | H16: =IF(H6="","",(H6-'2014'!#REF!)/'2014'!#REF!) | I16: =IF(I6="","",(I6-'2014'!#REF!)/'2014'!#REF!) | J16: =J6 - '2015'!#REF! -> #REF! | K16: =K6 - '2015'!#REF! -> #REF! | L16: =L6 - '2015'!#REF! -> #REF! | M16: =IF(G16="","",M6-((1/'Proto 2013'!#REF!)*1000000)) | N16: =IF(H16="","",N6-((1/'Proto 2013'!#REF!)*1000000)) | O16: =IF(I16="","",O6-((1/'Proto 2013'!#REF!)*1000000))
A17: T2a | B17: AI/PID/AO | C17: Polling | D17: =IF(D7="","",(D7-'2016'!D193)/'2016'!D193) -> -0.22911753 | E17: =IF(E7="","",(E7-'2016'!E193)/'2016'!E193) -> -0.032230704 | F17: =IF(F7="","",(F7-'2016'!F193)/'2016'!F193) -> -0.0031994312 | G17: =IF(G7="","",(G7-'2014'!#REF!)/'2014'!#REF!) | H17: =IF(H7="","",(H7-'2014'!#REF!)/'2014'!#REF!) | I17: =IF(I7="","",(I7-'2014'!#REF!)/'2014'!#REF!) | J17: =J7 - '2015'!#REF! -> #REF! | K17: =K7 - '2015'!#REF! -> #REF! | L17: =L7 - '2015'!#REF! -> #REF! | M17: =IF(G17="","",M7-((1/'Proto 2013'!#REF!)*1000000)) | N17: =IF(H17="","",N7-((1/'Proto 2013'!#REF!)*1000000)) | O17: =IF(I17="","",O7-((1/'Proto 2013'!#REF!)*1000000))
A18: T2b | B18: AI/PID/AO | C18: Interrupts | D18: =IF(D8="","",(D8-'2016'!D194)/'2016'!D194) -> 0.005 | E18: =IF(E8="","",(E8-'2016'!E194)/'2016'!E194) -> 0.017498566 | F18: =IF(F8="","",(F8-'2016'!F194)/'2016'!F194) -> 0.029994644 | G18: =IF(G8="","",(G8-'2014'!#REF!)/'2014'!#REF!) | H18: =IF(H8="","",(H8-'2014'!#REF!)/'2014'!#REF!) | I18: =IF(I8="","",(I8-'2014'!#REF!)/'2014'!#REF!) | J18: =J8 - '2015'!#REF! -> #REF! | K18: =K8 - '2015'!#REF! -> #REF! | L18: =L8 - '2015'!#REF! -> #REF! | M18: =IF(G18="","",M8-((1/'Proto 2013'!#REF!)*1000000)) | N18: =IF(H18="","",N8-((1/'Proto 2013'!#REF!)*1000000)) | O18: =IF(I18="","",O8-((1/'Proto 2013'!#REF!)*1000000))
A19: T3 | B19: AI/AO/Local Logging | C19: Interrupts | D19: =IF(D9="","",(D9-'2016'!D195)/'2016'!D195) -> -0.0025989368 | E19: =IF(E9="","",(E9-'2016'!E195)/'2016'!E195) -> 0.0071753829 | F19: =IF(F9="","",(F9-'2016'!F195)/'2016'!F195) -> -0.0020268558 | G19: =IF(G9="","",(G9-'2014'!#REF!)/'2014'!#REF!) | H19: =IF(H9="","",(H9-'2014'!#REF!)/'2014'!#REF!) | I19: =IF(I9="","",(I9-'2014'!#REF!)/'2014'!#REF!) | J19: =J9 - '2015'!#REF! -> #REF! | K19: =K9 - '2015'!#REF! -> #REF! | L19: =L9 - '2015'!#REF! -> #REF! | M19: =IF(G19="","",M9-((1/'Proto 2013'!#REF!)*1000000)) | N19: =IF(H19="","",N9-((1/'Proto 2013'!#REF!)*1000000)) | O19: =IF(I19="","",O9-((1/'Proto 2013'!#REF!)*1000000))
A20: T4 | B20: AI/AO/Host Comm. | C20: Interrupts | D20: =IF(D10="","",(D10-'2016'!D196)/'2016'!D196) -> 0.052808989 | E20: =IF(E10="","",(E10-'2016'!E196)/'2016'!E196) -> 0.075655431 | F20: =IF(F10="","",(F10-'2016'!F196)/'2016'!F196) -> 0.0047726702 | G20: =IF(G10="","",(G10-'2014'!#REF!)/'2014'!#REF!) | H20: =IF(H10="","",(H10-'2014'!#REF!)/'2014'!#REF!) | I20: =IF(I10="","",(I10-'2014'!#REF!)/'2014'!#REF!) | J20: =J10 - '2015'!#REF! -> #REF! | K20: =K10 - '2015'!#REF! -> #REF! | L20: =L10 - '2015'!#REF! -> #REF! | M20: =IF(G20="","",M10-((1/'Proto 2013'!#REF!)*1000000)) | N20: =IF(H20="","",N10-((1/'Proto 2013'!#REF!)*1000000)) | O20: =IF(I20="","",O10-((1/'Proto 2013'!#REF!)*1000000))
A22: LV RT 2017 cRIO Single-Point Benchmark Results (Hz)
A23: cRIO-9068, LV RT 17.0d65,NI-RIO 16.0.0f0
A24: Test | D24: Number of Channels, Rate (Hz) | J24: Number of Channels, Period (uS)
A25: Acronym | B25: Description | C25: I/O Mode | D25: 1 | E25: 4 | F25: 16 | G25: 32 | H25: 64 | I25: 80 | J25: 1 | K25: 4 | L25: 16 | M25: 32 | N25: 64 | O25: 80
A26: T1a | B26: AI / AO | C26: Polling | D26: 42666 | E26: 21077 | F26: 6217 | J26: =IF(D26="","",(1/D26)*1000000) -> 23.437866 | K26: =IF(E26="","",(1/E26)*1000000) -> 47.445082 | L26: =IF(F26="","",(1/F26)*1000000) -> 160.84928 | M26: =IF(G26="","",(1/G26)*1000000) | N26: =IF(H26="","",(1/H26)*1000000) | O26: =IF(I26="","",(1/I26)*1000000)
A27: T1b | B27: AI / AO | C27: Interrupts | D27: 9293 | E27: 7496 | F27: 4099 | J27: =IF(D27="","",(1/D27)*1000000) -> 107.60788 | K27: =IF(E27="","",(1/E27)*1000000) -> 133.40448 | L27: =IF(F27="","",(1/F27)*1000000) -> 243.96194 | M27: =IF(G27="","",(1/G27)*1000000) | N27: =IF(H27="","",(1/H27)*1000000) | O27: =IF(I27="","",(1/I27)*1000000)
A28: T2a | B28: AI/PID/AO | C28: Polling | D28: 38041 | E28: 16860 | F28: 5534 | J28: =IF(D28="","",(1/D28)*1000000) -> 26.287427 | K28: =IF(E28="","",(1/E28)*1000000) -> 59.311981 | L28: =IF(F28="","",(1/F28)*1000000) -> 180.70112 | M28: =IF(G28="","",(1/G28)*1000000) | N28: =IF(H28="","",(1/H28)*1000000) | O28: =IF(I28="","",(1/I28)*1000000)
A29: T2b | B29: AI/PID/AO | C29: Interrupts | D29: 7373 | E29: 6913 | F29: 3796 | J29: =IF(D29="","",(1/D29)*1000000) -> 135.63 | K29: =IF(E29="","",(1/E29)*1000000) -> 144.655 | L29: =IF(F29="","",(1/F29)*1000000) -> 263.43519 | M29: =IF(G29="","",(1/G29)*1000000) | N29: =IF(H29="","",(1/H29)*1000000) | O29: =IF(I29="","",(1/I29)*1000000)
A30: T3 | B30: AI/AO/Local Logging | C30: Interrupts | D30: 8631 | E30: Err | F30: Err | J30: =IF(D30="","",(1/D30)*1000000) -> 115.86143 | K30: =IF(E30="","",(1/E30)*1000000) -> #VALUE! | L30: =IF(F30="","",(1/F30)*1000000) -> #VALUE! | M30: =IF(G30="","",(1/G30)*1000000) | N30: =IF(H30="","",(1/H30)*1000000) | O30: =IF(I30="","",(1/I30)*1000000)
A31: T4 | B31: AI/AO/Host Comm. | C31: Interrupts | D31: Err | E31: Err | F31: Err | J31: =IF(D31="","",(1/D31)*1000000) -> #VALUE! | K31: =IF(E31="","",(1/E31)*1000000) -> #VALUE! | L31: =IF(F31="","",(1/F31)*1000000) -> #VALUE! | M31: =IF(G31="","",(1/G31)*1000000) | N31: =IF(H31="","",(1/H31)*1000000) | O31: =IF(I31="","",(1/I31)*1000000)
A32: Worst of 10 iterations: 9068_sp_online_poll_17.0d65
A33: Result Improvement vs. 2016 (% & uS)
A34: Test | D34: Number of Channels (%) | J34: Number of Channels, Difference in Period (uS)
A35: Acronym | B35: Description | C35: I/O Mode | D35: 1 | E35: 4 | F35: 16 | G35: 32 | H35: 64 | I35: 80 | J35: 1 | K35: 4 | L35: 16 | M35: 32 | N35: 64 | O35: 80
A36: T1a | B36: AI / AO | C36: Polling | D36: =IF(D26="","",(D26-'2016'!D191)/'2016'!D191) -> 0 | E36: =IF(E26="","",(E26-'2016'!E191)/'2016'!E191) -> 0.12249028 | F36: =IF(F26="","",(F26-'2016'!F191)/'2016'!F191) -> -0.026768942 | G36: =IF(G26="","",(G26-'2014'!#REF!)/'2014'!#REF!) | H36: =IF(H26="","",(H26-'2014'!#REF!)/'2014'!#REF!) | I36: =IF(I26="","",(I26-'2014'!#REF!)/'2014'!#REF!) | J36: =J26 - '2015'!#REF! -> #REF! | K36: =K26 - '2015'!#REF! -> #REF! | L36: =L26 - '2015'!#REF! -> #REF! | M36: =IF(G36="","",M26-((1/'Proto 2013'!#REF!)*1000000)) | N36: =IF(H36="","",N26-((1/'Proto 2013'!#REF!)*1000000)) | O36: =IF(I36="","",O26-((1/'Proto 2013'!#REF!)*1000000))
A37: T1b | B37: AI / AO | C37: Interrupts | D37: =IF(D27="","",(D27-'2016'!D192)/'2016'!D192) -> -0.027725466 | E37: =IF(E27="","",(E27-'2016'!E192)/'2016'!E192) -> -0.019874477 | F37: =IF(F27="","",(F27-'2016'!F192)/'2016'!F192) -> -0.019612533 | G37: =IF(G27="","",(G27-'2014'!#REF!)/'2014'!#REF!) | H37: =IF(H27="","",(H27-'2014'!#REF!)/'2014'!#REF!) | I37: =IF(I27="","",(I27-'2014'!#REF!)/'2014'!#REF!) | J37: =J27 - '2015'!#REF! -> #REF! | K37: =K27 - '2015'!#REF! -> #REF! | L37: =L27 - '2015'!#REF! -> #REF! | M37: =IF(G37="","",M27-((1/'Proto 2013'!#REF!)*1000000)) | N37: =IF(H37="","",N27-((1/'Proto 2013'!#REF!)*1000000)) | O37: =IF(I37="","",O27-((1/'Proto 2013'!#REF!)*1000000))
A38: T2a | B38: AI/PID/AO | C38: Polling | D38: =IF(D28="","",(D28-'2016'!D193)/'2016'!D193) -> -0.074945894 | E38: =IF(E28="","",(E28-'2016'!E193)/'2016'!E193) -> -0.046649703 | F38: =IF(F28="","",(F28-'2016'!F193)/'2016'!F193) -> -0.016352648 | G38: =IF(G28="","",(G28-'2014'!#REF!)/'2014'!#REF!) | H38: =IF(H28="","",(H28-'2014'!#REF!)/'2014'!#REF!) | I38: =IF(I28="","",(I28-'2014'!#REF!)/'2014'!#REF!) | J38: =J28 - '2015'!#REF! -> #REF! | K38: =K28 - '2015'!#REF! -> #REF! | L38: =L28 - '2015'!#REF! -> #REF! | M38: =IF(G38="","",M28-((1/'Proto 2013'!#REF!)*1000000)) | N38: =IF(H38="","",N28-((1/'Proto 2013'!#REF!)*1000000)) | O38: =IF(I38="","",O28-((1/'Proto 2013'!#REF!)*1000000))
A39: T2b | B39: AI/PID/AO | C39: Interrupts | D39: =IF(D29="","",(D29-'2016'!D194)/'2016'!D194) -> -0.19858696 | E39: =IF(E29="","",(E29-'2016'!E194)/'2016'!E194) -> -0.0084624211 | F39: =IF(F29="","",(F29-'2016'!F194)/'2016'!F194) -> 0.016604178 | G39: =IF(G29="","",(G29-'2014'!#REF!)/'2014'!#REF!) | H39: =IF(H29="","",(H29-'2014'!#REF!)/'2014'!#REF!) | I39: =IF(I29="","",(I29-'2014'!#REF!)/'2014'!#REF!) | J39: =J29 - '2015'!#REF! -> #REF! | K39: =K29 - '2015'!#REF! -> #REF! | L39: =L29 - '2015'!#REF! -> #REF! | M39: =IF(G39="","",M29-((1/'Proto 2013'!#REF!)*1000000)) | N39: =IF(H39="","",N29-((1/'Proto 2013'!#REF!)*1000000)) | O39: =IF(I39="","",O29-((1/'Proto 2013'!#REF!)*1000000))
A40: T3 | B40: AI/AO/Local Logging | C40: Interrupts | D40: =IF(D30="","",(D30-'2016'!D195)/'2016'!D195) -> 0.019610159 | E40: =IF(E30="","",(E30-'2016'!E195)/'2016'!E195) -> #VALUE! | F40: =IF(F30="","",(F30-'2016'!F195)/'2016'!F195) -> #VALUE! | G40: =IF(G30="","",(G30-'2014'!#REF!)/'2014'!#REF!) | H40: =IF(H30="","",(H30-'2014'!#REF!)/'2014'!#REF!) | I40: =IF(I30="","",(I30-'2014'!#REF!)/'2014'!#REF!) | J40: =J30 - '2015'!#REF! -> #REF! | K40: =K30 - '2015'!#REF! -> #VALUE! | L40: =L30 - '2015'!#REF! -> #VALUE! | M40: =IF(G40="","",M30-((1/'Proto 2013'!#REF!)*1000000)) | N40: =IF(H40="","",N30-((1/'Proto 2013'!#REF!)*1000000)) | O40: =IF(I40="","",O30-((1/'Proto 2013'!#REF!)*1000000))
A41: T4 | B41: AI/AO/Host Comm. | C41: Interrupts | D41: =IF(D31="","",(D31-'2016'!D196)/'2016'!D196) -> #VALUE! | E41: =IF(E31="","",(E31-'2016'!E196)/'2016'!E196) -> #VALUE! | F41: =IF(F31="","",(F31-'2016'!F196)/'2016'!F196) -> #VALUE! | G41: =IF(G31="","",(G31-'2014'!#REF!)/'2014'!#REF!) | H41: =IF(H31="","",(H31-'2014'!#REF!)/'2014'!#REF!) | I41: =IF(I31="","",(I31-'2014'!#REF!)/'2014'!#REF!) | J41: =J31 - '2015'!#REF! -> #VALUE! | K41: =K31 - '2015'!#REF! -> #VALUE! | L41: =L31 - '2015'!#REF! -> #VALUE! | M41: =IF(G41="","",M31-((1/'Proto 2013'!#REF!)*1000000)) | N41: =IF(H41="","",N31-((1/'Proto 2013'!#REF!)*1000000)) | O41: =IF(I41="","",O31-((1/'Proto 2013'!#REF!)*1000000))
A43: LV RT 2017 cRIO Single-Point Benchmark Results (Hz)
A44: cRIO-9068, LV RT 17.0d75,NI-RIO 16.0
A45: Test | D45: Number of Channels, Rate (Hz) | J45: Number of Channels, Period (uS)
A46: Acronym | B46: Description | C46: I/O Mode | D46: 1 | E46: 4 | F46: 16 | G46: 32 | H46: 64 | I46: 80 | J46: 1 | K46: 4 | L46: 16 | M46: 32 | N46: 64 | O46: 80
A47: T1a | B47: AI / AO | C47: Polling | D47: 37345 | E47: 20386 | F47: 6324 | J47: =IF(D47="","",(1/D47)*1000000) -> 26.777346 | K47: =IF(E47="","",(1/E47)*1000000) -> 49.053272 | L47: =IF(F47="","",(1/F47)*1000000) -> 158.12777 | M47: =IF(G47="","",(1/G47)*1000000) | N47: =IF(H47="","",(1/H47)*1000000) | O47: =IF(I47="","",(1/I47)*1000000)
A48: T1b | B48: AI / AO | C48: Interrupts | D48: 9293 | E48: 7520 | F48: 4093 | J48: =IF(D48="","",(1/D48)*1000000) -> 107.60788 | K48: =IF(E48="","",(1/E48)*1000000) -> 132.97872 | L48: =IF(F48="","",(1/F48)*1000000) -> 244.31957 | M48: =IF(G48="","",(1/G48)*1000000) | N48: =IF(H48="","",(1/H48)*1000000) | O48: =IF(I48="","",(1/I48)*1000000)
A49: T2a | B49: AI/PID/AO | C49: Polling | D49: 38041 | E49: 17099 | F49: 5580 | J49: =IF(D49="","",(1/D49)*1000000) -> 26.287427 | K49: =IF(E49="","",(1/E49)*1000000) -> 58.482952 | L49: =IF(F49="","",(1/F49)*1000000) -> 179.21147 | M49: =IF(G49="","",(1/G49)*1000000) | N49: =IF(H49="","",(1/H49)*1000000) | O49: =IF(I49="","",(1/I49)*1000000)
A50: T2b | B50: AI/PID/AO | C50: Interrupts | D50: 8746 | E50: 6675 | F50: 3754 | J50: =IF(D50="","",(1/D50)*1000000) -> 114.33798 | K50: =IF(E50="","",(1/E50)*1000000) -> 149.81273 | L50: =IF(F50="","",(1/F50)*1000000) -> 266.38253 | M50: =IF(G50="","",(1/G50)*1000000) | N50: =IF(H50="","",(1/H50)*1000000) | O50: =IF(I50="","",(1/I50)*1000000)
A51: T3 | B51: AI/AO/Local Logging | C51: Interrupts | D51: 8749 | E51: Err | F51: Err | J51: =IF(D51="","",(1/D51)*1000000) -> 114.29878 | K51: =IF(E51="","",(1/E51)*1000000) -> #VALUE! | L51: =IF(F51="","",(1/F51)*1000000) -> #VALUE! | M51: =IF(G51="","",(1/G51)*1000000) | N51: =IF(H51="","",(1/H51)*1000000) | O51: =IF(I51="","",(1/I51)*1000000)
A52: T4 | B52: AI/AO/Host Comm. | C52: Interrupts | D52: Err | E52: Err | F52: Err | J52: =IF(D52="","",(1/D52)*1000000) -> #VALUE! | K52: =IF(E52="","",(1/E52)*1000000) -> #VALUE! | L52: =IF(F52="","",(1/F52)*1000000) -> #VALUE! | M52: =IF(G52="","",(1/G52)*1000000) | N52: =IF(H52="","",(1/H52)*1000000) | O52: =IF(I52="","",(1/I52)*1000000)
A53: Worst of 10 iterations: 9068_sp_online_poll_17.0d75 | G53: CAR :607849
A54: Result Improvement vs. 2016 (% & uS)
A55: Test | D55: Number of Channels (%) | J55: Number of Channels, Difference in Period (uS)
A56: Acronym | B56: Description | C56: I/O Mode | D56: 1 | E56: 4 | F56: 16 | G56: 32 | H56: 64 | I56: 80 | J56: 1 | K56: 4 | L56: 16 | M56: 32 | N56: 64 | O56: 80
A57: T1a | B57: AI / AO | C57: Polling | D57: =IF(D47="","",(D47-'2016'!D191)/'2016'!D191) -> -0.12471289 | E57: =IF(E47="","",(E47-'2016'!E191)/'2016'!E191) -> 0.08568994 | F57: =IF(F47="","",(F47-'2016'!F191)/'2016'!F191) -> -0.010018785 | G57: =IF(G47="","",(G47-'2014'!#REF!)/'2014'!#REF!) | H57: =IF(H47="","",(H47-'2014'!#REF!)/'2014'!#REF!) | I57: =IF(I47="","",(I47-'2014'!#REF!)/'2014'!#REF!) | J57: =J47 - '2015'!#REF! -> #REF! | K57: =K47 - '2015'!#REF! -> #REF! | L57: =L47 - '2015'!#REF! -> #REF! | M57: =IF(G57="","",M47-((1/'Proto 2013'!#REF!)*1000000)) | N57: =IF(H57="","",N47-((1/'Proto 2013'!#REF!)*1000000)) | O57: =IF(I57="","",O47-((1/'Proto 2013'!#REF!)*1000000))
A58: T1b | B58: AI / AO | C58: Interrupts | D58: =IF(D48="","",(D48-'2016'!D192)/'2016'!D192) -> -0.027725466 | E58: =IF(E48="","",(E48-'2016'!E192)/'2016'!E192) -> -0.016736402 | F58: =IF(F48="","",(F48-'2016'!F192)/'2016'!F192) -> -0.021047596 | G58: =IF(G48="","",(G48-'2014'!#REF!)/'2014'!#REF!) | H58: =IF(H48="","",(H48-'2014'!#REF!)/'2014'!#REF!) | I58: =IF(I48="","",(I48-'2014'!#REF!)/'2014'!#REF!) | J58: =J48 - '2015'!#REF! -> #REF! | K58: =K48 - '2015'!#REF! -> #REF! | L58: =L48 - '2015'!#REF! -> #REF! | M58: =IF(G58="","",M48-((1/'Proto 2013'!#REF!)*1000000)) | N58: =IF(H58="","",N48-((1/'Proto 2013'!#REF!)*1000000)) | O58: =IF(I58="","",O48-((1/'Proto 2013'!#REF!)*1000000))
A59: T2a | B59: AI/PID/AO | C59: Polling | D59: =IF(D49="","",(D49-'2016'!D193)/'2016'!D193) -> -0.074945894 | E59: =IF(E49="","",(E49-'2016'!E193)/'2016'!E193) -> -0.033135426 | F59: =IF(F49="","",(F49-'2016'!F193)/'2016'!F193) -> -0.0081763242 | G59: =IF(G49="","",(G49-'2014'!#REF!)/'2014'!#REF!) | H59: =IF(H49="","",(H49-'2014'!#REF!)/'2014'!#REF!) | I59: =IF(I49="","",(I49-'2014'!#REF!)/'2014'!#REF!) | J59: =J49 - '2015'!#REF! -> #REF! | K59: =K49 - '2015'!#REF! -> #REF! | L59: =L49 - '2015'!#REF! -> #REF! | M59: =IF(G59="","",M49-((1/'Proto 2013'!#REF!)*1000000)) | N59: =IF(H59="","",N49-((1/'Proto 2013'!#REF!)*1000000)) | O59: =IF(I59="","",O49-((1/'Proto 2013'!#REF!)*1000000))
A60: T2b | B60: AI/PID/AO | C60: Interrupts | D60: =IF(D50="","",(D50-'2016'!D194)/'2016'!D194) -> -0.049347826 | E60: =IF(E50="","",(E50-'2016'!E194)/'2016'!E194) -> -0.042598967 | F60: =IF(F50="","",(F50-'2016'!F194)/'2016'!F194) -> 0.0053561864 | G60: =IF(G50="","",(G50-'2014'!#REF!)/'2014'!#REF!) | H60: =IF(H50="","",(H50-'2014'!#REF!)/'2014'!#REF!) | I60: =IF(I50="","",(I50-'2014'!#REF!)/'2014'!#REF!) | J60: =J50 - '2015'!#REF! -> #REF! | K60: =K50 - '2015'!#REF! -> #REF! | L60: =L50 - '2015'!#REF! -> #REF! | M60: =IF(G60="","",M50-((1/'Proto 2013'!#REF!)*1000000)) | N60: =IF(H60="","",N50-((1/'Proto 2013'!#REF!)*1000000)) | O60: =IF(I60="","",O50-((1/'Proto 2013'!#REF!)*1000000))
A61: T3 | B61: AI/AO/Local Logging | C61: Interrupts | D61: =IF(D51="","",(D51-'2016'!D195)/'2016'!D195) -> 0.033549911 | E61: =IF(E51="","",(E51-'2016'!E195)/'2016'!E195) -> #VALUE! | F61: =IF(F51="","",(F51-'2016'!F195)/'2016'!F195) -> #VALUE! | G61: =IF(G51="","",(G51-'2014'!#REF!)/'2014'!#REF!) | H61: =IF(H51="","",(H51-'2014'!#REF!)/'2014'!#REF!) | I61: =IF(I51="","",(I51-'2014'!#REF!)/'2014'!#REF!) | J61: =J51 - '2015'!#REF! -> #REF! | K61: =K51 - '2015'!#REF! -> #VALUE! | L61: =L51 - '2015'!#REF! -> #VALUE! | M61: =IF(G61="","",M51-((1/'Proto 2013'!#REF!)*1000000)) | N61: =IF(H61="","",N51-((1/'Proto 2013'!#REF!)*1000000)) | O61: =IF(I61="","",O51-((1/'Proto 2013'!#REF!)*1000000))
A62: T4 | B62: AI/AO/Host Comm. | C62: Interrupts | D62: =IF(D52="","",(D52-'2016'!D196)/'2016'!D196) -> #VALUE! | E62: =IF(E52="","",(E52-'2016'!E196)/'2016'!E196) -> #VALUE! | F62: =IF(F52="","",(F52-'2016'!F196)/'2016'!F196) -> #VALUE! | G62: =IF(G52="","",(G52-'2014'!#REF!)/'2014'!#REF!) | H62: =IF(H52="","",(H52-'2014'!#REF!)/'2014'!#REF!) | I62: =IF(I52="","",(I52-'2014'!#REF!)/'2014'!#REF!) | J62: =J52 - '2015'!#REF! -> #VALUE! | K62: =K52 - '2015'!#REF! -> #VALUE! | L62: =L52 - '2015'!#REF! -> #VALUE! | M62: =IF(G62="","",M52-((1/'Proto 2013'!#REF!)*1000000)) | N62: =IF(H62="","",N52-((1/'Proto 2013'!#REF!)*1000000)) | O62: =IF(I62="","",O52-((1/'Proto 2013'!#REF!)*1000000))
A64: LV RT 2017 cRIO Single-Point Benchmark Results (Hz)
A65: cRIO-9068, LV RT 17.0d80,NI-RIO 16.0
A66: Test | D66: Number of Channels, Rate (Hz) | J66: Number of Channels, Period (uS)
A67: Acronym | B67: Description | C67: I/O Mode | D67: 1 | E67: 4 | F67: 16 | G67: 32 | H67: 64 | I67: 80 | J67: 1 | K67: 4 | L67: 16 | M67: 32 | N67: 64 | O67: 80
A68: T1a | B68: AI / AO | C68: Polling | D68: 38628 | E68: 18777 | F68: 6217 | J68: =IF(D68="","",(1/D68)*1000000) -> 25.887957 | K68: =IF(E68="","",(1/E68)*1000000) -> 53.256644 | L68: =IF(F68="","",(1/F68)*1000000) -> 160.84928 | M68: =IF(G68="","",(1/G68)*1000000) | N68: =IF(H68="","",(1/H68)*1000000) | O68: =IF(I68="","",(1/I68)*1000000)
A69: T1b | B69: AI / AO | C69: Interrupts | D69: 8847 | E69: 6675 | F69: 4119 | J69: =IF(D69="","",(1/D69)*1000000) -> 113.03267 | K69: =IF(E69="","",(1/E69)*1000000) -> 149.81273 | L69: =IF(F69="","",(1/F69)*1000000) -> 242.77737 | M69: =IF(G69="","",(1/G69)*1000000) | N69: =IF(H69="","",(1/H69)*1000000) | O69: =IF(I69="","",(1/I69)*1000000)
A70: T2a | B70: AI/PID/AO | C70: Polling | D70: 40910 | E70: 17030 | F70: 5541 | J70: =IF(D70="","",(1/D70)*1000000) -> 24.443901 | K70: =IF(E70="","",(1/E70)*1000000) -> 58.719906 | L70: =IF(F70="","",(1/F70)*1000000) -> 180.47284 | M70: =IF(G70="","",(1/G70)*1000000) | N70: =IF(H70="","",(1/H70)*1000000) | O70: =IF(I70="","",(1/I70)*1000000)
A71: T2b | B71: AI/PID/AO | C71: Interrupts | D71: 8631 | E71: 6912 | F71: 3782 | J71: =IF(D71="","",(1/D71)*1000000) -> 115.86143 | K71: =IF(E71="","",(1/E71)*1000000) -> 144.67593 | L71: =IF(F71="","",(1/F71)*1000000) -> 264.41036 | M71: =IF(G71="","",(1/G71)*1000000) | N71: =IF(H71="","",(1/H71)*1000000) | O71: =IF(I71="","",(1/I71)*1000000)
A72: T3 | B72: AI/AO/Local Logging | C72: Interrupts | D72: 8604 | E72: Err | F72: Err | J72: =IF(D72="","",(1/D72)*1000000) -> 116.22501 | K72: =IF(E72="","",(1/E72)*1000000) -> #VALUE! | L72: =IF(F72="","",(1/F72)*1000000) -> #VALUE! | M72: =IF(G72="","",(1/G72)*1000000) | N72: =IF(H72="","",(1/H72)*1000000) | O72: =IF(I72="","",(1/I72)*1000000)
A73: T4 | B73: AI/AO/Host Comm. | C73: Interrupts | D73: Err | E73: Err | F73: Err | J73: =IF(D73="","",(1/D73)*1000000) -> #VALUE! | K73: =IF(E73="","",(1/E73)*1000000) -> #VALUE! | L73: =IF(F73="","",(1/F73)*1000000) -> #VALUE! | M73: =IF(G73="","",(1/G73)*1000000) | N73: =IF(H73="","",(1/H73)*1000000) | O73: =IF(I73="","",(1/I73)*1000000)
A74: Worst of 10 iterations: 9068_sp_online_poll_17.0d80 | G74: CAR : 607849
A75: Result Improvement vs. 2016 (% & uS)
A76: Test | D76: Number of Channels (%) | J76: Number of Channels, Difference in Period (uS)
A77: Acronym | B77: Description | C77: I/O Mode | D77: 1 | E77: 4 | F77: 16 | G77: 32 | H77: 64 | I77: 80 | J77: 1 | K77: 4 | L77: 16 | M77: 32 | N77: 64 | O77: 80
A78: T1a | B78: AI / AO | C78: Polling | D78: =IF(D68="","",(D68-'2016'!D191)/'2016'!D191) -> -0.094642104 | E78: =IF(E68="","",(E68-'2016'!E191)/'2016'!E191) -> 0 | F78: =IF(F68="","",(F68-'2016'!F191)/'2016'!F191) -> -0.026768942 | G78: =IF(G68="","",(G68-'2014'!#REF!)/'2014'!#REF!) | H78: =IF(H68="","",(H68-'2014'!#REF!)/'2014'!#REF!) | I78: =IF(I68="","",(I68-'2014'!#REF!)/'2014'!#REF!) | J78: =J68 - '2015'!#REF! -> #REF! | K78: =K68 - '2015'!#REF! -> #REF! | L78: =L68 - '2015'!#REF! -> #REF! | M78: =IF(G78="","",M68-((1/'Proto 2013'!#REF!)*1000000)) | N78: =IF(H78="","",N68-((1/'Proto 2013'!#REF!)*1000000)) | O78: =IF(I78="","",O68-((1/'Proto 2013'!#REF!)*1000000))
A79: T1b | B79: AI / AO | C79: Interrupts | D79: =IF(D69="","",(D69-'2016'!D192)/'2016'!D192) -> -0.074387947 | E79: =IF(E69="","",(E69-'2016'!E192)/'2016'!E192) -> -0.1272228 | F79: =IF(F69="","",(F69-'2016'!F192)/'2016'!F192) -> -0.014828988 | G79: =IF(G69="","",(G69-'2014'!#REF!)/'2014'!#REF!) | H79: =IF(H69="","",(H69-'2014'!#REF!)/'2014'!#REF!) | I79: =IF(I69="","",(I69-'2014'!#REF!)/'2014'!#REF!) | J79: =J69 - '2015'!#REF! -> #REF! | K79: =K69 - '2015'!#REF! -> #REF! | L79: =L69 - '2015'!#REF! -> #REF! | M79: =IF(G79="","",M69-((1/'Proto 2013'!#REF!)*1000000)) | N79: =IF(H79="","",N69-((1/'Proto 2013'!#REF!)*1000000)) | O79: =IF(I79="","",O69-((1/'Proto 2013'!#REF!)*1000000))
A80: T2a | B80: AI/PID/AO | C80: Polling | D80: =IF(D70="","",(D70-'2016'!D193)/'2016'!D193) -> -0.0051795832 | E80: =IF(E70="","",(E70-'2016'!E193)/'2016'!E193) -> -0.037037037 | F80: =IF(F70="","",(F70-'2016'!F193)/'2016'!F193) -> -0.015108425 | G80: =IF(G70="","",(G70-'2014'!#REF!)/'2014'!#REF!) | H80: =IF(H70="","",(H70-'2014'!#REF!)/'2014'!#REF!) | I80: =IF(I70="","",(I70-'2014'!#REF!)/'2014'!#REF!) | J80: =J70 - '2015'!#REF! -> #REF! | K80: =K70 - '2015'!#REF! -> #REF! | L80: =L70 - '2015'!#REF! -> #REF! | M80: =IF(G80="","",M70-((1/'Proto 2013'!#REF!)*1000000)) | N80: =IF(H80="","",N70-((1/'Proto 2013'!#REF!)*1000000)) | O80: =IF(I80="","",O70-((1/'Proto 2013'!#REF!)*1000000))
A81: T2b | B81: AI/PID/AO | C81: Interrupts | D81: =IF(D71="","",(D71-'2016'!D194)/'2016'!D194) -> -0.061847826 | E81: =IF(E71="","",(E71-'2016'!E194)/'2016'!E194) -> -0.008605852 | F81: =IF(F71="","",(F71-'2016'!F194)/'2016'!F194) -> 0.012854847 | G81: =IF(G71="","",(G71-'2014'!#REF!)/'2014'!#REF!) | H81: =IF(H71="","",(H71-'2014'!#REF!)/'2014'!#REF!) | I81: =IF(I71="","",(I71-'2014'!#REF!)/'2014'!#REF!) | J81: =J71 - '2015'!#REF! -> #REF! | K81: =K71 - '2015'!#REF! -> #REF! | L81: =L71 - '2015'!#REF! -> #REF! | M81: =IF(G81="","",M71-((1/'Proto 2013'!#REF!)*1000000)) | N81: =IF(H81="","",N71-((1/'Proto 2013'!#REF!)*1000000)) | O81: =IF(I81="","",O71-((1/'Proto 2013'!#REF!)*1000000))
A82: T3 | B82: AI/AO/Local Logging | C82: Interrupts | D82: =IF(D72="","",(D72-'2016'!D195)/'2016'!D195) -> 0.016420555 | E82: =IF(E72="","",(E72-'2016'!E195)/'2016'!E195) -> #VALUE! | F82: =IF(F72="","",(F72-'2016'!F195)/'2016'!F195) -> #VALUE! | G82: =IF(G72="","",(G72-'2014'!#REF!)/'2014'!#REF!) | H82: =IF(H72="","",(H72-'2014'!#REF!)/'2014'!#REF!) | I82: =IF(I72="","",(I72-'2014'!#REF!)/'2014'!#REF!) | J82: =J72 - '2015'!#REF! -> #REF! | K82: =K72 - '2015'!#REF! -> #VALUE! | L82: =L72 - '2015'!#REF! -> #VALUE! | M82: =IF(G82="","",M72-((1/'Proto 2013'!#REF!)*1000000)) | N82: =IF(H82="","",N72-((1/'Proto 2013'!#REF!)*1000000)) | O82: =IF(I82="","",O72-((1/'Proto 2013'!#REF!)*1000000))
A83: T4 | B83: AI/AO/Host Comm. | C83: Interrupts | D83: =IF(D73="","",(D73-'2016'!D196)/'2016'!D196) -> #VALUE! | E83: =IF(E73="","",(E73-'2016'!E196)/'2016'!E196) -> #VALUE! | F83: =IF(F73="","",(F73-'2016'!F196)/'2016'!F196) -> #VALUE! | G83: =IF(G73="","",(G73-'2014'!#REF!)/'2014'!#REF!) | H83: =IF(H73="","",(H73-'2014'!#REF!)/'2014'!#REF!) | I83: =IF(I73="","",(I73-'2014'!#REF!)/'2014'!#REF!) | J83: =J73 - '2015'!#REF! -> #VALUE! | K83: =K73 - '2015'!#REF! -> #VALUE! | L83: =L73 - '2015'!#REF! -> #VALUE! | M83: =IF(G83="","",M73-((1/'Proto 2013'!#REF!)*1000000)) | N83: =IF(H83="","",N73-((1/'Proto 2013'!#REF!)*1000000)) | O83: =IF(I83="","",O73-((1/'Proto 2013'!#REF!)*1000000))
A85: LV RT 2017 cRIO Single-Point Benchmark Results (Hz)
A86: cRIO-9068, LV RT 17.0d88,NI-RIO 16.0
A87: Test | D87: Number of Channels, Rate (Hz) | J87: Number of Channels, Period (uS)
A88: Acronym | B88: Description | C88: I/O Mode | D88: 1 | E88: 4 | F88: 16 | G88: 32 | H88: 64 | I88: 80 | J88: 1 | K88: 4 | L88: 16 | M88: 32 | N88: 64 | O88: 80
A89: T1a | B89: AI / AO | C89: Polling | D89: 42452 | E89: 19456 | F89: 5715 | J89: =IF(D89="","",(1/D89)*1000000) -> 23.556016 | K89: =IF(E89="","",(1/E89)*1000000) -> 51.398026 | L89: =IF(F89="","",(1/F89)*1000000) -> 174.97813 | M89: =IF(G89="","",(1/G89)*1000000) | N89: =IF(H89="","",(1/H89)*1000000) | O89: =IF(I89="","",(1/I89)*1000000)
A90: T1b | B90: AI / AO | C90: Interrupts | D90: 9659 | E90: 7606 | F90: 3992 | J90: =IF(D90="","",(1/D90)*1000000) -> 103.53039 | K90: =IF(E90="","",(1/E90)*1000000) -> 131.47515 | L90: =IF(F90="","",(1/F90)*1000000) -> 250.501 | M90: =IF(G90="","",(1/G90)*1000000) | N90: =IF(H90="","",(1/H90)*1000000) | O90: =IF(I90="","",(1/I90)*1000000)
A91: T2a | B91: AI/PID/AO | C91: Polling | D91: 43459 | E91: 17630 | F91: 5637 | J91: =IF(D91="","",(1/D91)*1000000) -> 23.010194 | K91: =IF(E91="","",(1/E91)*1000000) -> 56.721497 | L91: =IF(F91="","",(1/F91)*1000000) -> 177.39933 | M91: =IF(G91="","",(1/G91)*1000000) | N91: =IF(H91="","",(1/H91)*1000000) | O91: =IF(I91="","",(1/I91)*1000000)
A92: T2b | B92: AI/PID/AO | C92: Interrupts | D92: 8962 | E92: 7078 | F92: 3824 | J92: =IF(D92="","",(1/D92)*1000000) -> 111.58224 | K92: =IF(E92="","",(1/E92)*1000000) -> 141.28285 | L92: =IF(F92="","",(1/F92)*1000000) -> 261.50628 | M92: =IF(G92="","",(1/G92)*1000000) | N92: =IF(H92="","",(1/H92)*1000000) | O92: =IF(I92="","",(1/I92)*1000000)
A93: T3 | B93: AI/AO/Local Logging | C93: Interrupts | D93: 8587 | E93: Err | F93: Err | J93: =IF(D93="","",(1/D93)*1000000) -> 116.45511 | K93: =IF(E93="","",(1/E93)*1000000) -> #VALUE! | L93: =IF(F93="","",(1/F93)*1000000) -> #VALUE! | M93: =IF(G93="","",(1/G93)*1000000) | N93: =IF(H93="","",(1/H93)*1000000) | O93: =IF(I93="","",(1/I93)*1000000)
A94: T4 | B94: AI/AO/Host Comm. | C94: Interrupts | D94: Err | E94: Err | F94: Err | J94: =IF(D94="","",(1/D94)*1000000) -> #VALUE! | K94: =IF(E94="","",(1/E94)*1000000) -> #VALUE! | L94: =IF(F94="","",(1/F94)*1000000) -> #VALUE! | M94: =IF(G94="","",(1/G94)*1000000) | N94: =IF(H94="","",(1/H94)*1000000) | O94: =IF(I94="","",(1/I94)*1000000)
A95: Worst of 10 iterations: 9068_sp_online_poll_17.0d88 | G95: CAR : 607849
A96: Result Improvement vs. 2016 (% & uS)
A97: Test | D97: Number of Channels (%) | J97: Number of Channels, Difference in Period (uS)
A98: Acronym | B98: Description | C98: I/O Mode | D98: 1 | E98: 4 | F98: 16 | G98: 32 | H98: 64 | I98: 80 | J98: 1 | K98: 4 | L98: 16 | M98: 32 | N98: 64 | O98: 80
A99: T1a | B99: AI / AO | C99: Polling | D99: =IF(D89="","",(D89-'2016'!D191)/'2016'!D191) -> -0.0050157034 | E99: =IF(E89="","",(E89-'2016'!E191)/'2016'!E191) -> 0.036161261 | F99: =IF(F89="","",(F89-'2016'!F191)/'2016'!F191) -> -0.10535379 | G99: =IF(G89="","",(G89-'2014'!#REF!)/'2014'!#REF!) | H99: =IF(H89="","",(H89-'2014'!#REF!)/'2014'!#REF!) | I99: =IF(I89="","",(I89-'2014'!#REF!)/'2014'!#REF!) | J99: =J89 - '2015'!#REF! -> #REF! | K99: =K89 - '2015'!#REF! -> #REF! | L99: =L89 - '2015'!#REF! -> #REF! | M99: =IF(G99="","",M89-((1/'Proto 2013'!#REF!)*1000000)) | N99: =IF(H99="","",N89-((1/'Proto 2013'!#REF!)*1000000)) | O99: =IF(I99="","",O89-((1/'Proto 2013'!#REF!)*1000000))
A100: T1b | B100: AI / AO | C100: Interrupts | D100: =IF(D90="","",(D90-'2016'!D192)/'2016'!D192) -> 0.010567064 | E100: =IF(E90="","",(E90-'2016'!E192)/'2016'!E192) -> -0.0054916318 | F100: =IF(F90="","",(F90-'2016'!F192)/'2016'!F192) -> -0.045204497 | G100: =IF(G90="","",(G90-'2014'!#REF!)/'2014'!#REF!) | H100: =IF(H90="","",(H90-'2014'!#REF!)/'2014'!#REF!) | I100: =IF(I90="","",(I90-'2014'!#REF!)/'2014'!#REF!) | J100: =J90 - '2015'!#REF! -> #REF! | K100: =K90 - '2015'!#REF! -> #REF! | L100: =L90 - '2015'!#REF! -> #REF! | M100: =IF(G100="","",M90-((1/'Proto 2013'!#REF!)*1000000)) | N100: =IF(H100="","",N90-((1/'Proto 2013'!#REF!)*1000000)) | O100: =IF(I100="","",O90-((1/'Proto 2013'!#REF!)*1000000))
A101: T2a | B101: AI/PID/AO | C101: Polling | D101: =IF(D91="","",(D91-'2016'!D193)/'2016'!D193) -> 0.056805194 | E101: =IF(E91="","",(E91-'2016'!E193)/'2016'!E193) -> -0.0031099802 | F101: =IF(F91="","",(F91-'2016'!F193)/'2016'!F193) -> 0.001955208 | G101: =IF(G91="","",(G91-'2014'!#REF!)/'2014'!#REF!) | H101: =IF(H91="","",(H91-'2014'!#REF!)/'2014'!#REF!) | I101: =IF(I91="","",(I91-'2014'!#REF!)/'2014'!#REF!) | J101: =J91 - '2015'!#REF! -> #REF! | K101: =K91 - '2015'!#REF! -> #REF! | L101: =L91 - '2015'!#REF! -> #REF! | M101: =IF(G101="","",M91-((1/'Proto 2013'!#REF!)*1000000)) | N101: =IF(H101="","",N91-((1/'Proto 2013'!#REF!)*1000000)) | O101: =IF(I101="","",O91-((1/'Proto 2013'!#REF!)*1000000))
A102: T2b | B102: AI/PID/AO | C102: Interrupts | D102: =IF(D92="","",(D92-'2016'!D194)/'2016'!D194) -> -0.025869565 | E102: =IF(E92="","",(E92-'2016'!E194)/'2016'!E194) -> 0.015203672 | F102: =IF(F92="","",(F92-'2016'!F194)/'2016'!F194) -> 0.024102839 | G102: =IF(G92="","",(G92-'2014'!#REF!)/'2014'!#REF!) | H102: =IF(H92="","",(H92-'2014'!#REF!)/'2014'!#REF!) | I102: =IF(I92="","",(I92-'2014'!#REF!)/'2014'!#REF!) | J102: =J92 - '2015'!#REF! -> #REF! | K102: =K92 - '2015'!#REF! -> #REF! | L102: =L92 - '2015'!#REF! -> #REF! | M102: =IF(G102="","",M92-((1/'Proto 2013'!#REF!)*1000000)) | N102: =IF(H102="","",N92-((1/'Proto 2013'!#REF!)*1000000)) | O102: =IF(I102="","",O92-((1/'Proto 2013'!#REF!)*1000000))
A103: T3 | B103: AI/AO/Local Logging | C103: Interrupts | D103: =IF(D93="","",(D93-'2016'!D195)/'2016'!D195) -> 0.014412286 | E103: =IF(E93="","",(E93-'2016'!E195)/'2016'!E195) -> #VALUE! | F103: =IF(F93="","",(F93-'2016'!F195)/'2016'!F195) -> #VALUE! | G103: =IF(G93="","",(G93-'2014'!#REF!)/'2014'!#REF!) | H103: =IF(H93="","",(H93-'2014'!#REF!)/'2014'!#REF!) | I103: =IF(I93="","",(I93-'2014'!#REF!)/'2014'!#REF!) | J103: =J93 - '2015'!#REF! -> #REF! | K103: =K93 - '2015'!#REF! -> #VALUE! | L103: =L93 - '2015'!#REF! -> #VALUE! | M103: =IF(G103="","",M93-((1/'Proto 2013'!#REF!)*1000000)) | N103: =IF(H103="","",N93-((1/'Proto 2013'!#REF!)*1000000)) | O103: =IF(I103="","",O93-((1/'Proto 2013'!#REF!)*1000000))
A104: T4 | B104: AI/AO/Host Comm. | C104: Interrupts | D104: =IF(D94="","",(D94-'2016'!D196)/'2016'!D196) -> #VALUE! | E104: =IF(E94="","",(E94-'2016'!E196)/'2016'!E196) -> #VALUE! | F104: =IF(F94="","",(F94-'2016'!F196)/'2016'!F196) -> #VALUE! | G104: =IF(G94="","",(G94-'2014'!#REF!)/'2014'!#REF!) | H104: =IF(H94="","",(H94-'2014'!#REF!)/'2014'!#REF!) | I104: =IF(I94="","",(I94-'2014'!#REF!)/'2014'!#REF!) | J104: =J94 - '2015'!#REF! -> #VALUE! | K104: =K94 - '2015'!#REF! -> #VALUE! | L104: =L94 - '2015'!#REF! -> #VALUE! | M104: =IF(G104="","",M94-((1/'Proto 2013'!#REF!)*1000000)) | N104: =IF(H104="","",N94-((1/'Proto 2013'!#REF!)*1000000)) | O104: =IF(I104="","",O94-((1/'Proto 2013'!#REF!)*1000000))
...

Sheet NIB 2017
A1: LV RT 2017 cRIO Single-Point Benchmark Results (Hz)
A2: cRIO-9068, LV RT 17.0d79,NI-RIO 16.0
A3: Test | D3: Number of Channels, Rate (Hz) | J3: Number of Channels, Period (uS)
A4: Acronym | B4: Description | C4: I/O Mode | D4: 1 | E4: 4 | F4: 16 | G4: 32 | H4: 64 | I4: 80 | J4: 1 | K4: 4 | L4: 16 | M4: 32 | N4: 64 | O4: 80
A5: T1a | B5: AI / AO | C5: Polling | D5: 25857 | E5: 19447 | F5: 5715 | J5: =IF(D5="","",(1/D5)*1000000) -> 38.674247 | K5: =IF(E5="","",(1/E5)*1000000) -> 51.421813 | L5: =IF(F5="","",(1/F5)*1000000) -> 174.97813 | M5: =IF(G5="","",(1/G5)*1000000) | N5: =IF(H5="","",(1/H5)*1000000) | O5: =IF(I5="","",(1/I5)*1000000)
A6: T1b | B6: AI / AO | C6: Interrupts | D6: 9293 | E6: 7373 | F6: 4107 | J6: =IF(D6="","",(1/D6)*1000000) -> 107.60788 | K6: =IF(E6="","",(1/E6)*1000000) -> 135.63 | L6: =IF(F6="","",(1/F6)*1000000) -> 243.48673 | M6: =IF(G6="","",(1/G6)*1000000) | N6: =IF(H6="","",(1/H6)*1000000) | O6: =IF(I6="","",(1/I6)*1000000)
A7: T2a | B7: AI/PID/AO | C7: Polling | D7: 26417 | E7: 12740 | F7: 5521 | J7: =IF(D7="","",(1/D7)*1000000) -> 37.854412 | K7: =IF(E7="","",(1/E7)*1000000) -> 78.492936 | L7: =IF(F7="","",(1/F7)*1000000) -> 181.12661 | M7: =IF(G7="","",(1/G7)*1000000) | N7: =IF(H7="","",(1/H7)*1000000) | O7: =IF(I7="","",(1/I7)*1000000)
A8: T2b | B8: AI/PID/AO | C8: Interrupts | D8: 9072 | E8: 6453 | F8: 3734 | J8: =IF(D8="","",(1/D8)*1000000) -> 110.22928 | K8: =IF(E8="","",(1/E8)*1000000) -> 154.96668 | L8: =IF(F8="","",(1/F8)*1000000) -> 267.80932 | M8: =IF(G8="","",(1/G8)*1000000) | N8: =IF(H8="","",(1/H8)*1000000) | O8: =IF(I8="","",(1/I8)*1000000)
A9: T3 | B9: AI/AO/Local Logging | C9: Interrupts | D9: 8556 | E9: Err | F9: Err | J9: =IF(D9="","",(1/D9)*1000000) -> 116.87705 | K9: =IF(E9="","",(1/E9)*1000000) -> #VALUE! | L9: =IF(F9="","",(1/F9)*1000000) -> #VALUE! | M9: =IF(G9="","",(1/G9)*1000000) | N9: =IF(H9="","",(1/H9)*1000000) | O9: =IF(I9="","",(1/I9)*1000000)
A10: T4 | B10: AI/AO/Host Comm. | C10: Interrupts | D10: Err | E10: Err | F10: Err | J10: =IF(D10="","",(1/D10)*1000000) -> #VALUE! | K10: =IF(E10="","",(1/E10)*1000000) -> #VALUE! | L10: =IF(F10="","",(1/F10)*1000000) -> #VALUE! | M10: =IF(G10="","",(1/G10)*1000000) | N10: =IF(H10="","",(1/H10)*1000000) | O10: =IF(I10="","",(1/I10)*1000000)
A11: Worst of 100 iterations: 9068_sp_online_poll_17.0d79 | G11: CAR : 607849
A12: Result Improvement vs. 2016 (% & uS)
A13: Test | D13: Number of Channels (%) | J13: Number of Channels, Difference in Period (uS)
A14: Acronym | B14: Description | C14: I/O Mode | D14: 1 | E14: 4 | F14: 16 | G14: 32 | H14: 64 | I14: 80 | J14: 1 | K14: 4 | L14: 16 | M14: 32 | N14: 64 | O14: 80
A15: T1a | B15: AI / AO | C15: Polling | D15: =IF(D5="","",(D5-'2016'!D191)/'2016'!D191) -> -0.39396709 | E15: =IF(E5="","",(E5-'2016'!E191)/'2016'!E191) -> 0.035681951 | F15: =IF(F5="","",(F5-'2016'!F191)/'2016'!F191) -> -0.10535379 | G15: =IF(G5="","",(G5-'2014'!#REF!)/'2014'!#REF!) | H15: =IF(H5="","",(H5-'2014'!#REF!)/'2014'!#REF!) | I15: =IF(I5="","",(I5-'2014'!#REF!)/'2014'!#REF!) | M15: =IF(G15="","",M5-((1/'Proto 2013'!#REF!)*1000000)) | N15: =IF(H15="","",N5-((1/'Proto 2013'!#REF!)*1000000)) | O15: =IF(I15="","",O5-((1/'Proto 2013'!#REF!)*1000000))
A16: T1b | B16: AI / AO | C16: Interrupts | D16: =IF(D6="","",(D6-'2016'!D192)/'2016'!D192) -> -0.027725466 | E16: =IF(E6="","",(E6-'2016'!E192)/'2016'!E192) -> -0.035957113 | F16: =IF(F6="","",(F6-'2016'!F192)/'2016'!F192) -> -0.017699115 | G16: =IF(G6="","",(G6-'2014'!#REF!)/'2014'!#REF!) | H16: =IF(H6="","",(H6-'2014'!#REF!)/'2014'!#REF!) | I16: =IF(I6="","",(I6-'2014'!#REF!)/'2014'!#REF!) | M16: =IF(G16="","",M6-((1/'Proto 2013'!#REF!)*1000000)) | N16: =IF(H16="","",N6-((1/'Proto 2013'!#REF!)*1000000)) | O16: =IF(I16="","",O6-((1/'Proto 2013'!#REF!)*1000000))
A17: T2a | B17: AI/PID/AO | C17: Polling | D17: =IF(D7="","",(D7-'2016'!D193)/'2016'!D193) -> -0.3576101 | E17: =IF(E7="","",(E7-'2016'!E193)/'2016'!E193) -> -0.27961549 | F17: =IF(F7="","",(F7-'2016'!F193)/'2016'!F193) -> -0.018663349 | G17: =IF(G7="","",(G7-'2014'!#REF!)/'2014'!#REF!) | H17: =IF(H7="","",(H7-'2014'!#REF!)/'2014'!#REF!) | I17: =IF(I7="","",(I7-'2014'!#REF!)/'2014'!#REF!) | M17: =IF(G17="","",M7-((1/'Proto 2013'!#REF!)*1000000)) | N17: =IF(H17="","",N7-((1/'Proto 2013'!#REF!)*1000000)) | O17: =IF(I17="","",O7-((1/'Proto 2013'!#REF!)*1000000))
A18: T2b | B18: AI/PID/AO | C18: Interrupts | D18: =IF(D8="","",(D8-'2016'!D194)/'2016'!D194) -> -0.013913043 | E18: =IF(E8="","",(E8-'2016'!E194)/'2016'!E194) -> -0.07444062 | F18: =IF(F8="","",(F8-'2016'!F194)/'2016'!F194) -> 0 | G18: =IF(G8="","",(G8-'2014'!#REF!)/'2014'!#REF!) | H18: =IF(H8="","",(H8-'2014'!#REF!)/'2014'!#REF!) | I18: =IF(I8="","",(I8-'2014'!#REF!)/'2014'!#REF!) | M18: =IF(G18="","",M8-((1/'Proto 2013'!#REF!)*1000000)) | N18: =IF(H18="","",N8-((1/'Proto 2013'!#REF!)*1000000)) | O18: =IF(I18="","",O8-((1/'Proto 2013'!#REF!)*1000000))
A19: T3 | B19: AI/AO/Local Logging | C19: Interrupts | D19: =IF(D9="","",(D9-'2016'!D195)/'2016'!D195) -> 0.010750148 | E19: =IF(E9="","",(E9-'2016'!E195)/'2016'!E195) -> #VALUE! | F19: =IF(F9="","",(F9-'2016'!F195)/'2016'!F195) -> #VALUE! | G19: =IF(G9="","",(G9-'2014'!#REF!)/'2014'!#REF!) | H19: =IF(H9="","",(H9-'2014'!#REF!)/'2014'!#REF!) | I19: =IF(I9="","",(I9-'2014'!#REF!)/'2014'!#REF!) | M19: =IF(G19="","",M9-((1/'Proto 2013'!#REF!)*1000000)) | N19: =IF(H19="","",N9-((1/'Proto 2013'!#REF!)*1000000)) | O19: =IF(I19="","",O9-((1/'Proto 2013'!#REF!)*1000000))
A20: T4 | B20: AI/AO/Host Comm. | C20: Interrupts | D20: =IF(D10="","",(D10-'2016'!D196)/'2016'!D196) -> #VALUE! | E20: =IF(E10="","",(E10-'2016'!E196)/'2016'!E196) -> #VALUE! | F20: =IF(F10="","",(F10-'2016'!F196)/'2016'!F196) -> #VALUE! | G20: =IF(G10="","",(G10-'2014'!#REF!)/'2014'!#REF!) | H20: =IF(H10="","",(H10-'2014'!#REF!)/'2014'!#REF!) | I20: =IF(I10="","",(I10-'2014'!#REF!)/'2014'!#REF!) | M20: =IF(G20="","",M10-((1/'Proto 2013'!#REF!)*1000000)) | N20: =IF(H20="","",N10-((1/'Proto 2013'!#REF!)*1000000)) | O20: =IF(I20="","",O10-((1/'Proto 2013'!#REF!)*1000000))
A22: LV RT 2017 cRIO Single-Point Benchmark Results (Hz)
A23: cRIO-9068, LV RT 17.0a14,NI-RIO 17.0d17
A24: Test | D24: Number of Channels, Rate (Hz) | J24: Number of Channels, Period (uS)
A25: Acronym | B25: Description | C25: I/O Mode | D25: 1 | E25: 4 | F25: 16 | G25: 32 | H25: 64 | I25: 80 | J25: 1 | K25: 4 | L25: 16 | M25: 32 | N25: 64 | O25: 80
A26: T1a | B26: AI / AO | C26: Polling | D26: 35555 | E26: 18777 | F26: 5715 | J26: =IF(D26="","",(1/D26)*1000000) -> 28.125439 | K26: =IF(E26="","",(1/E26)*1000000) -> 53.256644 | L26: =IF(F26="","",(1/F26)*1000000) -> 174.97813 | M26: =IF(G26="","",(1/G26)*1000000) | N26: =IF(H26="","",(1/H26)*1000000) | O26: =IF(I26="","",(1/I26)*1000000)
A27: T1b | B27: AI / AO | C27: Interrupts | D27: 8847 | E27: 7704 | F27: 3843 | J27: =IF(D27="","",(1/D27)*1000000) -> 113.03267 | K27: =IF(E27="","",(1/E27)*1000000) -> 129.8027 | L27: =IF(F27="","",(1/F27)*1000000) -> 260.21337 | M27: =IF(G27="","",(1/G27)*1000000) | N27: =IF(H27="","",(1/H27)*1000000) | O27: =IF(I27="","",(1/I27)*1000000)
A28: T2a | B28: AI/PID/AO | C28: Polling | D28: 28701 | E28: 13841 | F28: 4635 | J28: =IF(D28="","",(1/D28)*1000000) -> 34.841992 | K28: =IF(E28="","",(1/E28)*1000000) -> 72.249115 | L28: =IF(F28="","",(1/F28)*1000000) -> 215.74973 | M28: =IF(G28="","",(1/G28)*1000000) | N28: =IF(H28="","",(1/H28)*1000000) | O28: =IF(I28="","",(1/I28)*1000000)
A29: T2b | B29: AI/PID/AO | C29: Interrupts | D29: 8010 | E29: 6288 | F29: 3555 | J29: =IF(D29="","",(1/D29)*1000000) -> 124.84395 | K29: =IF(E29="","",(1/E29)*1000000) -> 159.03308 | L29: =IF(F29="","",(1/F29)*1000000) -> 281.29395 | M29: =IF(G29="","",(1/G29)*1000000) | N29: =IF(H29="","",(1/H29)*1000000) | O29: =IF(I29="","",(1/I29)*1000000)
A30: T3 | B30: AI/AO/Local Logging | C30: Interrupts | D30: 8571 | E30: Err | F30: Err | J30: =IF(D30="","",(1/D30)*1000000) -> 116.6725 | K30: =IF(E30="","",(1/E30)*1000000) -> #VALUE! | L30: =IF(F30="","",(1/F30)*1000000) -> #VALUE! | M30: =IF(G30="","",(1/G30)*1000000) | N30: =IF(H30="","",(1/H30)*1000000) | O30: =IF(I30="","",(1/I30)*1000000)
A31: T4 | B31: AI/AO/Host Comm. | C31: Interrupts | D31: Err | E31: Err | F31: Err | J31: =IF(D31="","",(1/D31)*1000000) -> #VALUE! | K31: =IF(E31="","",(1/E31)*1000000) -> #VALUE! | L31: =IF(F31="","",(1/F31)*1000000) -> #VALUE! | M31: =IF(G31="","",(1/G31)*1000000) | N31: =IF(H31="","",(1/H31)*1000000) | O31: =IF(I31="","",(1/I31)*1000000)
A32: Worst of 100 iterations: 9068_sp_online_poll_17.0a14 | G32: CAR : 607849
A33: Result Improvement vs. 2016 (% & uS)
A34: Test | D34: Number of Channels (%) | J34: Number of Channels, Difference in Period (uS)
A35: Acronym | B35: Description | C35: I/O Mode | D35: 1 | E35: 4 | F35: 16 | G35: 32 | H35: 64 | I35: 80 | J35: 1 | K35: 4 | L35: 16 | M35: 32 | N35: 64 | O35: 80
A36: T1a | B36: AI / AO | C36: Polling | D36: =IF(D26="","",(D26-'2016'!D191)/'2016'!D191) -> -0.16666667 | E36: =IF(E26="","",(E26-'2016'!E191)/'2016'!E191) -> 0 | F36: =IF(F26="","",(F26-'2016'!F191)/'2016'!F191) -> -0.10535379 | G36: =IF(G26="","",(G26-'2014'!#REF!)/'2014'!#REF!) | H36: =IF(H26="","",(H26-'2014'!#REF!)/'2014'!#REF!) | I36: =IF(I26="","",(I26-'2014'!#REF!)/'2014'!#REF!) | M36: =IF(G36="","",M26-((1/'Proto 2013'!#REF!)*1000000)) | N36: =IF(H36="","",N26-((1/'Proto 2013'!#REF!)*1000000)) | O36: =IF(I36="","",O26-((1/'Proto 2013'!#REF!)*1000000))
A37: T1b | B37: AI / AO | C37: Interrupts | D37: =IF(D27="","",(D27-'2016'!D192)/'2016'!D192) -> -0.074387947 | E37: =IF(E27="","",(E27-'2016'!E192)/'2016'!E192) -> 0.0073221757 | F37: =IF(F27="","",(F27-'2016'!F192)/'2016'!F192) -> -0.080841904 | G37: =IF(G27="","",(G27-'2014'!#REF!)/'2014'!#REF!) | H37: =IF(H27="","",(H27-'2014'!#REF!)/'2014'!#REF!) | I37: =IF(I27="","",(I27-'2014'!#REF!)/'2014'!#REF!) | M37: =IF(G37="","",M27-((1/'Proto 2013'!#REF!)*1000000)) | N37: =IF(H37="","",N27-((1/'Proto 2013'!#REF!)*1000000)) | O37: =IF(I37="","",O27-((1/'Proto 2013'!#REF!)*1000000))
A38: T2a | B38: AI/PID/AO | C38: Polling | D38: =IF(D28="","",(D28-'2016'!D193)/'2016'!D193) -> -0.3020694 | E38: =IF(E28="","",(E28-'2016'!E193)/'2016'!E193) -> -0.21735934 | F38: =IF(F28="","",(F28-'2016'!F193)/'2016'!F193) -> -0.17614646 | G38: =IF(G28="","",(G28-'2014'!#REF!)/'2014'!#REF!) | H38: =IF(H28="","",(H28-'2014'!#REF!)/'2014'!#REF!) | I38: =IF(I28="","",(I28-'2014'!#REF!)/'2014'!#REF!) | M38: =IF(G38="","",M28-((1/'Proto 2013'!#REF!)*1000000)) | N38: =IF(H38="","",N28-((1/'Proto 2013'!#REF!)*1000000)) | O38: =IF(I38="","",O28-((1/'Proto 2013'!#REF!)*1000000))
A39: T2b | B39: AI/PID/AO | C39: Interrupts | D39: =IF(D29="","",(D29-'2016'!D194)/'2016'!D194) -> -0.12934783 | E39: =IF(E29="","",(E29-'2016'!E194)/'2016'!E194) -> -0.098106713 | F39: =IF(F29="","",(F29-'2016'!F194)/'2016'!F194) -> -0.047937868 | G39: =IF(G29="","",(G29-'2014'!#REF!)/'2014'!#REF!) | H39: =IF(H29="","",(H29-'2014'!#REF!)/'2014'!#REF!) | I39: =IF(I29="","",(I29-'2014'!#REF!)/'2014'!#REF!) | M39: =IF(G39="","",M29-((1/'Proto 2013'!#REF!)*1000000)) | N39: =IF(H39="","",N29-((1/'Proto 2013'!#REF!)*1000000)) | O39: =IF(I39="","",O29-((1/'Proto 2013'!#REF!)*1000000))
A40: T3 | B40: AI/AO/Local Logging | C40: Interrupts | D40: =IF(D30="","",(D30-'2016'!D195)/'2016'!D195) -> 0.01252215 | E40: =IF(E30="","",(E30-'2016'!E195)/'2016'!E195) -> #VALUE! | F40: =IF(F30="","",(F30-'2016'!F195)/'2016'!F195) -> #VALUE! | G40: =IF(G30="","",(G30-'2014'!#REF!)/'2014'!#REF!) | H40: =IF(H30="","",(H30-'2014'!#REF!)/'2014'!#REF!) | I40: =IF(I30="","",(I30-'2014'!#REF!)/'2014'!#REF!) | M40: =IF(G40="","",M30-((1/'Proto 2013'!#REF!)*1000000)) | N40: =IF(H40="","",N30-((1/'Proto 2013'!#REF!)*1000000)) | O40: =IF(I40="","",O30-((1/'Proto 2013'!#REF!)*1000000))
A41: T4 | B41: AI/AO/Host Comm. | C41: Interrupts | D41: =IF(D31="","",(D31-'2016'!D196)/'2016'!D196) -> #VALUE! | E41: =IF(E31="","",(E31-'2016'!E196)/'2016'!E196) -> #VALUE! | F41: =IF(F31="","",(F31-'2016'!F196)/'2016'!F196) -> #VALUE! | G41: =IF(G31="","",(G31-'2014'!#REF!)/'2014'!#REF!) | H41: =IF(H31="","",(H31-'2014'!#REF!)/'2014'!#REF!) | I41: =IF(I31="","",(I31-'2014'!#REF!)/'2014'!#REF!) | M41: =IF(G41="","",M31-((1/'Proto 2013'!#REF!)*1000000)) | N41: =IF(H41="","",N31-((1/'Proto 2013'!#REF!)*1000000)) | O41: =IF(I41="","",O31-((1/'Proto 2013'!#REF!)*1000000))
A43: LV RT 2017 cRIO Single-Point Benchmark Results (Hz)
A44: cRIO-9068, LV RT 17.0b6,NI-RIO 17.0.0d25
A45: Test | D45: Number of Channels, Rate (Hz) | J45: Number of Channels, Period (uS)
A46: Acronym | B46: Description | C46: I/O Mode | D46: 1 | E46: 4 | F46: 16 | G46: 32 | H46: 64 | I46: 80 | J46: 1 | K46: 4 | L46: 16 | M46: 32 | N46: 64 | O46: 80
A47: T1a | B47: AI / AO | C47: Polling | D47: 35555 | E47: 18777 | F47: 5715 | J47: =IF(D47="","",(1/D47)*1000000) -> 28.125439 | K47: =IF(E47="","",(1/E47)*1000000) -> 53.256644 | L47: =IF(F47="","",(1/F47)*1000000) -> 174.97813 | M47: =IF(G47="","",(1/G47)*1000000) | N47: =IF(H47="","",(1/H47)*1000000) | O47: =IF(I47="","",(1/I47)*1000000)
A48: T1b | B48: AI / AO | C48: Interrupts | D48: 8803 | E48: 7336 | F48: 3863 | J48: =IF(D48="","",(1/D48)*1000000) -> 113.59764 | K48: =IF(E48="","",(1/E48)*1000000) -> 136.31407 | L48: =IF(F48="","",(1/F48)*1000000) -> 258.86617 | M48: =IF(G48="","",(1/G48)*1000000) | N48: =IF(H48="","",(1/H48)*1000000) | O48: =IF(I48="","",(1/I48)*1000000)
A49: T2a | B49: AI/PID/AO | C49: Polling | D49: 26417 | E49: 13841 | F49: 5378 | J49: =IF(D49="","",(1/D49)*1000000) -> 37.854412 | K49: =IF(E49="","",(1/E49)*1000000) -> 72.249115 | L49: =IF(F49="","",(1/F49)*1000000) -> 185.94273 | M49: =IF(G49="","",(1/G49)*1000000) | N49: =IF(H49="","",(1/H49)*1000000) | O49: =IF(I49="","",(1/I49)*1000000)
A50: T2b | B50: AI/PID/AO | C50: Interrupts | D50: 7373 | E50: 7054 | F50: 3734 | J50: =IF(D50="","",(1/D50)*1000000) -> 135.63 | K50: =IF(E50="","",(1/E50)*1000000) -> 141.76354 | L50: =IF(F50="","",(1/F50)*1000000) -> 267.80932 | M50: =IF(G50="","",(1/G50)*1000000) | N50: =IF(H50="","",(1/H50)*1000000) | O50: =IF(I50="","",(1/I50)*1000000)
A51: T3 | B51: AI/AO/Local Logging | C51: Interrupts | D51: 8396 | E51: 6144 | F51: 3734 | J51: =IF(D51="","",(1/D51)*1000000) -> 119.10434 | K51: =IF(E51="","",(1/E51)*1000000) -> 162.76042 | L51: =IF(F51="","",(1/F51)*1000000) -> 267.80932 | M51: =IF(G51="","",(1/G51)*1000000) | N51: =IF(H51="","",(1/H51)*1000000) | O51: =IF(I51="","",(1/I51)*1000000)
A52: T4 | B52: AI/AO/Host Comm. | C52: Interrupts | D52: 7968 | E52: 1000 | F52: 3734 | J52: =IF(D52="","",(1/D52)*1000000) -> 125.50201 | K52: =IF(E52="","",(1/E52)*1000000) -> 1000 | L52: =IF(F52="","",(1/F52)*1000000) -> 267.80932 | M52: =IF(G52="","",(1/G52)*1000000) | N52: =IF(H52="","",(1/H52)*1000000) | O52: =IF(I52="","",(1/I52)*1000000)
A53: Worst of 100 iterations: 9068_sp_online_poll_17.0b6
A54: Result Improvement vs. 2016 (% & uS)
A55: Test | D55: Number of Channels (%) | J55: Number of Channels, Difference in Period (uS)
A56: Acronym | B56: Description | C56: I/O Mode | D56: 1 | E56: 4 | F56: 16 | G56: 32 | H56: 64 | I56: 80 | J56: 1 | K56: 4 | L56: 16 | M56: 32 | N56: 64 | O56: 80
A57: T1a | B57: AI / AO | C57: Polling | D57: =IF(D47="","",(D47-'2016'!D191)/'2016'!D191) -> -0.16666667 | E57: =IF(E47="","",(E47-'2016'!E191)/'2016'!E191) -> 0 | F57: =IF(F47="","",(F47-'2016'!F191)/'2016'!F191) -> -0.10535379 | G57: =IF(G47="","",(G47-'2014'!#REF!)/'2014'!#REF!) | H57: =IF(H47="","",(H47-'2014'!#REF!)/'2014'!#REF!) | I57: =IF(I47="","",(I47-'2014'!#REF!)/'2014'!#REF!) | M57: =IF(G57="","",M47-((1/'Proto 2013'!#REF!)*1000000)) | N57: =IF(H57="","",N47-((1/'Proto 2013'!#REF!)*1000000)) | O57: =IF(I57="","",O47-((1/'Proto 2013'!#REF!)*1000000))
A58: T1b | B58: AI / AO | C58: Interrupts | D58: =IF(D48="","",(D48-'2016'!D192)/'2016'!D192) -> -0.078991421 | E58: =IF(E48="","",(E48-'2016'!E192)/'2016'!E192) -> -0.040794979 | F58: =IF(F48="","",(F48-'2016'!F192)/'2016'!F192) -> -0.076058359 | G58: =IF(G48="","",(G48-'2014'!#REF!)/'2014'!#REF!) | H58: =IF(H48="","",(H48-'2014'!#REF!)/'2014'!#REF!) | I58: =IF(I48="","",(I48-'2014'!#REF!)/'2014'!#REF!) | M58: =IF(G58="","",M48-((1/'Proto 2013'!#REF!)*1000000)) | N58: =IF(H58="","",N48-((1/'Proto 2013'!#REF!)*1000000)) | O58: =IF(I58="","",O48-((1/'Proto 2013'!#REF!)*1000000))
A59: T2a | B59: AI/PID/AO | C59: Polling | D59: =IF(D49="","",(D49-'2016'!D193)/'2016'!D193) -> -0.3576101 | E59: =IF(E49="","",(E49-'2016'!E193)/'2016'!E193) -> -0.21735934 | F59: =IF(F49="","",(F49-'2016'!F193)/'2016'!F193) -> -0.044081052 | G59: =IF(G49="","",(G49-'2014'!#REF!)/'2014'!#REF!) | H59: =IF(H49="","",(H49-'2014'!#REF!)/'2014'!#REF!) | I59: =IF(I49="","",(I49-'2014'!#REF!)/'2014'!#REF!) | M59: =IF(G59="","",M49-((1/'Proto 2013'!#REF!)*1000000)) | N59: =IF(H59="","",N49-((1/'Proto 2013'!#REF!)*1000000)) | O59: =IF(I59="","",O49-((1/'Proto 2013'!#REF!)*1000000))
A60: T2b | B60: AI/PID/AO | C60: Interrupts | D60: =IF(D50="","",(D50-'2016'!D194)/'2016'!D194) -> -0.19858696 | E60: =IF(E50="","",(E50-'2016'!E194)/'2016'!E194) -> 0.011761331 | F60: =IF(F50="","",(F50-'2016'!F194)/'2016'!F194) -> 0 | G60: =IF(G50="","",(G50-'2014'!#REF!)/'2014'!#REF!) | H60: =IF(H50="","",(H50-'2014'!#REF!)/'2014'!#REF!) | I60: =IF(I50="","",(I50-'2014'!#REF!)/'2014'!#REF!) | M60: =IF(G60="","",M50-((1/'Proto 2013'!#REF!)*1000000)) | N60: =IF(H60="","",N50-((1/'Proto 2013'!#REF!)*1000000)) | O60: =IF(I60="","",O50-((1/'Proto 2013'!#REF!)*1000000))
A61: T3 | B61: AI/AO/Local Logging | C61: Interrupts | D61: =IF(D51="","",(D51-'2016'!D195)/'2016'!D195) -> -0.0081512109 | E61: =IF(E51="","",(E51-'2016'!E195)/'2016'!E195) -> -0.15220091 | F61: =IF(F51="","",(F51-'2016'!F195)/'2016'!F195) -> -0.053965037 | G61: =IF(G51="","",(G51-'2014'!#REF!)/'2014'!#REF!) | H61: =IF(H51="","",(H51-'2014'!#REF!)/'2014'!#REF!) | I61: =IF(I51="","",(I51-'2014'!#REF!)/'2014'!#REF!) | M61: =IF(G61="","",M51-((1/'Proto 2013'!#REF!)*1000000)) | N61: =IF(H61="","",N51-((1/'Proto 2013'!#REF!)*1000000)) | O61: =IF(I61="","",O51-((1/'Proto 2013'!#REF!)*1000000))
A62: T4 | B62: AI/AO/Host Comm. | C62: Interrupts | D62: =IF(D52="","",(D52-'2016'!D196)/'2016'!D196) -> -0.0052434457 | E62: =IF(E52="","",(E52-'2016'!E196)/'2016'!E196) -> -0.85018727 | F62: =IF(F52="","",(F52-'2016'!F196)/'2016'!F196) -> -0.062044712 | G62: =IF(G52="","",(G52-'2014'!#REF!)/'2014'!#REF!) | H62: =IF(H52="","",(H52-'2014'!#REF!)/'2014'!#REF!) | I62: =IF(I52="","",(I52-'2014'!#REF!)/'2014'!#REF!) | M62: =IF(G62="","",M52-((1/'Proto 2013'!#REF!)*1000000)) | N62: =IF(H62="","",N52-((1/'Proto 2013'!#REF!)*1000000)) | O62: =IF(I62="","",O52-((1/'Proto 2013'!#REF!)*1000000))
A64: LV RT 2017 cRIO Single-Point Benchmark Results (Hz)
A65: cRIO-9068, LV RT 17.0b24,NI-RIO 17.0.0a25
A66: Test | D66: Number of Channels, Rate (Hz) | J66: Number of Channels, Period (uS)
A67: Acronym | B67: Description | C67: I/O Mode | D67: 1 | E67: 4 | F67: 16 | G67: 32 | H67: 64 | I67: 80 | J67: 1 | K67: 4 | L67: 16 | M67: 32 | N67: 64 | O67: 80
A68: T1a | B68: AI / AO | C68: Polling | D68: 25857 | E68: 17284 | F68: 5715 | J68: =IF(D68="","",(1/D68)*1000000) -> 38.674247 | K68: =IF(E68="","",(1/E68)*1000000) -> 57.856978 | L68: =IF(F68="","",(1/F68)*1000000) -> 174.97813 | M68: =IF(G68="","",(1/G68)*1000000) | N68: =IF(H68="","",(1/H68)*1000000) | O68: =IF(I68="","",(1/I68)*1000000)
A69: T1b | B69: AI / AO | C69: Interrupts | D69: 8803 | E69: 6675 | F69: 4131 | J69: =IF(D69="","",(1/D69)*1000000) -> 113.59764 | K69: =IF(E69="","",(1/E69)*1000000) -> 149.81273 | L69: =IF(F69="","",(1/F69)*1000000) -> 242.07214 | M69: =IF(G69="","",(1/G69)*1000000) | N69: =IF(H69="","",(1/H69)*1000000) | O69: =IF(I69="","",(1/I69)*1000000)
A70: T2a | B70: AI/PID/AO | C70: Polling | D70: 26417 | E70: 15288 | F70: 5120 | J70: =IF(D70="","",(1/D70)*1000000) -> 37.854412 | K70: =IF(E70="","",(1/E70)*1000000) -> 65.41078 | L70: =IF(F70="","",(1/F70)*1000000) -> 195.3125 | M70: =IF(G70="","",(1/G70)*1000000) | N70: =IF(H70="","",(1/H70)*1000000) | O70: =IF(I70="","",(1/I70)*1000000)
A71: T2b | B71: AI/PID/AO | C71: Interrupts | D71: 8847 | E71: 6931 | F71: 3679 | J71: =IF(D71="","",(1/D71)*1000000) -> 113.03267 | K71: =IF(E71="","",(1/E71)*1000000) -> 144.27932 | L71: =IF(F71="","",(1/F71)*1000000) -> 271.81299 | M71: =IF(G71="","",(1/G71)*1000000) | N71: =IF(H71="","",(1/H71)*1000000) | O71: =IF(I71="","",(1/I71)*1000000)
A72: T3 | B72: AI/AO/Local Logging | C72: Interrupts | D72: 8465 | E72: 6144 | F72: 3824 | J72: =IF(D72="","",(1/D72)*1000000) -> 118.13349 | K72: =IF(E72="","",(1/E72)*1000000) -> 162.76042 | L72: =IF(F72="","",(1/F72)*1000000) -> 261.50628 | M72: =IF(G72="","",(1/G72)*1000000) | N72: =IF(H72="","",(1/H72)*1000000) | O72: =IF(I72="","",(1/I72)*1000000)
A73: T4 | B73: AI/AO/Host Comm. | C73: Interrupts | D73: 8459 | E73: 6396 | F73: 3701 | J73: =IF(D73="","",(1/D73)*1000000) -> 118.21728 | K73: =IF(E73="","",(1/E73)*1000000) -> 156.34772 | L73: =IF(F73="","",(1/F73)*1000000) -> 270.19724 | M73: =IF(G73="","",(1/G73)*1000000) | N73: =IF(H73="","",(1/H73)*1000000) | O73: =IF(I73="","",(1/I73)*1000000)
A74: Worst of 100 iterations: 9068_sp_online_poll_17.0b24
A75: Result Improvement vs. 2016 (% & uS)
A76: Test | D76: Number of Channels (%) | J76: Number of Channels, Difference in Period (uS)
A77: Acronym | B77: Description | C77: I/O Mode | D77: 1 | E77: 4 | F77: 16 | G77: 32 | H77: 64 | I77: 80 | J77: 1 | K77: 4 | L77: 16 | M77: 32 | N77: 64 | O77: 80
A78: T1a | B78: AI / AO | C78: Polling | D78: =IF(D68="","",(D68-'2016'!D191)/'2016'!D191) -> -0.39396709 | E78: =IF(E68="","",(E68-'2016'!E191)/'2016'!E191) -> -0.079512169 | F78: =IF(F68="","",(F68-'2016'!F191)/'2016'!F191) -> -0.10535379 | G78: =IF(G68="","",(G68-'2014'!#REF!)/'2014'!#REF!) | H78: =IF(H68="","",(H68-'2014'!#REF!)/'2014'!#REF!) | I78: =IF(I68="","",(I68-'2014'!#REF!)/'2014'!#REF!) | M78: =IF(G78="","",M68-((1/'Proto 2013'!#REF!)*1000000)) | N78: =IF(H78="","",N68-((1/'Proto 2013'!#REF!)*1000000)) | O78: =IF(I78="","",O68-((1/'Proto 2013'!#REF!)*1000000))
A79: T1b | B79: AI / AO | C79: Interrupts | D79: =IF(D69="","",(D69-'2016'!D192)/'2016'!D192) -> -0.078991421 | E79: =IF(E69="","",(E69-'2016'!E192)/'2016'!E192) -> -0.1272228 | F79: =IF(F69="","",(F69-'2016'!F192)/'2016'!F192) -> -0.011958862 | G79: =IF(G69="","",(G69-'2014'!#REF!)/'2014'!#REF!) | H79: =IF(H69="","",(H69-'2014'!#REF!)/'2014'!#REF!) | I79: =IF(I69="","",(I69-'2014'!#REF!)/'2014'!#REF!) | M79: =IF(G79="","",M69-((1/'Proto 2013'!#REF!)*1000000)) | N79: =IF(H79="","",N69-((1/'Proto 2013'!#REF!)*1000000)) | O79: =IF(I79="","",O69-((1/'Proto 2013'!#REF!)*1000000))
A80: T2a | B80: AI/PID/AO | C80: Polling | D80: =IF(D70="","",(D70-'2016'!D193)/'2016'!D193) -> -0.3576101 | E80: =IF(E70="","",(E70-'2016'!E193)/'2016'!E193) -> -0.13553859 | F80: =IF(F70="","",(F70-'2016'!F193)/'2016'!F193) -> -0.089939566 | G80: =IF(G70="","",(G70-'2014'!#REF!)/'2014'!#REF!) | H80: =IF(H70="","",(H70-'2014'!#REF!)/'2014'!#REF!) | I80: =IF(I70="","",(I70-'2014'!#REF!)/'2014'!#REF!) | M80: =IF(G80="","",M70-((1/'Proto 2013'!#REF!)*1000000)) | N80: =IF(H80="","",N70-((1/'Proto 2013'!#REF!)*1000000)) | O80: =IF(I80="","",O70-((1/'Proto 2013'!#REF!)*1000000))
A81: T2b | B81: AI/PID/AO | C81: Interrupts | D81: =IF(D71="","",(D71-'2016'!D194)/'2016'!D194) -> -0.038369565 | E81: =IF(E71="","",(E71-'2016'!E194)/'2016'!E194) -> -0.0058806655 | F81: =IF(F71="","",(F71-'2016'!F194)/'2016'!F194) -> -0.014729513 | G81: =IF(G71="","",(G71-'2014'!#REF!)/'2014'!#REF!) | H81: =IF(H71="","",(H71-'2014'!#REF!)/'2014'!#REF!) | I81: =IF(I71="","",(I71-'2014'!#REF!)/'2014'!#REF!) | M81: =IF(G81="","",M71-((1/'Proto 2013'!#REF!)*1000000)) | N81: =IF(H81="","",N71-((1/'Proto 2013'!#REF!)*1000000)) | O81: =IF(I81="","",O71-((1/'Proto 2013'!#REF!)*1000000))
A82: T3 | B82: AI/AO/Local Logging | C82: Interrupts | D82: =IF(D72="","",(D72-'2016'!D195)/'2016'!D195) -> 0 | E82: =IF(E72="","",(E72-'2016'!E195)/'2016'!E195) -> -0.15220091 | F82: =IF(F72="","",(F72-'2016'!F195)/'2016'!F195) -> -0.031162909 | G82: =IF(G72="","",(G72-'2014'!#REF!)/'2014'!#REF!) | H82: =IF(H72="","",(H72-'2014'!#REF!)/'2014'!#REF!) | I82: =IF(I72="","",(I72-'2014'!#REF!)/'2014'!#REF!) | M82: =IF(G82="","",M72-((1/'Proto 2013'!#REF!)*1000000)) | N82: =IF(H82="","",N72-((1/'Proto 2013'!#REF!)*1000000)) | O82: =IF(I82="","",O72-((1/'Proto 2013'!#REF!)*1000000))
A83: T4 | B83: AI/AO/Host Comm. | C83: Interrupts | D83: =IF(D73="","",(D73-'2016'!D196)/'2016'!D196) -> 0.056054931 | E83: =IF(E73="","",(E73-'2016'!E196)/'2016'!E196) -> -0.041797753 | F83: =IF(F73="","",(F73-'2016'!F196)/'2016'!F196) -> -0.070334087 | G83: =IF(G73="","",(G73-'2014'!#REF!)/'2014'!#REF!) | H83: =IF(H73="","",(H73-'2014'!#REF!)/'2014'!#REF!) | I83: =IF(I73="","",(I73-'2014'!#REF!)/'2014'!#REF!) | M83: =IF(G83="","",M73-((1/'Proto 2013'!#REF!)*1000000)) | N83: =IF(H83="","",N73-((1/'Proto 2013'!#REF!)*1000000)) | O83: =IF(I83="","",O73-((1/'Proto 2013'!#REF!)*1000000))
A85: Result Improvement vs. 2016 Rerun (% & uS)
A86: Test | D86: Number of Channels (%) | J86: Number of Channels, Difference in Period (uS)
A87: Acronym | B87: Description | C87: I/O Mode | D87: 1 | E87: 4 | F87: 16 | G87: 32 | H87: 64 | I87: 80 | J87: 1 | K87: 4 | L87: 16 | M87: 32 | N87: 64 | O87: 80
A88: T1a | B88: AI / AO | C88: Polling | D88: =IF(D68="","",(D68-'2016'!D220)/'2016'!D220) -> -0.46751375 | E88: =IF(E68="","",(E68-'2016'!E220)/'2016'!E220) -> -0.079512169 | F88: =IF(F68="","",(F68-'2016'!F220)/'2016'!F220) -> -0.09629981 | G88: =IF(G78="","",(G78-'2014'!#REF!)/'2014'!#REF!) | H88: =IF(H78="","",(H78-'2014'!#REF!)/'2014'!#REF!) | I88: =IF(I78="","",(I78-'2014'!#REF!)/'2014'!#REF!) | M88: =IF(G88="","",M78-((1/'Proto 2013'!#REF!)*1000000)) | N88: =IF(H88="","",N78-((1/'Proto 2013'!#REF!)*1000000)) | O88: =IF(I88="","",O78-((1/'Proto 2013'!#REF!)*1000000))
A89: T1b | B89: AI / AO | C89: Interrupts | D89: =IF(D69="","",(D69-'2016'!D221)/'2016'!D221) -> -0.080626632 | E89: =IF(E69="","",(E69-'2016'!E221)/'2016'!E221) -> -0.13815365 | F89: =IF(F69="","",(F69-'2016'!F221)/'2016'!F221) -> 0.024553571 | G89: =IF(G79="","",(G79-'2014'!#REF!)/'2014'!#REF!) | H89: =IF(H79="","",(H79-'2014'!#REF!)/'2014'!#REF!) | I89: =IF(I79="","",(I79-'2014'!#REF!)/'2014'!#REF!) | M89: =IF(G89="","",M79-((1/'Proto 2013'!#REF!)*1000000)) | N89: =IF(H89="","",N79-((1/'Proto 2013'!#REF!)*1000000)) | O89: =IF(I89="","",O79-((1/'Proto 2013'!#REF!)*1000000))
A90: T2a | B90: AI/PID/AO | C90: Polling | D90: =IF(D70="","",(D70-'2016'!D222)/'2016'!D222) -> -0.23297814 | E90: =IF(E70="","",(E70-'2016'!E222)/'2016'!E222) -> -0.09194583 | F90: =IF(F70="","",(F70-'2016'!F222)/'2016'!F222) -> -0.070274196 | G90: =IF(G80="","",(G80-'2014'!#REF!)/'2014'!#REF!) | H90: =IF(H80="","",(H80-'2014'!#REF!)/'2014'!#REF!) | I90: =IF(I80="","",(I80-'2014'!#REF!)/'2014'!#REF!) | M90: =IF(G90="","",M80-((1/'Proto 2013'!#REF!)*1000000)) | N90: =IF(H90="","",N80-((1/'Proto 2013'!#REF!)*1000000)) | O90: =IF(I90="","",O80-((1/'Proto 2013'!#REF!)*1000000))
A91: T2b | B91: AI/PID/AO | C91: Interrupts | D91: =IF(D71="","",(D71-'2016'!D223)/'2016'!D223) -> 0.0052266788 | E91: =IF(E71="","",(E71-'2016'!E223)/'2016'!E223) -> -0.0065930916 | F91: =IF(F71="","",(F71-'2016'!F223)/'2016'!F223) -> -0.024655355 | G91: =IF(G81="","",(G81-'2014'!#REF!)/'2014'!#REF!) | H91: =IF(H81="","",(H81-'2014'!#REF!)/'2014'!#REF!) | I91: =IF(I81="","",(I81-'2014'!#REF!)/'2014'!#REF!) | M91: =IF(G91="","",M81-((1/'Proto 2013'!#REF!)*1000000)) | N91: =IF(H91="","",N81-((1/'Proto 2013'!#REF!)*1000000)) | O91: =IF(I91="","",O81-((1/'Proto 2013'!#REF!)*1000000))
A92: T3 | B92: AI/AO/Local Logging | C92: Interrupts | D92: =IF(D72="","",(D72-'2016'!D224)/'2016'!D224) -> -0.036316029 | E92: =IF(E72="","",(E72-'2016'!E224)/'2016'!E224) -> -0.079550562 | F92: =IF(F72="","",(F72-'2016'!F224)/'2016'!F224) -> -0.031162909 | G92: =IF(G82="","",(G82-'2014'!#REF!)/'2014'!#REF!) | H92: =IF(H82="","",(H82-'2014'!#REF!)/'2014'!#REF!) | I92: =IF(I82="","",(I82-'2014'!#REF!)/'2014'!#REF!) | M92: =IF(G92="","",M82-((1/'Proto 2013'!#REF!)*1000000)) | N92: =IF(H92="","",N82-((1/'Proto 2013'!#REF!)*1000000)) | O92: =IF(I92="","",O82-((1/'Proto 2013'!#REF!)*1000000))
A93: T4 | B93: AI/AO/Host Comm. | C93: Interrupts | D93: =IF(D73="","",(D73-'2016'!D225)/'2016'!D225) -> -0.03215103 | E93: =IF(E73="","",(E73-'2016'!E225)/'2016'!E225) -> -0.12371558 | F93: =IF(F73="","",(F73-'2016'!F225)/'2016'!F225) -> -0.07451863 | G93: =IF(G83="","",(G83-'2014'!#REF!)/'2014'!#REF!) | H93: =IF(H83="","",(H83-'2014'!#REF!)/'2014'!#REF!) | I93: =IF(I83="","",(I83-'2014'!#REF!)/'2014'!#REF!) | M93: =IF(G93="","",M83-((1/'Proto 2013'!#REF!)*1000000)) | N93: =IF(H93="","",N83-((1/'Proto 2013'!#REF!)*1000000)) | O93: =IF(I93="","",O83-((1/'Proto 2013'!#REF!)*1000000))

Sheet 2018
A1: LV RT 2018 cRIO Single-Point Benchmark Results (Hz)
A2: cRIO-9068, LV RT 18.0a2, NI-RIO 18.0.0d32
A3: Test | D3: Number of Channels, Rate (Hz) | J3: Number of Channels, Period (uS)
A4: Acronym | B4: Description | C4: I/O Mode | D4: 1 | E4: 4 | F4: 16 | G4: 32 | H4: 64 | I4: 80 | J4: 1 | K4: 4 | L4: 16 | M4: 32 | N4: 64 | O4: 80
A5: T1a | B5: AI / AO | C5: Polling | D5: 42666 | E5: 17284 | F5: 6003 | J5: =IF(D5="","",(1/D5)*1000000) -> 23.437866 | K5: =IF(E5="","",(1/E5)*1000000) -> 57.856978 | L5: =IF(F5="","",(1/F5)*1000000) -> 166.58337 | M5: =IF(G5="","",(1/G5)*1000000) | N5: =IF(H5="","",(1/H5)*1000000) | O5: =IF(I5="","",(1/I5)*1000000)
A6: T1b | B6: AI / AO | C6: Interrupts | D6: 9855 | E6: 7744 | F6: 4190 | J6: =IF(D6="","",(1/D6)*1000000) -> 101.47133 | K6: =IF(E6="","",(1/E6)*1000000) -> 129.13223 | L6: =IF(F6="","",(1/F6)*1000000) -> 238.66348 | M6: =IF(G6="","",(1/G6)*1000000) | N6: =IF(H6="","",(1/H6)*1000000) | O6: =IF(I6="","",(1/I6)*1000000)
A7: T2a | B7: AI/PID/AO | C7: Polling | D7: 22015 | E7: 16945 | F7: 5541 | J7: =IF(D7="","",(1/D7)*1000000) -> 45.423575 | K7: =IF(E7="","",(1/E7)*1000000) -> 59.014459 | L7: =IF(F7="","",(1/F7)*1000000) -> 180.47284 | M7: =IF(G7="","",(1/G7)*1000000) | N7: =IF(H7="","",(1/H7)*1000000) | O7: =IF(I7="","",(1/I7)*1000000)
A8: T2b | B8: AI/PID/AO | C8: Interrupts | D8: 9612 | E8: 6916 | F8: 3914 | J8: =IF(D8="","",(1/D8)*1000000) -> 104.03662 | K8: =IF(E8="","",(1/E8)*1000000) -> 144.59225 | L8: =IF(F8="","",(1/F8)*1000000) -> 255.4931 | M8: =IF(G8="","",(1/G8)*1000000) | N8: =IF(H8="","",(1/H8)*1000000) | O8: =IF(I8="","",(1/I8)*1000000)
A9: T3 | B9: AI/AO/Local Logging | C9: Interrupts | D9: 8457 | E9: 6675 | F9: 3914 | J9: =IF(D9="","",(1/D9)*1000000) -> 118.24524 | K9: =IF(E9="","",(1/E9)*1000000) -> 149.81273 | L9: =IF(F9="","",(1/F9)*1000000) -> 255.4931 | M9: =IF(G9="","",(1/G9)*1000000) | N9: =IF(H9="","",(1/H9)*1000000) | O9: =IF(I9="","",(1/I9)*1000000)
A10: T4 | B10: AI/AO/Host Comm. | C10: Interrupts | D10: 8271 | E10: 5952 | F10: 3848 | J10: =IF(D10="","",(1/D10)*1000000) -> 120.90436 | K10: =IF(E10="","",(1/E10)*1000000) -> 168.01075 | L10: =IF(F10="","",(1/F10)*1000000) -> 259.87526 | M10: =IF(G10="","",(1/G10)*1000000) | N10: =IF(H10="","",(1/H10)*1000000) | O10: =IF(I10="","",(1/I10)*1000000)
A11: Worst of 10 iterations: 9068_sp_online_poll_18.0a2
A12: Result Improvement vs. 2017 (% & uS)
A13: Test | D13: Number of Channels (%) | J13: Number of Channels, Difference in Period (uS)
A14: Acronym | B14: Description | C14: I/O Mode | D14: 1 | E14: 4 | F14: 16 | G14: 32 | H14: 64 | I14: 80 | J14: 1 | K14: 4 | L14: 16 | M14: 32 | N14: 64 | O14: 80
A15: T1a | B15: AI / AO | C15: Polling | D15: =IF(D5="","",(D5-'2017'!D495)/'2017'!D495) -> 0 | E15: =IF(E5="","",(E5-'2017'!E495)/'2017'!E495) -> -0.18139623 | F15: =IF(F5="","",(F5-'2017'!F495)/'2017'!F495) -> 0.055565324 | G15: =IF(G5="","",(G5-'2014'!#REF!)/'2014'!#REF!) | H15: =IF(H5="","",(H5-'2014'!#REF!)/'2014'!#REF!) | I15: =IF(I5="","",(I5-'2014'!#REF!)/'2014'!#REF!) | M15: =IF(G15="","",M5-((1/'Proto 2013'!#REF!)*1000000)) | N15: =IF(H15="","",N5-((1/'Proto 2013'!#REF!)*1000000)) | O15: =IF(I15="","",O5-((1/'Proto 2013'!#REF!)*1000000))
A16: T1b | B16: AI / AO | C16: Interrupts | D16: =IF(D6="","",(D6-'2017'!D496)/'2017'!D496) -> -0.012623986 | E16: =IF(E6="","",(E6-'2017'!E496)/'2017'!E496) -> 0.0068911715 | F16: =IF(F6="","",(F6-'2017'!F496)/'2017'!F496) -> 0.12212105 | G16: =IF(G6="","",(G6-'2014'!#REF!)/'2014'!#REF!) | H16: =IF(H6="","",(H6-'2014'!#REF!)/'2014'!#REF!) | I16: =IF(I6="","",(I6-'2014'!#REF!)/'2014'!#REF!) | M16: =IF(G16="","",M6-((1/'Proto 2013'!#REF!)*1000000)) | N16: =IF(H16="","",N6-((1/'Proto 2013'!#REF!)*1000000)) | O16: =IF(I16="","",O6-((1/'Proto 2013'!#REF!)*1000000))
A17: T2a | B17: AI/PID/AO | C17: Polling | D17: =IF(D7="","",(D7-'2017'!D497)/'2017'!D497) -> -0.49039352 | E17: =IF(E7="","",(E7-'2017'!E497)/'2017'!E497) -> -0.036997045 | F17: =IF(F7="","",(F7-'2017'!F497)/'2017'!F497) -> 0.011500548 | G17: =IF(G7="","",(G7-'2014'!#REF!)/'2014'!#REF!) | H17: =IF(H7="","",(H7-'2014'!#REF!)/'2014'!#REF!) | I17: =IF(I7="","",(I7-'2014'!#REF!)/'2014'!#REF!) | M17: =IF(G17="","",M7-((1/'Proto 2013'!#REF!)*1000000)) | N17: =IF(H17="","",N7-((1/'Proto 2013'!#REF!)*1000000)) | O17: =IF(I17="","",O7-((1/'Proto 2013'!#REF!)*1000000))
A18: T2b | B18: AI/PID/AO | C18: Interrupts | D18: =IF(D8="","",(D8-'2017'!D498)/'2017'!D498) -> 0.068474878 | E18: =IF(E8="","",(E8-'2017'!E498)/'2017'!E498) -> -0.055191257 | F18: =IF(F8="","",(F8-'2017'!F498)/'2017'!F498) -> 0.012154125 | G18: =IF(G8="","",(G8-'2014'!#REF!)/'2014'!#REF!) | H18: =IF(H8="","",(H8-'2014'!#REF!)/'2014'!#REF!) | I18: =IF(I8="","",(I8-'2014'!#REF!)/'2014'!#REF!) | M18: =IF(G18="","",M8-((1/'Proto 2013'!#REF!)*1000000)) | N18: =IF(H18="","",N8-((1/'Proto 2013'!#REF!)*1000000)) | O18: =IF(I18="","",O8-((1/'Proto 2013'!#REF!)*1000000))
A19: T3 | B19: AI/AO/Local Logging | C19: Interrupts | D19: =IF(D9="","",(D9-'2017'!D499)/'2017'!D499) -> -0.025578984 | E19: =IF(E9="","",(E9-'2017'!E499)/'2017'!E499) -> 0.0089177751 | F19: =IF(F9="","",(F9-'2017'!F499)/'2017'!F499) -> 0.012154125 | G19: =IF(G9="","",(G9-'2014'!#REF!)/'2014'!#REF!) | H19: =IF(H9="","",(H9-'2014'!#REF!)/'2014'!#REF!) | I19: =IF(I9="","",(I9-'2014'!#REF!)/'2014'!#REF!) | M19: =IF(G19="","",M9-((1/'Proto 2013'!#REF!)*1000000)) | N19: =IF(H19="","",N9-((1/'Proto 2013'!#REF!)*1000000)) | O19: =IF(I19="","",O9-((1/'Proto 2013'!#REF!)*1000000))
A20: T4 | B20: AI/AO/Host Comm. | C20: Interrupts | D20: =IF(D10="","",(D10-'2017'!D500)/'2017'!D500) -> -0.024761231 | E20: =IF(E10="","",(E10-'2017'!E500)/'2017'!E500) -> -0.12637605 | F20: =IF(F10="","",(F10-'2017'!F500)/'2017'!F500) -> -0.0020746888 | G20: =IF(G10="","",(G10-'2014'!#REF!)/'2014'!#REF!) | H20: =IF(H10="","",(H10-'2014'!#REF!)/'2014'!#REF!) | I20: =IF(I10="","",(I10-'2014'!#REF!)/'2014'!#REF!) | M20: =IF(G20="","",M10-((1/'Proto 2013'!#REF!)*1000000)) | N20: =IF(H20="","",N10-((1/'Proto 2013'!#REF!)*1000000)) | O20: =IF(I20="","",O10-((1/'Proto 2013'!#REF!)*1000000))
A22: LV RT 2018 cRIO Single-Point Benchmark Results (Hz)
A23: cRIO-9068, LV RT 18.0a11, NI-RIO 18.0.0d47
A24: Test | D24: Number of Channels, Rate (Hz) | J24: Number of Channels, Period (uS)
A25: Acronym | B25: Description | C25: I/O Mode | D25: 1 | E25: 4 | F25: 16 | G25: 32 | H25: 64 | I25: 80 | J25: 1 | K25: 4 | L25: 16 | M25: 32 | N25: 64 | O25: 80
A26: T1a | B26: AI / AO | C26: Polling | D26: 31029 | E26: 21033 | F26: 6292 | J26: =IF(D26="","",(1/D26)*1000000) -> 32.227916 | K26: =IF(E26="","",(1/E26)*1000000) -> 47.544335 | L26: =IF(F26="","",(1/F26)*1000000) -> 158.93198 | M26: =IF(G26="","",(1/G26)*1000000) | N26: =IF(H26="","",(1/H26)*1000000) | O26: =IF(I26="","",(1/I26)*1000000)
A27: T1b | B27: AI / AO | C27: Interrupts | D27: 8847 | E27: 7744 | F27: 4160 | J27: =IF(D27="","",(1/D27)*1000000) -> 113.03267 | K27: =IF(E27="","",(1/E27)*1000000) -> 129.13223 | L27: =IF(F27="","",(1/F27)*1000000) -> 240.38462 | M27: =IF(G27="","",(1/G27)*1000000) | N27: =IF(H27="","",(1/H27)*1000000) | O27: =IF(I27="","",(1/I27)*1000000)
A28: T2a | B28: AI/PID/AO | C28: Polling | D28: 27666 | E28: 17017 | F28: 5507 | J28: =IF(D28="","",(1/D28)*1000000) -> 36.145449 | K28: =IF(E28="","",(1/E28)*1000000) -> 58.764765 | L28: =IF(F28="","",(1/F28)*1000000) -> 181.58707 | M28: =IF(G28="","",(1/G28)*1000000) | N28: =IF(H28="","",(1/H28)*1000000) | O28: =IF(I28="","",(1/I28)*1000000)
A29: T2b | B29: AI/PID/AO | C29: Interrupts | D29: 9691 | E29: 7156 | F29: 3856 | J29: =IF(D29="","",(1/D29)*1000000) -> 103.18853 | K29: =IF(E29="","",(1/E29)*1000000) -> 139.74287 | L29: =IF(F29="","",(1/F29)*1000000) -> 259.3361 | M29: =IF(G29="","",(1/G29)*1000000) | N29: =IF(H29="","",(1/H29)*1000000) | O29: =IF(I29="","",(1/I29)*1000000)
