Workbook

Sheet Comparisons
A1: LV RT 2013 cRIO Single-Point Benchmark Results (Hz)
A2: cRIO-9068, LV RT 2013, NI-RIO 13.0 (9205/9264) - 2min settling time
A3: Test | D3: Number of Channels, Rate (Hz) | J3: Number of Channels, Period (uS)
A4: Acronym | B4: Description | C4: I/O Mode | D4: 1 | E4: 4 | F4: 16 | G4: 32 | H4: 64 | I4: 80 | J4: 1 | K4: 4 | L4: 16 | M4: 32 | N4: 64 | O4: 80
A5: T1a | B5: AI / AO | C5: Polling | D5: 46662 | E5: 20867 | F5: 6003 | J5: =(1/D5)*1000000 -> 21.430715 | K5: =(1/E5)*1000000 -> 47.922557 | L5: =(1/F5)*1000000 -> 166.58337 | M5: =(1/G5)*1000000 -> #DIV/0! | N5: =(1/H5)*1000000 -> #DIV/0! | O5: =(1/I5)*1000000 -> #DIV/0!
A6: T1b | B6: AI / AO | C6: Interrupts | D6: 10917 | E6: 8443 | F6: 4375 | J6: =(1/D6)*1000000 -> 91.600256 | K6: =(1/E6)*1000000 -> 118.44131 | L6: =(1/F6)*1000000 -> 228.57143 | M6: =(1/G6)*1000000 -> #DIV/0! | N6: =(1/H6)*1000000 -> #DIV/0! | O6: =(1/I6)*1000000 -> #DIV/0!
A7: T2a | B7: AI/PID/AO | C7: Polling | D7: 39956 | E7: 16440 | F7: 5637 | J7: =(1/D7)*1000000 -> 25.02753 | K7: =(1/E7)*1000000 -> 60.827251 | L7: =(1/F7)*1000000 -> 177.39933 | M7: =(1/G7)*1000000 -> #DIV/0! | N7: =(1/H7)*1000000 -> #DIV/0! | O7: =(1/I7)*1000000 -> #DIV/0!
A8: T2b | B8: AI/PID/AO | C8: Interrupts | D8: 9234 | E8: 7537 | F8: 3895 | J8: =(1/D8)*1000000 -> 108.29543 | K8: =(1/E8)*1000000 -> 132.67878 | L8: =(1/F8)*1000000 -> 256.73941 | M8: =(1/G8)*1000000 -> #DIV/0! | N8: =(1/H8)*1000000 -> #DIV/0! | O8: =(1/I8)*1000000 -> #DIV/0!
A9: T3 | B9: AI/AO/Local Logging | C9: Interrupts | D9: 4390 | E9: 6675 | F9: 3502 | J9: =(1/D9)*1000000 -> 227.79043 | K9: =(1/E9)*1000000 -> 149.81273 | L9: =(1/F9)*1000000 -> 285.55111 | M9: =(1/G9)*1000000 -> #DIV/0! | N9: =(1/H9)*1000000 -> #DIV/0! | O9: =(1/I9)*1000000 -> #DIV/0!
A10: T4 | B10: AI/AO/Host Comm. | C10: Interrupts | D10: 4427 | E10: 5740 | F10: 3635 | J10: =(1/D10)*1000000 -> 225.8866 | K10: =(1/E10)*1000000 -> 174.21603 | L10: =(1/F10)*1000000 -> 275.10316 | M10: =(1/G10)*1000000 -> #DIV/0! | N10: =(1/H10)*1000000 -> #DIV/0! | O10: =(1/I10)*1000000 -> #DIV/0!
A12: LV RT 2013 cRIO Single-Point Benchmark Results (Hz)
A13: cRIO-9024, LV RT 2013rc35, NI-RIO 13.0.0a14 (9205/9264) - 2min settling time - Isolated Network, WITH REBOOTs
A14: Test | D14: Number of Channels, Rate (Hz) | J14: Number of Channels, Period (uS)
A15: Acronym | B15: Description | C15: I/O Mode | D15: 1 | E15: 4 | F15: 16 | G15: 32 | H15: 64 | I15: 80 | J15: 1 | K15: 4 | L15: 16 | M15: 32 | N15: 64 | O15: 80
A16: T1a | B16: AI / AO | C16: Polling | D16: 73726 | E16: 25908 | F16: 7005 | G16: 3508 | H16: 3156 | I16: 2478 | J16: =IF(D16="","",(1/D16)*1000000) -> 13.563736 | K16: =IF(E16="","",(1/E16)*1000000) -> 38.598116 | L16: =IF(F16="","",(1/F16)*1000000) -> 142.75517 | M16: =IF(G16="","",(1/G16)*1000000) -> 285.06271 | N16: =IF(H16="","",(1/H16)*1000000) -> 316.85678 | O16: =IF(I16="","",(1/I16)*1000000) -> 403.55125
A17: T1b | B17: AI / AO | C17: Interrupts | D17: 24523 | E17: 14839 | F17: 5291 | G17: 2876 | H17: 2534 | I17: 2380 | J17: =IF(D17="","",(1/D17)*1000000) -> 40.778045 | K17: =IF(E17="","",(1/E17)*1000000) -> 67.389986 | L17: =IF(F17="","",(1/F17)*1000000) -> 189.00019 | M17: =IF(G17="","",(1/G17)*1000000) -> 347.70515 | N17: =IF(H17="","",(1/H17)*1000000) -> 394.63299 | O17: =IF(I17="","",(1/I17)*1000000) -> 420.16807
A18: T2a | B18: AI/PID/AO | C18: Polling | D18: 71146 | E18: 21887 | J18: =IF(D18="","",(1/D18)*1000000) -> 14.055604 | K18: =IF(E18="","",(1/E18)*1000000) -> 45.689222 | L18: =IF(F18="","",(1/F18)*1000000) | M18: =IF(G18="","",(1/G18)*1000000) | N18: =IF(H18="","",(1/H18)*1000000) | O18: =IF(I18="","",(1/I18)*1000000)
A19: T2b | B19: AI/PID/AO | C19: Interrupts | D19: 19433 | E19: 10996 | J19: =IF(D19="","",(1/D19)*1000000) -> 51.458859 | K19: =IF(E19="","",(1/E19)*1000000) -> 90.942161 | L19: =IF(F19="","",(1/F19)*1000000) | M19: =IF(G19="","",(1/G19)*1000000) | N19: =IF(H19="","",(1/H19)*1000000) | O19: =IF(I19="","",(1/I19)*1000000)
A20: T3 | B20: AI/AO/Local Logging | C20: Interrupts | D20: 14820 | E20: 9178 | J20: =IF(D20="","",(1/D20)*1000000) -> 67.476383 | K20: =IF(E20="","",(1/E20)*1000000) -> 108.9562 | L20: =IF(F20="","",(1/F20)*1000000) | M20: =IF(G20="","",(1/G20)*1000000) | N20: =IF(H20="","",(1/H20)*1000000) | O20: =IF(I20="","",(1/I20)*1000000)
A21: T4 | B21: AI/AO/Host Comm. | C21: Interrupts | D21: 13566 | E21: 8901 | J21: =IF(D21="","",(1/D21)*1000000) -> 73.713696 | K21: =IF(E21="","",(1/E21)*1000000) -> 112.34693 | L21: =IF(F21="","",(1/F21)*1000000) | M21: =IF(G21="","",(1/G21)*1000000) | N21: =IF(H21="","",(1/H21)*1000000) | O21: =IF(I21="","",(1/I21)*1000000)

Sheet Proto 2014
A1: LV RT 2014 cRIO Single-Point Benchmark Results (Hz) | Q1: Max Numbers
A2: cRIO-9033 (revA) LV RT 2014a82, NI-RIO 14.0.0d209 (9205/9264)
A3: Test | D3: Number of Channels, Rate (Hz) | J3: Number of Channels, Period (uS) | Q3: Test | T3: Number of Channels, Rate (Hz) | Z3: Number of Channels, Period (uS)
A4: Acronym | B4: Description | C4: I/O Mode | D4: 1 | E4: 4 | F4: 16 | G4: 32 | H4: 64 | I4: 80 | J4: 1 | K4: 4 | L4: 16 | M4: 32 | N4: 64 | O4: 80 | Q4: Acronym | R4: Description | S4: I/O Mode | T4: 1 | U4: 4 | V4: 16 | W4: 32 | X4: 64 | Y4: 80 | Z4: 1 | AA4: 4 | AB4: 16 | AC4: 32 | AD4: 64 | AE4: 80
A5: T1a | B5: AI / AO | C5: Polling | D5: 42324 | E5: 19832 | F5: 6019 | J5: =IF(D5="","",(1/D5)*1000000) -> 23.627256 | K5: =IF(E5="","",(1/E5)*1000000) -> 50.423558 | L5: =IF(F5="","",(1/F5)*1000000) -> 166.14055 | M5: =IF(G5="","",(1/G5)*1000000) | N5: =IF(H5="","",(1/H5)*1000000) | O5: =IF(I5="","",(1/I5)*1000000) | Q5: T1a | R5: AI / AO | S5: Polling | T5: 43616 | U5: 20094 | V5: 6080 | Z5: =IF(T5="","",(1/T5)*1000000) -> 22.927366 | AA5: =IF(U5="","",(1/U5)*1000000) -> 49.766099 | AB5: =IF(V5="","",(1/V5)*1000000) -> 164.47368 | AC5: =IF(W5="","",(1/W5)*1000000) | AD5: =IF(X5="","",(1/X5)*1000000) | AE5: =IF(Y5="","",(1/Y5)*1000000)
A6: T1b | B6: AI / AO | C6: Interrupts | D6: 13314 | E6: 10273 | F6: 4200 | J6: =IF(D6="","",(1/D6)*1000000) -> 75.108908 | K6: =IF(E6="","",(1/E6)*1000000) -> 97.342548 | L6: =IF(F6="","",(1/F6)*1000000) -> 238.09524 | M6: =IF(G6="","",(1/G6)*1000000) | N6: =IF(H6="","",(1/H6)*1000000) | O6: =IF(I6="","",(1/I6)*1000000) | Q6: T1b | R6: AI / AO | S6: Interrupts | T6: 13974 | U6: 10347 | V6: 4314 | Z6: =IF(T6="","",(1/T6)*1000000) -> 71.561471 | AA6: =IF(U6="","",(1/U6)*1000000) -> 96.646371 | AB6: =IF(V6="","",(1/V6)*1000000) -> 231.80343 | AC6: =IF(W6="","",(1/W6)*1000000) | AD6: =IF(X6="","",(1/X6)*1000000) | AE6: =IF(Y6="","",(1/Y6)*1000000)
A7: T2a | B7: AI/PID/AO | C7: Polling | D7: 40668 | E7: 17969 | F7: 5809 | J7: =IF(D7="","",(1/D7)*1000000) -> 24.589358 | K7: =IF(E7="","",(1/E7)*1000000) -> 55.6514 | L7: =IF(F7="","",(1/F7)*1000000) -> 172.14667 | M7: =IF(G7="","",(1/G7)*1000000) | N7: =IF(H7="","",(1/H7)*1000000) | O7: =IF(I7="","",(1/I7)*1000000) | Q7: T2a | R7: AI/PID/AO | S7: Polling | T7: 41671 | U7: 18202 | V7: 5809 | Z7: =IF(T7="","",(1/T7)*1000000) -> 23.997504 | AA7: =IF(U7="","",(1/U7)*1000000) -> 54.939018 | AB7: =IF(V7="","",(1/V7)*1000000) -> 172.14667 | AC7: =IF(W7="","",(1/W7)*1000000) | AD7: =IF(X7="","",(1/X7)*1000000) | AE7: =IF(Y7="","",(1/Y7)*1000000)
A8: T2b | B8: AI/PID/AO | C8: Interrupts | D8: 13166 | E8: 7373 | F8: 4039 | J8: =IF(D8="","",(1/D8)*1000000) -> 75.953213 | K8: =IF(E8="","",(1/E8)*1000000) -> 135.63 | L8: =IF(F8="","",(1/F8)*1000000) -> 247.58604 | M8: =IF(G8="","",(1/G8)*1000000) | N8: =IF(H8="","",(1/H8)*1000000) | O8: =IF(I8="","",(1/I8)*1000000) | Q8: T2b | R8: AI/PID/AO | S8: Interrupts | T8: 13248 | U8: 8681 | V8: 4146 | Z8: =IF(T8="","",(1/T8)*1000000) -> 75.483092 | AA8: =IF(U8="","",(1/U8)*1000000) -> 115.1941 | AB8: =IF(V8="","",(1/V8)*1000000) -> 241.19633 | AC8: =IF(W8="","",(1/W8)*1000000) | AD8: =IF(X8="","",(1/X8)*1000000) | AE8: =IF(Y8="","",(1/Y8)*1000000)
A9: T3 | B9: AI/AO/Local Logging | C9: Interrupts | D9: 10528 | E9: 7667 | F9: 4267 | J9: =IF(D9="","",(1/D9)*1000000) -> 94.984802 | K9: =IF(E9="","",(1/E9)*1000000) -> 130.42911 | L9: =IF(F9="","",(1/F9)*1000000) -> 234.35669 | M9: =IF(G9="","",(1/G9)*1000000) | N9: =IF(H9="","",(1/H9)*1000000) | O9: =IF(I9="","",(1/I9)*1000000) | Q9: T3 | R9: AI/AO/Local Logging | S9: Interrupts | T9: 12840 | U9: 8768 | V9: 4340 | Z9: =IF(T9="","",(1/T9)*1000000) -> 77.88162 | AA9: =IF(U9="","",(1/U9)*1000000) -> 114.05109 | AB9: =IF(V9="","",(1/V9)*1000000) -> 230.41475 | AC9: =IF(W9="","",(1/W9)*1000000) | AD9: =IF(X9="","",(1/X9)*1000000) | AE9: =IF(Y9="","",(1/Y9)*1000000)
A10: T4 | B10: AI/AO/Host Comm. | C10: Interrupts | D10: 11669 | E10: 8415 | F10: 4293 | J10: =IF(D10="","",(1/D10)*1000000) -> 85.697146 | K10: =IF(E10="","",(1/E10)*1000000) -> 118.83541 | L10: =IF(F10="","",(1/F10)*1000000) -> 232.93734 | M10: =IF(G10="","",(1/G10)*1000000) | N10: =IF(H10="","",(1/H10)*1000000) | O10: =IF(I10="","",(1/I10)*1000000) | Q10: T4 | R10: AI/AO/Host Comm. | S10: Interrupts | T10: 12712 | U10: 8528 | V10: 4362 | Z10: =IF(T10="","",(1/T10)*1000000) -> 78.665828 | AA10: =IF(U10="","",(1/U10)*1000000) -> 117.26079 | AB10: =IF(V10="","",(1/V10)*1000000) -> 229.25264 | AC10: =IF(W10="","",(1/W10)*1000000) | AD10: =IF(X10="","",(1/X10)*1000000) | AE10: =IF(Y10="","",(1/Y10)*1000000)
A11: RIO IRQ priority bumped to 96
A12: Result Improvement vs. 2013 cRIO-9068 (% & uS)
A13: Test | D13: Number of Channels (%) | J13: Number of Channels, Difference in Period (uS)
A14: Acronym | B14: Description | C14: I/O Mode | D14: 1 | E14: 4 | F14: 16 | G14: 32 | H14: 64 | I14: 80 | J14: 1 | K14: 4 | L14: 16 | M14: 32 | N14: 64 | O14: 80
A15: T1a | B15: AI / AO | C15: Polling | D15: =IF(D5="","",(D5-Comparisons!D5)/Comparisons!D5) -> -0.09296644 | E15: =IF(E5="","",(E5-Comparisons!E5)/Comparisons!E5) -> -0.049599847 | F15: =IF(F5="","",(F5-Comparisons!F5)/Comparisons!F5) -> 0.002665334 | G15: =IF(G5="","",(G5-Comparisons!G5)/Comparisons!G5) | H15: =IF(H5="","",(H5-Comparisons!H5)/Comparisons!H5) | I15: =IF(I5="","",(I5-Comparisons!I5)/Comparisons!I5) | J15: =IF(D15="","",J5-((1/Comparisons!D5)*1000000)) -> 2.1965419 | K15: =IF(E15="","",K5-((1/Comparisons!E5)*1000000)) -> 2.5010007 | L15: =IF(F15="","",L5-((1/Comparisons!F5)*1000000)) -> -0.44282007 | M15: =IF(G15="","",M5-((1/Comparisons!G5)*1000000)) | N15: =IF(H15="","",N5-((1/Comparisons!H5)*1000000)) | O15: =IF(I15="","",O5-((1/Comparisons!I5)*1000000))
A16: T1b | B16: AI / AO | C16: Interrupts | D16: =IF(D6="","",(D6-Comparisons!D6)/Comparisons!D6) -> 0.21956581 | E16: =IF(E6="","",(E6-Comparisons!E6)/Comparisons!E6) -> 0.2167476 | F16: =IF(F6="","",(F6-Comparisons!F6)/Comparisons!F6) -> -0.04 | G16: =IF(G6="","",(G6-Comparisons!G6)/Comparisons!G6) | H16: =IF(H6="","",(H6-Comparisons!H6)/Comparisons!H6) | I16: =IF(I6="","",(I6-Comparisons!I6)/Comparisons!I6) | J16: =IF(D16="","",J6-((1/Comparisons!D6)*1000000)) -> -16.491349 | K16: =IF(E16="","",K6-((1/Comparisons!E6)*1000000)) -> -21.098764 | L16: =IF(F16="","",L6-((1/Comparisons!F6)*1000000)) -> 9.5238095 | M16: =IF(G16="","",M6-((1/Comparisons!G6)*1000000)) | N16: =IF(H16="","",N6-((1/Comparisons!H6)*1000000)) | O16: =IF(I16="","",O6-((1/Comparisons!I6)*1000000))
A17: T2a | B17: AI/PID/AO | C17: Polling | D17: =IF(D7="","",(D7-Comparisons!D7)/Comparisons!D7) -> 0.017819602 | E17: =IF(E7="","",(E7-Comparisons!E7)/Comparisons!E7) -> 0.093004866 | F17: =IF(F7="","",(F7-Comparisons!F7)/Comparisons!F7) -> 0.030512684 | G17: =IF(G7="","",(G7-Comparisons!G7)/Comparisons!G7) | H17: =IF(H7="","",(H7-Comparisons!H7)/Comparisons!H7) | I17: =IF(I7="","",(I7-Comparisons!I7)/Comparisons!I7) | J17: =IF(D17="","",J7-((1/Comparisons!D7)*1000000)) -> -0.43817256 | K17: =IF(E17="","",K7-((1/Comparisons!E7)*1000000)) -> -5.175851 | L17: =IF(F17="","",L7-((1/Comparisons!F7)*1000000)) -> -5.2526569 | M17: =IF(G17="","",M7-((1/Comparisons!G7)*1000000)) | N17: =IF(H17="","",N7-((1/Comparisons!H7)*1000000)) | O17: =IF(I17="","",O7-((1/Comparisons!I7)*1000000))
A18: T2b | B18: AI/PID/AO | C18: Interrupts | D18: =IF(D8="","",(D8-Comparisons!D8)/Comparisons!D8) -> 0.42581763 | E18: =IF(E8="","",(E8-Comparisons!E8)/Comparisons!E8) -> -0.021759321 | F18: =IF(F8="","",(F8-Comparisons!F8)/Comparisons!F8) -> 0.036970475 | G18: =IF(G8="","",(G8-Comparisons!G8)/Comparisons!G8) | H18: =IF(H8="","",(H8-Comparisons!H8)/Comparisons!H8) | I18: =IF(I8="","",(I8-Comparisons!I8)/Comparisons!I8) | J18: =IF(D18="","",J8-((1/Comparisons!D8)*1000000)) -> -32.342217 | K18: =IF(E18="","",K8-((1/Comparisons!E8)*1000000)) -> 2.9512167 | L18: =IF(F18="","",L8-((1/Comparisons!F8)*1000000)) -> -9.1533734 | M18: =IF(G18="","",M8-((1/Comparisons!G8)*1000000)) | N18: =IF(H18="","",N8-((1/Comparisons!H8)*1000000)) | O18: =IF(I18="","",O8-((1/Comparisons!I8)*1000000))
A19: T3 | B19: AI/AO/Local Logging | C19: Interrupts | D19: =IF(D9="","",(D9-Comparisons!D9)/Comparisons!D9) -> 1.3981777 | E19: =IF(E9="","",(E9-Comparisons!E9)/Comparisons!E9) -> 0.14861423 | F19: =IF(F9="","",(F9-Comparisons!F9)/Comparisons!F9) -> 0.2184466 | G19: =IF(G9="","",(G9-Comparisons!G9)/Comparisons!G9) | H19: =IF(H9="","",(H9-Comparisons!H9)/Comparisons!H9) | I19: =IF(I9="","",(I9-Comparisons!I9)/Comparisons!I9) | J19: =IF(D19="","",J9-((1/Comparisons!D9)*1000000)) -> -132.80563 | K19: =IF(E19="","",K9-((1/Comparisons!E9)*1000000)) -> -19.383622 | L19: =IF(F19="","",L9-((1/Comparisons!F9)*1000000)) -> -51.194423 | M19: =IF(G19="","",M9-((1/Comparisons!G9)*1000000)) | N19: =IF(H19="","",N9-((1/Comparisons!H9)*1000000)) | O19: =IF(I19="","",O9-((1/Comparisons!I9)*1000000))
A20: T4 | B20: AI/AO/Host Comm. | C20: Interrupts | D20: =IF(D10="","",(D10-Comparisons!D10)/Comparisons!D10) -> 1.6358708 | E20: =IF(E10="","",(E10-Comparisons!E10)/Comparisons!E10) -> 0.46602787 | F20: =IF(F10="","",(F10-Comparisons!F10)/Comparisons!F10) -> 0.18101788 | G20: =IF(G10="","",(G10-Comparisons!G10)/Comparisons!G10) | H20: =IF(H10="","",(H10-Comparisons!H10)/Comparisons!H10) | I20: =IF(I10="","",(I10-Comparisons!I10)/Comparisons!I10) | J20: =IF(D20="","",J10-((1/Comparisons!D10)*1000000)) -> -140.18946 | K20: =IF(E20="","",K10-((1/Comparisons!E10)*1000000)) -> -55.380615 | L20: =IF(F20="","",L10-((1/Comparisons!F10)*1000000)) -> -42.165824 | M20: =IF(G20="","",M10-((1/Comparisons!G10)*1000000)) | N20: =IF(H20="","",N10-((1/Comparisons!H10)*1000000)) | O20: =IF(I20="","",O10-((1/Comparisons!I10)*1000000))
A22: LV RT 2013 cRIO Single-Point Benchmark Results (Hz)
A23: cRIO-9068 (blue board), LV RT 2013b75, NI-RIO 13.0.0d229 (9205/9264) | Q23: Max Numbers
A24: Test | D24: Number of Channels, Rate (Hz) | J24: Number of Channels, Period (uS) | Q24: Test | T24: Number of Channels, Rate (Hz) | Z24: Number of Channels, Period (uS)
A25: Case | B25: Description | C25: I/O Mode | D25: 1 | E25: 4 | F25: 16 | G25: 32 | H25: 64 | I25: 80 | J25: 1 | K25: 4 | L25: 16 | M25: 32 | N25: 64 | O25: 80 | Q25: Case | R25: Description | S25: I/O Mode | T25: 1 | U25: 4 | V25: 16 | W25: 32 | X25: 64 | Y25: 80 | Z25: 1 | AA25: 4 | AB25: 16 | AC25: 32 | AD25: 64 | AE25: 80
A26: T1a | B26: AI / AO | C26: Polling | D26: 49932 | E26: 36058 | F26: 15922 | J26: =IF(D26="","",(1/D26)*1000000) -> 20.027237 | K26: =IF(E26="","",(1/E26)*1000000) -> 27.733097 | L26: =IF(F26="","",(1/F26)*1000000) -> 62.80618 | M26: =IF(G26="","",(1/G26)*1000000) | N26: =IF(H26="","",(1/H26)*1000000) | O26: =IF(I26="","",(1/I26)*1000000) | Q26: T1a | R26: AI / AO | S26: Polling | T26: 51861 | U26: 36604 | V26: 15842 | Z26: =IF(T26="","",(1/T26)*1000000) -> 19.282312 | AA26: =IF(U26="","",(1/U26)*1000000) -> 27.319419 | AB26: =IF(V26="","",(1/V26)*1000000) -> 63.123343 | AC26: =IF(W26="","",(1/W26)*1000000) | AD26: =IF(X26="","",(1/X26)*1000000) | AE26: =IF(Y26="","",(1/Y26)*1000000)
A27: T1b | B27: AI / AO | C27: Interrupts | D27: 9975 | E27: 9118 | F27: 6980 | J27: =IF(D27="","",(1/D27)*1000000) -> 100.25063 | K27: =IF(E27="","",(1/E27)*1000000) -> 109.67317 | L27: =IF(F27="","",(1/F27)*1000000) -> 143.26648 | M27: =IF(G27="","",(1/G27)*1000000) | N27: =IF(H27="","",(1/H27)*1000000) | O27: =IF(I27="","",(1/I27)*1000000) | Q27: T1b | R27: AI / AO | S27: Interrupts | T27: 10257 | U27: 9338 | V27: 7085 | Z27: =IF(T27="","",(1/T27)*1000000) -> 97.494394 | AA27: =IF(U27="","",(1/U27)*1000000) -> 107.08931 | AB27: =IF(V27="","",(1/V27)*1000000) -> 141.14326 | AC27: =IF(W27="","",(1/W27)*1000000) | AD27: =IF(X27="","",(1/X27)*1000000) | AE27: =IF(Y27="","",(1/Y27)*1000000)
A28: T2a | B28: AI/PID/AO | C28: Polling | D28: 44933 | E28: 19931 | F28: 11669 | J28: =IF(D28="","",(1/D28)*1000000) -> 22.255358 | K28: =IF(E28="","",(1/E28)*1000000) -> 50.173097 | L28: =IF(F28="","",(1/F28)*1000000) -> 85.697146 | M28: =IF(G28="","",(1/G28)*1000000) | N28: =IF(H28="","",(1/H28)*1000000) | O28: =IF(I28="","",(1/I28)*1000000) | Q28: T2a | R28: AI/PID/AO | S28: Polling | T28: 46391 | U28: 25261 | V28: 11826 | Z28: =IF(T28="","",(1/T28)*1000000) -> 21.555905 | AA28: =IF(U28="","",(1/U28)*1000000) -> 39.586715 | AB28: =IF(V28="","",(1/V28)*1000000) -> 84.559445 | AC28: =IF(W28="","",(1/W28)*1000000) | AD28: =IF(X28="","",(1/X28)*1000000) | AE28: =IF(Y28="","",(1/Y28)*1000000)
A29: T2b | B29: AI/PID/AO | C29: Interrupts | D29: 9757 | E29: 8283 | F29: 5975 | J29: =IF(D29="","",(1/D29)*1000000) -> 102.49052 | K29: =IF(E29="","",(1/E29)*1000000) -> 120.7292 | L29: =IF(F29="","",(1/F29)*1000000) -> 167.36402 | M29: =IF(G29="","",(1/G29)*1000000) | N29: =IF(H29="","",(1/H29)*1000000) | O29: =IF(I29="","",(1/I29)*1000000) | Q29: T2b | R29: AI/PID/AO | S29: Interrupts | T29: 9910 | U29: 8847 | V29: 6223 | Z29: =IF(T29="","",(1/T29)*1000000) -> 100.90817 | AA29: =IF(U29="","",(1/U29)*1000000) -> 113.03267 | AB29: =IF(V29="","",(1/V29)*1000000) -> 160.6942 | AC29: =IF(W29="","",(1/W29)*1000000) | AD29: =IF(X29="","",(1/X29)*1000000) | AE29: =IF(Y29="","",(1/Y29)*1000000)
A30: T3 | B30: AI/AO/Local Logging | C30: Interrupts | D30: 4341 | E30: 7315 | F30: 5368 | J30: =IF(D30="","",(1/D30)*1000000) -> 230.36167 | K30: =IF(E30="","",(1/E30)*1000000) -> 136.7054 | L30: =IF(F30="","",(1/F30)*1000000) -> 186.28912 | M30: =IF(G30="","",(1/G30)*1000000) | N30: =IF(H30="","",(1/H30)*1000000) | O30: =IF(I30="","",(1/I30)*1000000) | Q30: T3 | R30: AI/AO/Local Logging | S30: Interrupts | T30: 4508 | U30: 7315 | V30: 5371 | Z30: =IF(T30="","",(1/T30)*1000000) -> 221.82786 | AA30: =IF(U30="","",(1/U30)*1000000) -> 136.7054 | AB30: =IF(V30="","",(1/V30)*1000000) -> 186.18507 | AC30: =IF(W30="","",(1/W30)*1000000) | AD30: =IF(X30="","",(1/X30)*1000000) | AE30: =IF(Y30="","",(1/Y30)*1000000)
A31: T4 | B31: AI/AO/Host Comm. | C31: Interrupts | D31: 4306 | E31: 7170 | F31: 5447 | J31: =IF(D31="","",(1/D31)*1000000) -> 232.23409 | K31: =IF(E31="","",(1/E31)*1000000) -> 139.47001 | L31: =IF(F31="","",(1/F31)*1000000) -> 183.5873 | M31: =IF(G31="","",(1/G31)*1000000) | N31: =IF(H31="","",(1/H31)*1000000) | O31: =IF(I31="","",(1/I31)*1000000) | Q31: T4 | R31: AI/AO/Host Comm. | S31: Interrupts | T31: 4419 | U31: 7315 | V31: 6187 | Z31: =IF(T31="","",(1/T31)*1000000) -> 226.29554 | AA31: =IF(U31="","",(1/U31)*1000000) -> 136.7054 | AB31: =IF(V31="","",(1/V31)*1000000) -> 161.62922 | AC31: =IF(W31="","",(1/W31)*1000000) | AD31: =IF(X31="","",(1/X31)*1000000) | AE31: =IF(Y31="","",(1/Y31)*1000000)
D32: T1a: first run was actually 992, not sure why since subsequent runs were not affected by this.
A33: Result Improvement vs. "red board" (% & uS) | Q33: Result Improvement vs. cRIO-9024 (% & uS)
A34: Test | D34: Number of Channels (%) | J34: Number of Channels, Difference in Period (uS) | Q34: Test | T34: Number of Channels (%) | Z34: Number of Channels, Difference in Period (uS)
A35: Case | B35: Description | C35: I/O Mode | D35: 1 | E35: 4 | F35: 16 | G35: 32 | H35: 64 | I35: 80 | J35: 1 | K35: 4 | L35: 16 | M35: 32 | N35: 64 | O35: 80 | Q35: Case | R35: Description | S35: I/O Mode | T35: 1 | U35: 4 | V35: 16 | W35: 32 | X35: 64 | Y35: 80 | Z35: 1 | AA35: 4 | AB35: 16 | AC35: 32 | AD35: 64 | AE35: 80
A36: T1a | B36: AI / AO | C36: Polling | D36: =IF(D26="","",(D26-D5)/D5) -> 0.17975617 | E36: =IF(E26="","",(E26-E5)/E5) -> 0.81817265 | F36: =IF(F26="","",(F26-F5)/F5) -> 1.6452899 | G36: =IF(G26="","",(G26-Comparisons!G36)/Comparisons!G36) | H36: =IF(H26="","",(H26-Comparisons!H36)/Comparisons!H36) | I36: =IF(I26="","",(I26-Comparisons!I36)/Comparisons!I36) | J36: =IF(D36="","",J26-((1/D5)*1000000)) -> -3.6000194 | K36: =IF(E36="","",K26-((1/E5)*1000000)) -> -22.690461 | L36: =IF(F36="","",L26-((1/F5)*1000000)) -> -103.33437 | M36: =IF(G36="","",M26-((1/Comparisons!G36)*1000000)) | N36: =IF(H36="","",N26-((1/Comparisons!H36)*1000000)) | O36: =IF(I36="","",O26-((1/Comparisons!I36)*1000000)) | Q36: T1a | R36: AI / AO | S36: Polling | T36: =IF(D26="","",(D26-Comparisons!D5)/Comparisons!D5) -> 0.070078436 | U36: =IF(E26="","",(E26-Comparisons!E5)/Comparisons!E5) -> 0.72799157 | V36: =IF(F26="","",(F26-Comparisons!F5)/Comparisons!F5) -> 1.6523405 | W36: =IF(W26="","",(W26-Comparisons!W36)/Comparisons!W36) | X36: =IF(X26="","",(X26-Comparisons!X36)/Comparisons!X36) | Y36: =IF(Y26="","",(Y26-Comparisons!Y36)/Comparisons!Y36) | Z36: =IF(D26="","",J26-((1/Comparisons!D5)*1000000)) -> -1.4034775 | AA36: =IF(E26="","",K26-((1/Comparisons!E5)*1000000)) -> -20.18946 | AB36: =IF(F26="","",L26-((1/Comparisons!F5)*1000000)) -> -103.77719 | AC36: =IF(W36="","",AC26-((1/Comparisons!W36)*1000000)) | AD36: =IF(X36="","",AD26-((1/Comparisons!X36)*1000000)) | AE36: =IF(Y36="","",AE26-((1/Comparisons!Y36)*1000000))
A37: T1b | B37: AI / AO | C37: Interrupts | D37: =IF(D27="","",(D27-D6)/D6) -> -0.25078864 | E37: =IF(E27="","",(E27-E6)/E6) -> -0.11243064 | F37: =IF(F27="","",(F27-F6)/F6) -> 0.66190476 | G37: =IF(G27="","",(G27-Comparisons!G37)/Comparisons!G37) | H37: =IF(H27="","",(H27-Comparisons!H37)/Comparisons!H37) | I37: =IF(I27="","",(I27-Comparisons!I37)/Comparisons!I37) | J37: =IF(D37="","",J27-((1/D6)*1000000)) -> 25.141719 | K37: =IF(E37="","",K27-((1/E6)*1000000)) -> 12.330626 | L37: =IF(F37="","",L27-((1/F6)*1000000)) -> -94.828762 | M37: =IF(G37="","",M27-((1/Comparisons!G37)*1000000)) | N37: =IF(H37="","",N27-((1/Comparisons!H37)*1000000)) | O37: =IF(I37="","",O27-((1/Comparisons!I37)*1000000)) | Q37: T1b | R37: AI / AO | S37: Interrupts | T37: =IF(D27="","",(D27-Comparisons!D6)/Comparisons!D6) -> -0.086287442 | U37: =IF(E27="","",(E27-Comparisons!E6)/Comparisons!E6) -> 0.079947886 | V37: =IF(F27="","",(F27-Comparisons!F6)/Comparisons!F6) -> 0.59542857 | W37: =IF(W27="","",(W27-Comparisons!W37)/Comparisons!W37) | X37: =IF(X27="","",(X27-Comparisons!X37)/Comparisons!X37) | Y37: =IF(Y27="","",(Y27-Comparisons!Y37)/Comparisons!Y37) | Z37: =IF(D27="","",J27-((1/Comparisons!D6)*1000000)) -> 8.6503701 | AA37: =IF(E27="","",K27-((1/Comparisons!E6)*1000000)) -> -8.7681384 | AB37: =IF(F27="","",L27-((1/Comparisons!F6)*1000000)) -> -85.304953 | AC37: =IF(W37="","",AC27-((1/Comparisons!W37)*1000000)) | AD37: =IF(X37="","",AD27-((1/Comparisons!X37)*1000000)) | AE37: =IF(Y37="","",AE27-((1/Comparisons!Y37)*1000000))
A38: T2a | B38: AI/PID/AO | C38: Polling | D38: =IF(D28="","",(D28-D7)/D7) -> 0.10487361 | E38: =IF(E28="","",(E28-E7)/E7) -> 0.10918805 | F38: =IF(F28="","",(F28-F7)/F7) -> 1.0087795 | G38: =IF(G28="","",(G28-Comparisons!G38)/Comparisons!G38) | H38: =IF(H28="","",(H28-Comparisons!H38)/Comparisons!H38) | I38: =IF(I28="","",(I28-Comparisons!I38)/Comparisons!I38) | J38: =IF(D38="","",J28-((1/D7)*1000000)) -> -2.3339997 | K38: =IF(E38="","",K28-((1/E7)*1000000)) -> -5.4783024 | L38: =IF(F38="","",L28-((1/F7)*1000000)) -> -86.449523 | M38: =IF(G38="","",M28-((1/Comparisons!G38)*1000000)) | N38: =IF(H38="","",N28-((1/Comparisons!H38)*1000000)) | O38: =IF(I38="","",O28-((1/Comparisons!I38)*1000000)) | Q38: T2a | R38: AI/PID/AO | S38: Polling | T38: =IF(D28="","",(D28-Comparisons!D7)/Comparisons!D7) -> 0.12456202 | U38: =IF(E28="","",(E28-Comparisons!E7)/Comparisons!E7) -> 0.21234793 | V38: =IF(F28="","",(F28-Comparisons!F7)/Comparisons!F7) -> 1.0700727 | W38: =IF(W28="","",(W28-Comparisons!W38)/Comparisons!W38) | X38: =IF(X28="","",(X28-Comparisons!X38)/Comparisons!X38) | Y38: =IF(Y28="","",(Y28-Comparisons!Y38)/Comparisons!Y38) | Z38: =IF(D28="","",J28-((1/Comparisons!D7)*1000000)) -> -2.7721723 | AA38: =IF(E28="","",K28-((1/Comparisons!E7)*1000000)) -> -10.654153 | AB38: =IF(F28="","",L28-((1/Comparisons!F7)*1000000)) -> -91.70218 | AC38: =IF(W38="","",AC28-((1/Comparisons!W38)*1000000)) | AD38: =IF(X38="","",AD28-((1/Comparisons!X38)*1000000)) | AE38: =IF(Y38="","",AE28-((1/Comparisons!Y38)*1000000))
A39: T2b | B39: AI/PID/AO | C39: Interrupts | D39: =IF(D29="","",(D29-D8)/D8) -> -0.2589245 | E39: =IF(E29="","",(E29-E8)/E8) -> 0.1234233 | F39: =IF(F29="","",(F29-F8)/F8) -> 0.47932657 | G39: =IF(G29="","",(G29-Comparisons!G39)/Comparisons!G39) | H39: =IF(H29="","",(H29-Comparisons!H39)/Comparisons!H39) | I39: =IF(I29="","",(I29-Comparisons!I39)/Comparisons!I39) | J39: =IF(D39="","",J29-((1/D8)*1000000)) -> 26.537307 | K39: =IF(E39="","",K29-((1/E8)*1000000)) -> -14.900797 | L39: =IF(F39="","",L29-((1/F8)*1000000)) -> -80.222019 | M39: =IF(G39="","",M29-((1/Comparisons!G39)*1000000)) | N39: =IF(H39="","",N29-((1/Comparisons!H39)*1000000)) | O39: =IF(I39="","",O29-((1/Comparisons!I39)*1000000)) | Q39: T2b | R39: AI/PID/AO | S39: Interrupts | T39: =IF(D29="","",(D29-Comparisons!D8)/Comparisons!D8) -> 0.05663851 | U39: =IF(E29="","",(E29-Comparisons!E8)/Comparisons!E8) -> 0.098978373 | V39: =IF(F29="","",(F29-Comparisons!F8)/Comparisons!F8) -> 0.53401797 | W39: =IF(W29="","",(W29-Comparisons!W39)/Comparisons!W39) | X39: =IF(X29="","",(X29-Comparisons!X39)/Comparisons!X39) | Y39: =IF(Y29="","",(Y29-Comparisons!Y39)/Comparisons!Y39) | Z39: =IF(D29="","",J29-((1/Comparisons!D8)*1000000)) -> -5.8049103 | AA39: =IF(E29="","",K29-((1/Comparisons!E8)*1000000)) -> -11.94958 | AB39: =IF(F29="","",L29-((1/Comparisons!F8)*1000000)) -> -89.375393 | AC39: =IF(W39="","",AC29-((1/Comparisons!W39)*1000000)) | AD39: =IF(X39="","",AD29-((1/Comparisons!X39)*1000000)) | AE39: =IF(Y39="","",AE29-((1/Comparisons!Y39)*1000000))
A40: T3 | B40: AI/AO/Local Logging | C40: Interrupts | D40: =IF(D30="","",(D30-D9)/D9) -> -0.58767097 | E40: =IF(E30="","",(E30-E9)/E9) -> -0.045911047 | F40: =IF(F30="","",(F30-F9)/F9) -> 0.25802672 | G40: =IF(G30="","",(G30-Comparisons!G40)/Comparisons!G40) | H40: =IF(H30="","",(H30-Comparisons!H40)/Comparisons!H40) | I40: =IF(I30="","",(I30-Comparisons!I40)/Comparisons!I40) | J40: =IF(D40="","",J30-((1/D9)*1000000)) -> 135.37687 | K40: =IF(E40="","",K30-((1/E9)*1000000)) -> 6.2762881 | L40: =IF(F40="","",L30-((1/F9)*1000000)) -> -48.06757 | M40: =IF(G40="","",M30-((1/Comparisons!G40)*1000000)) | N40: =IF(H40="","",N30-((1/Comparisons!H40)*1000000)) | O40: =IF(I40="","",O30-((1/Comparisons!I40)*1000000)) | Q40: T3 | R40: AI/AO/Local Logging | S40: Interrupts | T40: =IF(D30="","",(D30-Comparisons!D9)/Comparisons!D9) -> -0.011161731 | U40: =IF(E30="","",(E30-Comparisons!E9)/Comparisons!E9) -> 0.09588015 | V40: =IF(F30="","",(F30-Comparisons!F9)/Comparisons!F9) -> 0.53283838 | W40: =IF(W30="","",(W30-Comparisons!W40)/Comparisons!W40) | X40: =IF(X30="","",(X30-Comparisons!X40)/Comparisons!X40) | Y40: =IF(Y30="","",(Y30-Comparisons!Y40)/Comparisons!Y40) | Z40: =IF(D30="","",J30-((1/Comparisons!D9)*1000000)) -> 2.571235 | AA40: =IF(E30="","",K30-((1/Comparisons!E9)*1000000)) -> -13.107334 | AB40: =IF(F30="","",L30-((1/Comparisons!F9)*1000000)) -> -99.261993 | AC40: =IF(W40="","",AC30-((1/Comparisons!W40)*1000000)) | AD40: =IF(X40="","",AD30-((1/Comparisons!X40)*1000000)) | AE40: =IF(Y40="","",AE30-((1/Comparisons!Y40)*1000000))
A41: T4 | B41: AI/AO/Host Comm. | C41: Interrupts | D41: =IF(D31="","",(D31-D10)/D10) -> -0.63098809 | E41: =IF(E31="","",(E31-E10)/E10) -> -0.14795009 | F41: =IF(F31="","",(F31-F10)/F10) -> 0.26880969 | G41: =IF(G31="","",(G31-Comparisons!G41)/Comparisons!G41) | H41: =IF(H31="","",(H31-Comparisons!H41)/Comparisons!H41) | I41: =IF(I31="","",(I31-Comparisons!I41)/Comparisons!I41) | J41: =IF(D41="","",J31-((1/D10)*1000000)) -> 146.53695 | K41: =IF(E41="","",K31-((1/E10)*1000000)) -> 20.634601 | L41: =IF(F41="","",L31-((1/F10)*1000000)) -> -49.350044 | M41: =IF(G41="","",M31-((1/Comparisons!G41)*1000000)) | N41: =IF(H41="","",N31-((1/Comparisons!H41)*1000000)) | O41: =IF(I41="","",O31-((1/Comparisons!I41)*1000000)) | Q41: T4 | R41: AI/AO/Host Comm. | S41: Interrupts | T41: =IF(D31="","",(D31-Comparisons!D10)/Comparisons!D10) -> -0.027332279 | U41: =IF(E31="","",(E31-Comparisons!E10)/Comparisons!E10) -> 0.24912892 | V41: =IF(F31="","",(F31-Comparisons!F10)/Comparisons!F10) -> 0.49848693 | W41: =IF(W31="","",(W31-Comparisons!W41)/Comparisons!W41) | X41: =IF(X31="","",(X31-Comparisons!X41)/Comparisons!X41) | Y41: =IF(Y31="","",(Y31-Comparisons!Y41)/Comparisons!Y41) | Z41: =IF(D31="","",J31-((1/Comparisons!D10)*1000000)) -> 6.347487 | AA41: =IF(E31="","",K31-((1/Comparisons!E10)*1000000)) -> -34.746014 | AB41: =IF(F31="","",L31-((1/Comparisons!F10)*1000000)) -> -91.515868 | AC41: =IF(W41="","",AC31-((1/Comparisons!W41)*1000000)) | AD41: =IF(X41="","",AD31-((1/Comparisons!X41)*1000000)) | AE41: =IF(Y41="","",AE31-((1/Comparisons!Y41)*1000000))
A42: Worst of 5 | D42: Improvement cause unknown..
A44: Result Improvement vs. 2013 cRIO-9024 (% & uS)
A45: Test | D45: Number of Channels (%) | J45: Number of Channels, Difference in Period (uS)
A46: Acronym | B46: Description | C46: I/O Mode | D46: 1 | E46: 4 | F46: 16 | G46: 32 | H46: 64 | I46: 80 | J46: 1 | K46: 4 | L46: 16 | M46: 32 | N46: 64 | O46: 80
A47: T1a | B47: AI / AO | C47: Polling | D47: =IF(D5="","",(D5-Comparisons!D16)/Comparisons!D16) -> -0.42592844 | E47: =IF(E5="","",(E5-Comparisons!E16)/Comparisons!E16) -> -0.23452216 | F47: =IF(F5="","",(F5-Comparisons!F16)/Comparisons!F16) -> -0.1407566 | G47: =IF(G5="","",(G5-Comparisons!G16)/Comparisons!G16) | H47: =IF(H5="","",(H5-Comparisons!H16)/Comparisons!H16) | I47: =IF(I5="","",(I5-Comparisons!I16)/Comparisons!I16) | J47: =IF(D47="","",J5-((1/Comparisons!D16)*1000000)) -> 10.06352 | K47: =IF(E47="","",K5-((1/Comparisons!E16)*1000000)) -> 11.825441 | L47: =IF(F47="","",L5-((1/Comparisons!F16)*1000000)) -> 23.38538 | M47: =IF(G47="","",M5-((1/Comparisons!G16)*1000000)) | N47: =IF(H47="","",N5-((1/Comparisons!H16)*1000000)) | O47: =IF(I47="","",O5-((1/Comparisons!I16)*1000000))
A48: T1b | B48: AI / AO | C48: Interrupts | D48: =IF(D6="","",(D6-Comparisons!D17)/Comparisons!D17) -> -0.45708111 | E48: =IF(E6="","",(E6-Comparisons!E17)/Comparisons!E17) -> -0.30770268 | F48: =IF(F6="","",(F6-Comparisons!F17)/Comparisons!F17) -> -0.20619921 | G48: =IF(G6="","",(G6-Comparisons!G17)/Comparisons!G17) | H48: =IF(H6="","",(H6-Comparisons!H17)/Comparisons!H17) | I48: =IF(I6="","",(I6-Comparisons!I17)/Comparisons!I17) | J48: =IF(D48="","",J6-((1/Comparisons!D17)*1000000)) -> 34.330863 | K48: =IF(E48="","",K6-((1/Comparisons!E17)*1000000)) -> 29.952563 | L48: =IF(F48="","",L6-((1/Comparisons!F17)*1000000)) -> 49.095049 | M48: =IF(G48="","",M6-((1/Comparisons!G17)*1000000)) | N48: =IF(H48="","",N6-((1/Comparisons!H17)*1000000)) | O48: =IF(I48="","",O6-((1/Comparisons!I17)*1000000))
A49: T2a | B49: AI/PID/AO | C49: Polling | D49: =IF(D7="","",(D7-Comparisons!D18)/Comparisons!D18) -> -0.4283867 | E49: =IF(E7="","",(E7-Comparisons!E18)/Comparisons!E18) -> -0.17901037 | F49: =IF(F7="","",(F7-Comparisons!F18)/Comparisons!F18) -> #DIV/0! | G49: =IF(G7="","",(G7-Comparisons!G18)/Comparisons!G18) | H49: =IF(H7="","",(H7-Comparisons!H18)/Comparisons!H18) | I49: =IF(I7="","",(I7-Comparisons!I18)/Comparisons!I18) | J49: =IF(D49="","",J7-((1/Comparisons!D18)*1000000)) -> 10.533754 | K49: =IF(E49="","",K7-((1/Comparisons!E18)*1000000)) -> 9.9621777 | L49: =IF(F49="","",L7-((1/Comparisons!F18)*1000000)) -> #DIV/0! | M49: =IF(G49="","",M7-((1/Comparisons!G18)*1000000)) | N49: =IF(H49="","",N7-((1/Comparisons!H18)*1000000)) | O49: =IF(I49="","",O7-((1/Comparisons!I18)*1000000))
A50: T2b | B50: AI/PID/AO | C50: Interrupts | D50: =IF(D8="","",(D8-Comparisons!D19)/Comparisons!D19) -> -0.32249267 | E50: =IF(E8="","",(E8-Comparisons!E19)/Comparisons!E19) -> -0.32948345 | F50: =IF(F8="","",(F8-Comparisons!F19)/Comparisons!F19) -> #DIV/0! | G50: =IF(G8="","",(G8-Comparisons!G19)/Comparisons!G19) | H50: =IF(H8="","",(H8-Comparisons!H19)/Comparisons!H19) | I50: =IF(I8="","",(I8-Comparisons!I19)/Comparisons!I19) | J50: =IF(D50="","",J8-((1/Comparisons!D19)*1000000)) -> 24.494354 | K50: =IF(E50="","",K8-((1/Comparisons!E19)*1000000)) -> 44.687841 | L50: =IF(F50="","",L8-((1/Comparisons!F19)*1000000)) -> #DIV/0! | M50: =IF(G50="","",M8-((1/Comparisons!G19)*1000000)) | N50: =IF(H50="","",N8-((1/Comparisons!H19)*1000000)) | O50: =IF(I50="","",O8-((1/Comparisons!I19)*1000000))
A51: T3 | B51: AI/AO/Local Logging | C51: Interrupts | D51: =IF(D9="","",(D9-Comparisons!D20)/Comparisons!D20) -> -0.28960864 | E51: =IF(E9="","",(E9-Comparisons!E20)/Comparisons!E20) -> -0.16463282 | F51: =IF(F9="","",(F9-Comparisons!F20)/Comparisons!F20) -> #DIV/0! | G51: =IF(G9="","",(G9-Comparisons!G20)/Comparisons!G20) | H51: =IF(H9="","",(H9-Comparisons!H20)/Comparisons!H20) | I51: =IF(I9="","",(I9-Comparisons!I20)/Comparisons!I20) | J51: =IF(D51="","",J9-((1/Comparisons!D20)*1000000)) -> 27.508419 | K51: =IF(E51="","",K9-((1/Comparisons!E20)*1000000)) -> 21.472912 | L51: =IF(F51="","",L9-((1/Comparisons!F20)*1000000)) -> #DIV/0! | M51: =IF(G51="","",M9-((1/Comparisons!G20)*1000000)) | N51: =IF(H51="","",N9-((1/Comparisons!H20)*1000000)) | O51: =IF(I51="","",O9-((1/Comparisons!I20)*1000000))
A52: T4 | B52: AI/AO/Host Comm. | C52: Interrupts | D52: =IF(D10="","",(D10-Comparisons!D21)/Comparisons!D21) -> -0.13983488 | E52: =IF(E10="","",(E10-Comparisons!E21)/Comparisons!E21) -> -0.054600607 | F52: =IF(F10="","",(F10-Comparisons!F21)/Comparisons!F21) -> #DIV/0! | G52: =IF(G10="","",(G10-Comparisons!G21)/Comparisons!G21) | H52: =IF(H10="","",(H10-Comparisons!H21)/Comparisons!H21) | I52: =IF(I10="","",(I10-Comparisons!I21)/Comparisons!I21) | J52: =IF(D52="","",J10-((1/Comparisons!D21)*1000000)) -> 11.98345 | K52: =IF(E52="","",K10-((1/Comparisons!E21)*1000000)) -> 6.4884856 | L52: =IF(F52="","",L10-((1/Comparisons!F21)*1000000)) -> #DIV/0! | M52: =IF(G52="","",M10-((1/Comparisons!G21)*1000000)) | N52: =IF(H52="","",N10-((1/Comparisons!H21)*1000000)) | O52: =IF(I52="","",O10-((1/Comparisons!I21)*1000000))
A54: LV RT 2013 cRIO Single-Point Benchmark Results (Hz)
A55: cRIO-9033 (revB), LV RT 14.0b112, NI-RIO 14.0.0d290 (9205/9264) | Q55: Max Numbers
A56: Test | D56: Number of Channels, Rate (Hz) | J56: Number of Channels, Period (uS) | Q56: Test | T56: Number of Channels, Rate (Hz) | Z56: Number of Channels, Period (uS)
A57: Case | B57: Description | C57: I/O Mode | D57: 1 | E57: 4 | F57: 16 | G57: 32 | H57: 64 | I57: 80 | J57: 1 | K57: 4 | L57: 16 | M57: 32 | N57: 64 | O57: 80 | Q57: Case | R57: Description | S57: I/O Mode | T57: 1 | U57: 4 | V57: 16 | W57: 32 | X57: 64 | Y57: 80 | Z57: 1 | AA57: 4 | AB57: 16 | AC57: 32 | AD57: 64 | AE57: 80
A58: T1a | B58: AI / AO | C58: Polling | D58: 47550 | E58: 41673 | F58: 22307 | J58: =IF(D58="","",(1/D58)*1000000) -> 21.030494 | K58: =IF(E58="","",(1/E58)*1000000) -> 23.996353 | L58: =IF(F58="","",(1/F58)*1000000) -> 44.828977 | M58: =IF(G58="","",(1/G58)*1000000) | N58: =IF(H58="","",(1/H58)*1000000) | O58: =IF(I58="","",(1/I58)*1000000) | Q58: T1a | R58: AI / AO | S58: Polling | Z58: =IF(T58="","",(1/T58)*1000000) | AA58: =IF(U58="","",(1/U58)*1000000) | AB58: =IF(V58="","",(1/V58)*1000000) | AC58: =IF(W58="","",(1/W58)*1000000) | AD58: =IF(X58="","",(1/X58)*1000000) | AE58: =IF(Y58="","",(1/Y58)*1000000)
A59: T1b | B59: AI / AO | C59: Interrupts | D59: 14355 | E59: 13816 | F59: 10944 | J59: =IF(D59="","",(1/D59)*1000000) -> 69.662139 | K59: =IF(E59="","",(1/E59)*1000000) -> 72.379849 | L59: =IF(F59="","",(1/F59)*1000000) -> 91.374269 | M59: =IF(G59="","",(1/G59)*1000000) | N59: =IF(H59="","",(1/H59)*1000000) | O59: =IF(I59="","",(1/I59)*1000000) | Q59: T1b | R59: AI / AO | S59: Interrupts | Z59: =IF(T59="","",(1/T59)*1000000) | AA59: =IF(U59="","",(1/U59)*1000000) | AB59: =IF(V59="","",(1/V59)*1000000) | AC59: =IF(W59="","",(1/W59)*1000000) | AD59: =IF(X59="","",(1/X59)*1000000) | AE59: =IF(Y59="","",(1/Y59)*1000000)
A60: T2a | B60: AI/PID/AO | C60: Polling | D60: 45386 | E60: 33982 | F60: 18981 | J60: =IF(D60="","",(1/D60)*1000000) -> 22.033226 | K60: =IF(E60="","",(1/E60)*1000000) -> 29.427344 | L60: =IF(F60="","",(1/F60)*1000000) -> 52.684263 | M60: =IF(G60="","",(1/G60)*1000000) | N60: =IF(H60="","",(1/H60)*1000000) | O60: =IF(I60="","",(1/I60)*1000000) | Q60: T2a | R60: AI/PID/AO | S60: Polling | Z60: =IF(T60="","",(1/T60)*1000000) | AA60: =IF(U60="","",(1/U60)*1000000) | AB60: =IF(V60="","",(1/V60)*1000000) | AC60: =IF(W60="","",(1/W60)*1000000) | AD60: =IF(X60="","",(1/X60)*1000000) | AE60: =IF(Y60="","",(1/Y60)*1000000)
A61: T2b | B61: AI/PID/AO | C61: Interrupts | D61: 14074 | E61: 12840 | F61: 10120 | J61: =IF(D61="","",(1/D61)*1000000) -> 71.053006 | K61: =IF(E61="","",(1/E61)*1000000) -> 77.88162 | L61: =IF(F61="","",(1/F61)*1000000) -> 98.814229 | M61: =IF(G61="","",(1/G61)*1000000) | N61: =IF(H61="","",(1/H61)*1000000) | O61: =IF(I61="","",(1/I61)*1000000) | Q61: T2b | R61: AI/PID/AO | S61: Interrupts | Z61: =IF(T61="","",(1/T61)*1000000) | AA61: =IF(U61="","",(1/U61)*1000000) | AB61: =IF(V61="","",(1/V61)*1000000) | AC61: =IF(W61="","",(1/W61)*1000000) | AD61: =IF(X61="","",(1/X61)*1000000) | AE61: =IF(Y61="","",(1/Y61)*1000000)
A62: T3 | B62: AI/AO/Local Logging | C62: Interrupts | D62: 12304 | E62: 13314 | F62: 10357 | J62: =IF(D62="","",(1/D62)*1000000) -> 81.274382 | K62: =IF(E62="","",(1/E62)*1000000) -> 75.108908 | L62: =IF(F62="","",(1/F62)*1000000) -> 96.553056 | M62: =IF(G62="","",(1/G62)*1000000) | N62: =IF(H62="","",(1/H62)*1000000) | O62: =IF(I62="","",(1/I62)*1000000) | Q62: T3 | R62: AI/AO/Local Logging | S62: Interrupts | Z62: =IF(T62="","",(1/T62)*1000000) | AA62: =IF(U62="","",(1/U62)*1000000) | AB62: =IF(V62="","",(1/V62)*1000000) | AC62: =IF(W62="","",(1/W62)*1000000) | AD62: =IF(X62="","",(1/X62)*1000000) | AE62: =IF(Y62="","",(1/Y62)*1000000)
A63: T4 | B63: AI/AO/Host Comm. | C63: Interrupts | D63: 10765 | E63: 12585 | F63: 10972 | J63: =IF(D63="","",(1/D63)*1000000) -> 92.893637 | K63: =IF(E63="","",(1/E63)*1000000) -> 79.459674 | L63: =IF(F63="","",(1/F63)*1000000) -> 91.141086 | M63: =IF(G63="","",(1/G63)*1000000) | N63: =IF(H63="","",(1/H63)*1000000) | O63: =IF(I63="","",(1/I63)*1000000) | Q63: T4 | R63: AI/AO/Host Comm. | S63: Interrupts | Z63: =IF(T63="","",(1/T63)*1000000) | AA63: =IF(U63="","",(1/U63)*1000000) | AB63: =IF(V63="","",(1/V63)*1000000) | AC63: =IF(W63="","",(1/W63)*1000000) | AD63: =IF(X63="","",(1/X63)*1000000) | AE63: =IF(Y63="","",(1/Y63)*1000000)
A65: Result Improvement vs. RevA (% & uS)
A66: Test | D66: Number of Channels (%) | J66: Number of Channels, Difference in Period (uS)
A67: Acronym | B67: Description | C67: I/O Mode | D67: 1 | E67: 4 | F67: 16 | G67: 32 | H67: 64 | I67: 80 | J67: 1 | K67: 4 | L67: 16 | M67: 32 | N67: 64 | O67: 80
A68: T1a | B68: AI / AO | C68: Polling | D68: =IF(D58="","",(D58-D5)/D5) -> 0.12347604 | E68: =IF(E58="","",(E58-E5)/E5) -> 1.1013009 | F68: =IF(F58="","",(F58-F5)/F5) -> 2.7060974 | G68: =IF(G58="","",(G58-G5)/G5) | H68: =IF(H58="","",(H58-H5)/H5) | I68: =IF(I58="","",(I58-I5)/I5) | J68: =IF(D68="","",J58-((1/Comparisons!D58)*1000000)) -> #DIV/0! | K68: =IF(E68="","",K58-((1/Comparisons!E58)*1000000)) -> #DIV/0! | L68: =IF(F68="","",L58-((1/Comparisons!F58)*1000000)) -> #DIV/0! | M68: =IF(G68="","",M58-((1/Comparisons!G58)*1000000)) | N68: =IF(H68="","",N58-((1/Comparisons!H58)*1000000)) | O68: =IF(I68="","",O58-((1/Comparisons!I58)*1000000))
A69: T1b | B69: AI / AO | C69: Interrupts | D69: =IF(D59="","",(D59-D6)/D6) -> 0.078188373 | E69: =IF(E59="","",(E59-E6)/E6) -> 0.34488465 | F69: =IF(F59="","",(F59-F6)/F6) -> 1.6057143 | G69: =IF(G59="","",(G59-G6)/G6) | H69: =IF(H59="","",(H59-H6)/H6) | I69: =IF(I59="","",(I59-I6)/I6) | J69: =IF(D69="","",J59-((1/Comparisons!D59)*1000000)) -> #DIV/0! | K69: =IF(E69="","",K59-((1/Comparisons!E59)*1000000)) -> #DIV/0! | L69: =IF(F69="","",L59-((1/Comparisons!F59)*1000000)) -> #DIV/0! | M69: =IF(G69="","",M59-((1/Comparisons!G59)*1000000)) | N69: =IF(H69="","",N59-((1/Comparisons!H59)*1000000)) | O69: =IF(I69="","",O59-((1/Comparisons!I59)*1000000))
A70: T2a | B70: AI/PID/AO | C70: Polling | D70: =IF(D60="","",(D60-D7)/D7) -> 0.11601259 | E70: =IF(E60="","",(E60-E7)/E7) -> 0.89114586 | F70: =IF(F60="","",(F60-F7)/F7) -> 2.2675159 | G70: =IF(G60="","",(G60-G7)/G7) | H70: =IF(H60="","",(H60-H7)/H7) | I70: =IF(I60="","",(I60-I7)/I7) | J70: =IF(D70="","",J60-((1/Comparisons!D60)*1000000)) -> #DIV/0! | K70: =IF(E70="","",K60-((1/Comparisons!E60)*1000000)) -> #DIV/0! | L70: =IF(F70="","",L60-((1/Comparisons!F60)*1000000)) -> #DIV/0! | M70: =IF(G70="","",M60-((1/Comparisons!G60)*1000000)) | N70: =IF(H70="","",N60-((1/Comparisons!H60)*1000000)) | O70: =IF(I70="","",O60-((1/Comparisons!I60)*1000000))
A71: T2b | B71: AI/PID/AO | C71: Interrupts | D71: =IF(D61="","",(D61-D8)/D8) -> 0.068965517 | E71: =IF(E61="","",(E61-E8)/E8) -> 0.74148922 | F71: =IF(F61="","",(F61-F8)/F8) -> 1.5055707 | G71: =IF(G61="","",(G61-G8)/G8) | H71: =IF(H61="","",(H61-H8)/H8) | I71: =IF(I61="","",(I61-I8)/I8) | J71: =IF(D71="","",J61-((1/Comparisons!D61)*1000000)) -> #DIV/0! | K71: =IF(E71="","",K61-((1/Comparisons!E61)*1000000)) -> #DIV/0! | L71: =IF(F71="","",L61-((1/Comparisons!F61)*1000000)) -> #DIV/0! | M71: =IF(G71="","",M61-((1/Comparisons!G61)*1000000)) | N71: =IF(H71="","",N61-((1/Comparisons!H61)*1000000)) | O71: =IF(I71="","",O61-((1/Comparisons!I61)*1000000)) | P71: 1ch outlier, next lowest was 39756
A72: T3 | B72: AI/AO/Local Logging | C72: Interrupts | D72: =IF(D62="","",(D62-D9)/D9) -> 0.16869301 | E72: =IF(E62="","",(E62-E9)/E9) -> 0.73653319 | F72: =IF(F62="","",(F62-F9)/F9) -> 1.4272322 | G72: =IF(G62="","",(G62-G9)/G9) | H72: =IF(H62="","",(H62-H9)/H9) | I72: =IF(I62="","",(I62-I9)/I9) | J72: =IF(D72="","",J62-((1/Comparisons!D62)*1000000)) -> #DIV/0! | K72: =IF(E72="","",K62-((1/Comparisons!E62)*1000000)) -> #DIV/0! | L72: =IF(F72="","",L62-((1/Comparisons!F62)*1000000)) -> #DIV/0! | M72: =IF(G72="","",M62-((1/Comparisons!G62)*1000000)) | N72: =IF(H72="","",N62-((1/Comparisons!H62)*1000000)) | O72: =IF(I72="","",O62-((1/Comparisons!I62)*1000000))
A73: T4 | B73: AI/AO/Host Comm. | C73: Interrupts | D73: =IF(D63="","",(D63-D10)/D10) -> -0.07747022 | E73: =IF(E63="","",(E63-E10)/E10) -> 0.49554367 | F73: =IF(F63="","",(F63-F10)/F10) -> 1.5557885 | G73: =IF(G63="","",(G63-G10)/G10) | H73: =IF(H63="","",(H63-H10)/H10) | I73: =IF(I63="","",(I63-I10)/I10) | J73: =IF(D73="","",J63-((1/Comparisons!D63)*1000000)) -> #DIV/0! | K73: =IF(E73="","",K63-((1/Comparisons!E63)*1000000)) -> #DIV/0! | L73: =IF(F73="","",L63-((1/Comparisons!F63)*1000000)) -> #DIV/0! | M73: =IF(G73="","",M63-((1/Comparisons!G63)*1000000)) | N73: =IF(H73="","",N63-((1/Comparisons!H63)*1000000)) | O73: =IF(I73="","",O63-((1/Comparisons!I63)*1000000))
A75: LV RT 2013 cRIO Single-Point Benchmark Results (Hz)
A76: cRIO-9033 (revB w/UI), LV RT 14.0b112, NI-RIO 14.0.0d290 (9205/9264)
A77: Test | D77: Number of Channels, Rate (Hz) | J77: Number of Channels, Period (uS)
A78: Case | B78: Description | C78: I/O Mode | D78: 1 | E78: 4 | F78: 16 | G78: 32 | H78: 64 | I78: 80 | J78: 1 | K78: 4 | L78: 16 | M78: 32 | N78: 64 | O78: 80
A79: T1a | B79: AI / AO | C79: Polling | D79: 47120 | E79: 40872 | F79: 21975 | J79: =IF(D79="","",(1/D79)*1000000) -> 21.222411 | K79: =IF(E79="","",(1/E79)*1000000) -> 24.466628 | L79: =IF(F79="","",(1/F79)*1000000) -> 45.506257 | M79: =IF(G79="","",(1/G79)*1000000) | N79: =IF(H79="","",(1/H79)*1000000) | O79: =IF(I79="","",(1/I79)*1000000)
A80: T1b | B80: AI / AO | C80: Interrupts | D80: 14666 | E80: 12740 | F80: 10898 | J80: =IF(D80="","",(1/D80)*1000000) -> 68.184917 | K80: =IF(E80="","",(1/E80)*1000000) -> 78.492936 | L80: =IF(F80="","",(1/F80)*1000000) -> 91.759956 | M80: =IF(G80="","",(1/G80)*1000000) | N80: =IF(H80="","",(1/H80)*1000000) | O80: =IF(I80="","",(1/I80)*1000000)
A81: T2a | B81: AI/PID/AO | C81: Polling | D81: 45095 | E81: 33720 | F81: 18792 | J81: =IF(D81="","",(1/D81)*1000000) -> 22.175407 | K81: =IF(E81="","",(1/E81)*1000000) -> 29.655991 | L81: =IF(F81="","",(1/F81)*1000000) -> 53.214134 | M81: =IF(G81="","",(1/G81)*1000000) | N81: =IF(H81="","",(1/H81)*1000000) | O81: =IF(I81="","",(1/I81)*1000000)
A82: T2b | B82: AI/PID/AO | C82: Interrupts | D82: 13772 | E82: 12740 | F82: 9990 | J82: =IF(D82="","",(1/D82)*1000000) -> 72.611095 | K82: =IF(E82="","",(1/E82)*1000000) -> 78.492936 | L82: =IF(F82="","",(1/F82)*1000000) -> 100.1001 | M82: =IF(G82="","",(1/G82)*1000000) | N82: =IF(H82="","",(1/H82)*1000000) | O82: =IF(I82="","",(1/I82)*1000000)
A83: T3 | B83: AI/AO/Local Logging | C83: Interrupts | D83: 10754 | E83: 13381 | F83: 10357 | J83: =IF(D83="","",(1/D83)*1000000) -> 92.988655 | K83: =IF(E83="","",(1/E83)*1000000) -> 74.73283 | L83: =IF(F83="","",(1/F83)*1000000) -> 96.553056 | M83: =IF(G83="","",(1/G83)*1000000) | N83: =IF(H83="","",(1/H83)*1000000) | O83: =IF(I83="","",(1/I83)*1000000)
A84: T4 | B84: AI/AO/Host Comm. | C84: Interrupts | D84: 10202 | E84: 12740 | F84: 10481 | J84: =IF(D84="","",(1/D84)*1000000) -> 98.019996 | K84: =IF(E84="","",(1/E84)*1000000) -> 78.492936 | L84: =IF(F84="","",(1/F84)*1000000) -> 95.410743 | M84: =IF(G84="","",(1/G84)*1000000) | N84: =IF(H84="","",(1/H84)*1000000) | O84: =IF(I84="","",(1/I84)*1000000)
A85: \\us-aus-rtweb1\Reports\RT\2014\performance\rtlinux\rtats-smasherB--1\sp_online_poll\2014-04-18_11-51-47_UI
A86: Result Improvement vs. No UI
A87: Test | D87: Number of Channels (%) | J87: Number of Channels, Difference in Period (uS)
A88: Acronym | B88: Description | C88: I/O Mode | D88: 1 | E88: 4 | F88: 16 | G88: 32 | H88: 64 | I88: 80 | J88: 1 | K88: 4 | L88: 16 | M88: 32 | N88: 64 | O88: 80
A89: T1a | B89: AI / AO | C89: Polling | D89: =IF(D79="","",(D79-D58)/D58) -> -0.0090431125 | E89: =IF(E79="","",(E79-E58)/E58) -> -0.019221078 | F89: =IF(F79="","",(F79-F58)/F58) -> -0.014883221 | G89: =IF(G79="","",(G79-G58)/G58) | H89: =IF(H79="","",(H79-H58)/H58) | I89: =IF(I79="","",(I79-I58)/I58) | J89: =IF(D89="","",J79-((1/Comparisons!D79)*1000000)) -> #DIV/0! | K89: =IF(E89="","",K79-((1/Comparisons!E79)*1000000)) -> #DIV/0! | L89: =IF(F89="","",L79-((1/Comparisons!F79)*1000000)) -> #DIV/0! | M89: =IF(G89="","",M79-((1/Comparisons!G79)*1000000)) | N89: =IF(H89="","",N79-((1/Comparisons!H79)*1000000)) | O89: =IF(I89="","",O79-((1/Comparisons!I79)*1000000))
A90: T1b | B90: AI / AO | C90: Interrupts | D90: =IF(D80="","",(D80-D59)/D59) -> 0.021664925 | E90: =IF(E80="","",(E80-E59)/E59) -> -0.077880718 | F90: =IF(F80="","",(F80-F59)/F59) -> -0.0042032164 | G90: =IF(G80="","",(G80-G59)/G59) | H90: =IF(H80="","",(H80-H59)/H59) | I90: =IF(I80="","",(I80-I59)/I59) | J90: =IF(D90="","",J80-((1/Comparisons!D80)*1000000)) -> #DIV/0! | K90: =IF(E90="","",K80-((1/Comparisons!E80)*1000000)) -> #DIV/0! | L90: =IF(F90="","",L80-((1/Comparisons!F80)*1000000)) -> #DIV/0! | M90: =IF(G90="","",M80-((1/Comparisons!G80)*1000000)) | N90: =IF(H90="","",N80-((1/Comparisons!H80)*1000000)) | O90: =IF(I90="","",O80-((1/Comparisons!I80)*1000000))
A91: T2a | B91: AI/PID/AO | C91: Polling | D91: =IF(D81="","",(D81-D60)/D60) -> -0.0064116688 | E91: =IF(E81="","",(E81-E60)/E60) -> -0.0077099641 | F91: =IF(F81="","",(F81-F60)/F60) -> -0.0099573257 | G91: =IF(G81="","",(G81-G60)/G60) | H91: =IF(H81="","",(H81-H60)/H60) | I91: =IF(I81="","",(I81-I60)/I60) | J91: =IF(D91="","",J81-((1/Comparisons!D81)*1000000)) -> #DIV/0! | K91: =IF(E91="","",K81-((1/Comparisons!E81)*1000000)) -> #DIV/0! | L91: =IF(F91="","",L81-((1/Comparisons!F81)*1000000)) -> #DIV/0! | M91: =IF(G91="","",M81-((1/Comparisons!G81)*1000000)) | N91: =IF(H91="","",N81-((1/Comparisons!H81)*1000000)) | O91: =IF(I91="","",O81-((1/Comparisons!I81)*1000000))
A92: T2b | B92: AI/PID/AO | C92: Interrupts | D92: =IF(D82="","",(D82-D61)/D61) -> -0.021458008 | E92: =IF(E82="","",(E82-E61)/E61) -> -0.007788162 | F92: =IF(F82="","",(F82-F61)/F61) -> -0.01284585 | G92: =IF(G82="","",(G82-G61)/G61) | H92: =IF(H82="","",(H82-H61)/H61) | I92: =IF(I82="","",(I82-I61)/I61) | J92: =IF(D92="","",J82-((1/Comparisons!D82)*1000000)) -> #DIV/0! | K92: =IF(E92="","",K82-((1/Comparisons!E82)*1000000)) -> #DIV/0! | L92: =IF(F92="","",L82-((1/Comparisons!F82)*1000000)) -> #DIV/0! | M92: =IF(G92="","",M82-((1/Comparisons!G82)*1000000)) | N92: =IF(H92="","",N82-((1/Comparisons!H82)*1000000)) | O92: =IF(I92="","",O82-((1/Comparisons!I82)*1000000))
A93: T3 | B93: AI/AO/Local Logging | C93: Interrupts | D93: =IF(D83="","",(D83-D62)/D62) -> -0.12597529 | E93: =IF(E83="","",(E83-E62)/E62) -> 0.0050322968 | F93: =IF(F83="","",(F83-F62)/F62) -> 0 | G93: =IF(G83="","",(G83-G62)/G62) | H93: =IF(H83="","",(H83-H62)/H62) | I93: =IF(I83="","",(I83-I62)/I62) | J93: =IF(D93="","",J83-((1/Comparisons!D83)*1000000)) -> #DIV/0! | K93: =IF(E93="","",K83-((1/Comparisons!E83)*1000000)) -> #DIV/0! | L93: =IF(F93="","",L83-((1/Comparisons!F83)*1000000)) -> #DIV/0! | M93: =IF(G93="","",M83-((1/Comparisons!G83)*1000000)) | N93: =IF(H93="","",N83-((1/Comparisons!H83)*1000000)) | O93: =IF(I93="","",O83-((1/Comparisons!I83)*1000000))
A94: T4 | B94: AI/AO/Host Comm. | C94: Interrupts | D94: =IF(D84="","",(D84-D63)/D63) -> -0.052299118 | E94: =IF(E84="","",(E84-E63)/E63) -> 0.01231625 | F94: =IF(F84="","",(F84-F63)/F63) -> -0.044750273 | G94: =IF(G84="","",(G84-G63)/G63) | H94: =IF(H84="","",(H84-H63)/H63) | I94: =IF(I84="","",(I84-I63)/I63) | J94: =IF(D94="","",J84-((1/Comparisons!D84)*1000000)) -> #DIV/0! | K94: =IF(E94="","",K84-((1/Comparisons!E84)*1000000)) -> #DIV/0! | L94: =IF(F94="","",L84-((1/Comparisons!F84)*1000000)) -> #DIV/0! | M94: =IF(G94="","",M84-((1/Comparisons!G84)*1000000)) | N94: =IF(H94="","",N84-((1/Comparisons!H84)*1000000)) | O94: =IF(I94="","",O84-((1/Comparisons!I84)*1000000))
A96: LV RT 2013 cRIO Single-Point Benchmark Results (Hz)
A97: cRIO-9033 (revB), LV RT 14.0rc11, NI-RIO 14.0.0a4 (9205/9264)
A98: Test | D98: Number of Channels, Rate (Hz) | J98: Number of Channels, Period (uS)
A99: Case | B99: Description | C99: I/O Mode | D99: 1 | E99: 4 | F99: 16 | G99: 32 | H99: 64 | I99: 80 | J99: 1 | K99: 4 | L99: 16 | M99: 32 | N99: 64 | O99: 80
A100: T1a | B100: AI / AO | C100: Polling | D100: 45204 | E100: 39508 | F100: 21165 | J100: =IF(D100="","",(1/D100)*1000000) -> 22.121936 | K100: =IF(E100="","",(1/E100)*1000000) -> 25.311329 | L100: =IF(F100="","",(1/F100)*1000000) -> 47.247815 | M100: =IF(G100="","",(1/G100)*1000000) | N100: =IF(H100="","",(1/H100)*1000000) | O100: =IF(I100="","",(1/I100)*1000000)
A101: T1b | B101: AI / AO | C101: Interrupts | D101: 13747 | E101: 13207 | F101: 10479 | J101: =IF(D101="","",(1/D101)*1000000) -> 72.743144 | K101: =IF(E101="","",(1/E101)*1000000) -> 75.717423 | L101: =IF(F101="","",(1/F101)*1000000) -> 95.428953 | M101: =IF(G101="","",(1/G101)*1000000) | N101: =IF(H101="","",(1/H101)*1000000) | O101: =IF(I101="","",(1/I101)*1000000)
A102: T2a | B102: AI/PID/AO | C102: Polling | D102: 43171 | E102: 33258 | F102: 17465 | J102: =IF(D102="","",(1/D102)*1000000) -> 23.163698 | K102: =IF(E102="","",(1/E102)*1000000) -> 30.067954 | L102: =IF(F102="","",(1/F102)*1000000) -> 57.257372 | M102: =IF(G102="","",(1/G102)*1000000) | N102: =IF(H102="","",(1/H102)*1000000) | O102: =IF(I102="","",(1/I102)*1000000)
A103: T2b | B103: AI/PID/AO | C103: Interrupts | D103: 13381 | E103: 12428 | F103: 9660 | J103: =IF(D103="","",(1/D103)*1000000) -> 74.73283 | K103: =IF(E103="","",(1/E103)*1000000) -> 80.46347 | L103: =IF(F103="","",(1/F103)*1000000) -> 103.51967 | M103: =IF(G103="","",(1/G103)*1000000) | N103: =IF(H103="","",(1/H103)*1000000) | O103: =IF(I103="","",(1/I103)*1000000)
A104: T3 | B104: AI/AO/Local Logging | C104: Interrupts | D104: 10412 | E104: 13294 | F104: 10593 | J104: =IF(D104="","",(1/D104)*1000000) -> 96.043027 | K104: =IF(E104="","",(1/E104)*1000000) -> 75.221905 | L104: =IF(F104="","",(1/F104)*1000000) -> 94.401964 | M104: =IF(G104="","",(1/G104)*1000000) | N104: =IF(H104="","",(1/H104)*1000000) | O104: =IF(I104="","",(1/I104)*1000000)
A105: T4 | B105: AI/AO/Host Comm. | C105: Interrupts | D105: 10326 | E105: 12740 | F105: 10040 | J105: =IF(D105="","",(1/D105)*1000000) -> 96.842921 | K105: =IF(E105="","",(1/E105)*1000000) -> 78.492936 | L105: =IF(F105="","",(1/F105)*1000000) -> 99.601594 | M105: =IF(G105="","",(1/G105)*1000000) | N105: =IF(H105="","",(1/H105)*1000000) | O105: =IF(I105="","",(1/I105)*1000000)
A106: file://///us-aus-rtweb1/Reports/RT/2014/performance/rtlinux/rtats-smasherB--1/sp_online_poll/2014-05-29_11-00-22/HTML/2014-05-29_11-01-37__ATS.html
...

Sheet 2015
A1: LV RT 2015 cRIO Single-Point Benchmark Results (Hz)
A2: cRIO-9033 LV RT 15.0b50, NI-RIO 14.5.0.0
A3: Test | D3: Number of Channels, Rate (Hz) | J3: Number of Channels, Period (uS)
A4: Case | B4: Description | C4: I/O Mode | D4: 1 | E4: 4 | F4: 16 | G4: 32 | H4: 64 | I4: 80 | J4: 1 | K4: 4 | L4: 16 | M4: 32 | N4: 64 | O4: 80
A5: T1a | B5: AI / AO | C5: Polling | D5: 42666 | E5: 43881 | F5: 20623 | J5: =IF(D5="","",(1/D5)*1000000) -> 23.437866 | K5: =IF(E5="","",(1/E5)*1000000) -> 22.788906 | L5: =IF(F5="","",(1/F5)*1000000) -> 48.489551 | M5: =IF(G5="","",(1/G5)*1000000) | N5: =IF(H5="","",(1/H5)*1000000) | O5: =IF(I5="","",(1/I5)*1000000)
A6: T1b | B6: AI / AO | C6: Interrupts | D6: 16526 | E6: 15288 | F6: 12487 | J6: =IF(D6="","",(1/D6)*1000000) -> 60.51071 | K6: =IF(E6="","",(1/E6)*1000000) -> 65.41078 | L6: =IF(F6="","",(1/F6)*1000000) -> 80.083287 | M6: =IF(G6="","",(1/G6)*1000000) | N6: =IF(H6="","",(1/H6)*1000000) | O6: =IF(I6="","",(1/I6)*1000000)
A7: T2a | B7: AI/PID/AO | C7: Polling | D7: 49427 | E7: 34310 | F7: 17802 | J7: =IF(D7="","",(1/D7)*1000000) -> 20.231857 | K7: =IF(E7="","",(1/E7)*1000000) -> 29.146022 | L7: =IF(F7="","",(1/F7)*1000000) -> 56.173464 | M7: =IF(G7="","",(1/G7)*1000000) | N7: =IF(H7="","",(1/H7)*1000000) | O7: =IF(I7="","",(1/I7)*1000000)
A8: T2b | B8: AI/PID/AO | C8: Interrupts | D8: 16609 | E8: 13841 | F8: 10804 | J8: =IF(D8="","",(1/D8)*1000000) -> 60.208321 | K8: =IF(E8="","",(1/E8)*1000000) -> 72.249115 | L8: =IF(F8="","",(1/F8)*1000000) -> 92.558312 | M8: =IF(G8="","",(1/G8)*1000000) | N8: =IF(H8="","",(1/H8)*1000000) | O8: =IF(I8="","",(1/I8)*1000000)
A9: T3 | B9: AI/AO/Local Logging | C9: Interrupts | D9: 13381 | E9: 13670 | F9: 10843 | J9: =IF(D9="","",(1/D9)*1000000) -> 74.73283 | K9: =IF(E9="","",(1/E9)*1000000) -> 73.15289 | L9: =IF(F9="","",(1/F9)*1000000) -> 92.225399 | M9: =IF(G9="","",(1/G9)*1000000) | N9: =IF(H9="","",(1/H9)*1000000) | O9: =IF(I9="","",(1/I9)*1000000)
A10: T4 | B10: AI/AO/Host Comm. | C10: Interrupts | D10: 10544 | E10: 13157 | F10: 8561 | J10: =IF(D10="","",(1/D10)*1000000) -> 94.840668 | K10: =IF(E10="","",(1/E10)*1000000) -> 76.005168 | L10: =IF(F10="","",(1/F10)*1000000) -> 116.80878 | M10: =IF(G10="","",(1/G10)*1000000) | N10: =IF(H10="","",(1/H10)*1000000) | O10: =IF(I10="","",(1/I10)*1000000)
A11: http://us-aus-rtweb1.natinst.com/Reports/RT/2015/performance/rtlinux/rtperf-smasher/sp_online_int_reboots/2015-03-12_10-24-24/HTML/2015-03-12_10-32-35_SinglePointBenchmarks_ATS.html
A12: Result Improvement vs. LV RT 14.0 released (with out UI)
A13: Test | D13: Number of Channels (%) | J13: Number of Channels, Difference in Period (uS)
A14: Acronym | B14: Description | C14: I/O Mode | D14: 1 | E14: 4 | F14: 16 | G14: 32 | H14: 64 | I14: 80 | J14: 1 | K14: 4 | L14: 16 | M14: 32 | N14: 64 | O14: 80
A15: T1a | B15: AI / AO | C15: Polling | D15: =IF(D35="","",(D35-'Proto 2014'!D184)/'Proto 2014'!D184) -> -0.076053532 | E15: =IF(E5="","",(E5-'Proto 2014'!E184)/'Proto 2014'!E184) -> 0.10281478 | F15: =IF(F5="","",(F5-'Proto 2014'!F184)/'Proto 2014'!F184) -> -0.0050176099 | G15: =IF(G5="","",(G5-#REF!)/#REF!) | H15: =IF(H5="","",(H5-#REF!)/#REF!) | I15: =IF(I5="","",(I5-#REF!)/#REF!) | J15: =J5-'Proto 2014'!J184 -> 1.7825325 | K15: =K5-'Proto 2014'!K184 -> -2.3430363 | L15: =L5-'Proto 2014'!L184 -> 0.24330165 | M15: =IF(G15="","",M5-((1/Comparisons!G5)*1000000)) | N15: =IF(H15="","",N5-((1/Comparisons!H5)*1000000)) | O15: =IF(I15="","",O5-((1/Comparisons!I5)*1000000))
A16: T1b | B16: AI / AO | C16: Interrupts | D16: =IF(D6="","",(D6-'Proto 2014'!D185)/'Proto 2014'!D185) -> 0.21140595 | E16: =IF(E6="","",(E6-'Proto 2014'!E185)/'Proto 2014'!E185) -> 0.25414274 | F16: =IF(F6="","",(F6-'Proto 2014'!F185)/'Proto 2014'!F185) -> 0.21788745 | G16: =IF(G6="","",(G6-#REF!)/#REF!) | H16: =IF(H6="","",(H6-#REF!)/#REF!) | I16: =IF(I6="","",(I6-#REF!)/#REF!) | J16: =J6-'Proto 2014'!J185 -> -12.792324 | K16: =K6-'Proto 2014'!K185 -> -16.623675 | L16: =L6-'Proto 2014'!L185 -> -17.449143 | M16: =IF(G16="","",M6-((1/Comparisons!G6)*1000000)) | N16: =IF(H16="","",N6-((1/Comparisons!H6)*1000000)) | O16: =IF(I16="","",O6-((1/Comparisons!I6)*1000000))
A17: T2a | B17: AI/PID/AO | C17: Polling | D17: =IF(D7="","",(D7-'Proto 2014'!D186)/'Proto 2014'!D186) -> 0.11896677 | E17: =IF(E7="","",(E7-'Proto 2014'!E186)/'Proto 2014'!E186) -> 0.030423161 | F17: =IF(F7="","",(F7-'Proto 2014'!F186)/'Proto 2014'!F186) -> 0.025401763 | G17: =IF(G7="","",(G7-#REF!)/#REF!) | H17: =IF(H7="","",(H7-#REF!)/#REF!) | I17: =IF(I7="","",(I7-#REF!)/#REF!) | J17: =J7-'Proto 2014'!J186 -> -2.4069186 | K17: =K7-'Proto 2014'!K186 -> -0.88671411 | L17: =L7-'Proto 2014'!L186 -> -1.426905 | M17: =IF(G17="","",M7-((1/Comparisons!G7)*1000000)) | N17: =IF(H17="","",N7-((1/Comparisons!H7)*1000000)) | O17: =IF(I17="","",O7-((1/Comparisons!I7)*1000000))
A18: T2b | B18: AI/PID/AO | C18: Interrupts | D18: =IF(D8="","",(D8-'Proto 2014'!D187)/'Proto 2014'!D187) -> 0.28702053 | E18: =IF(E8="","",(E8-'Proto 2014'!E187)/'Proto 2014'!E187) -> 0.15814576 | F18: =IF(F8="","",(F8-'Proto 2014'!F187)/'Proto 2014'!F187) -> 0.12249351 | G18: =IF(G8="","",(G8-#REF!)/#REF!) | H18: =IF(H8="","",(H8-#REF!)/#REF!) | I18: =IF(I8="","",(I8-#REF!)/#REF!) | J18: =J8-'Proto 2014'!J187 -> -17.281024 | K18: =K8-'Proto 2014'!K187 -> -11.425891 | L18: =L8-'Proto 2014'!L187 -> -11.337792 | M18: =IF(G18="","",M8-((1/Comparisons!G8)*1000000)) | N18: =IF(H18="","",N8-((1/Comparisons!H8)*1000000)) | O18: =IF(I18="","",O8-((1/Comparisons!I8)*1000000))
A19: T3 | B19: AI/AO/Local Logging | C19: Interrupts | D19: =IF(D9="","",(D9-'Proto 2014'!D188)/'Proto 2014'!D188) -> 0.39211402 | E19: =IF(E9="","",(E9-'Proto 2014'!E188)/'Proto 2014'!E188) -> 0.11619172 | F19: =IF(F9="","",(F9-'Proto 2014'!F188)/'Proto 2014'!F188) -> 0.058679945 | G19: =IF(G9="","",(G9-#REF!)/#REF!) | H19: =IF(H9="","",(H9-#REF!)/#REF!) | I19: =IF(I9="","",(I9-#REF!)/#REF!) | J19: =J9-'Proto 2014'!J188 -> -29.303791 | K19: =K9-'Proto 2014'!K188 -> -8.4997601 | L19: =L9-'Proto 2014'!L188 -> -5.4117814 | M19: =IF(G19="","",M9-((1/Comparisons!G9)*1000000)) | N19: =IF(H19="","",N9-((1/Comparisons!H9)*1000000)) | O19: =IF(I19="","",O9-((1/Comparisons!I9)*1000000))
A20: T4 | B20: AI/AO/Host Comm. | C20: Interrupts | D20: =IF(D10="","",(D10-'Proto 2014'!D189)/'Proto 2014'!D189) -> 0.19181643 | E20: =IF(E10="","",(E10-'Proto 2014'!E189)/'Proto 2014'!E189) -> 0.48717079 | F20: =IF(F10="","",(F10-'Proto 2014'!F189)/'Proto 2014'!F189) -> -0.16600097 | G20: =IF(G10="","",(G10-#REF!)/#REF!) | H20: =IF(H10="","",(H10-#REF!)/#REF!) | I20: =IF(I10="","",(I10-#REF!)/#REF!) | J20: =J10-'Proto 2014'!J189 -> -18.191999 | K20: =K10-'Proto 2014'!K189 -> -37.027498 | L20: =L10-'Proto 2014'!L189 -> 19.390372 | M20: =IF(G20="","",M10-((1/Comparisons!G10)*1000000)) | N20: =IF(H20="","",N10-((1/Comparisons!H10)*1000000)) | O20: =IF(I20="","",O10-((1/Comparisons!I10)*1000000))
A22: Result Improvement vs. LV RT 14.0 released (with UI)
A23: Test | D23: Number of Channels (%) | J23: Number of Channels, Difference in Period (uS)
A24: Acronym | B24: Description | C24: I/O Mode | D24: 1 | E24: 4 | F24: 16 | G24: 32 | H24: 64 | I24: 80 | J24: 1 | K24: 4 | L24: 16 | M24: 32 | N24: 64 | O24: 80
A25: T1a | B25: AI / AO | C25: Polling | D25: =IF(D5="","",(D5-'Proto 2014'!D163)/'Proto 2014'!D163) -> -0.071408362 | E25: =IF(E5="","",(E5-'Proto 2014'!E163)/'Proto 2014'!E163) -> 0.10467487 | F25: =IF(F5="","",(F5-'Proto 2014'!F163)/'Proto 2014'!F163) -> -0.0099851183 | G25: =IF(G15="","",(G15-#REF!)/#REF!) | H25: =IF(H15="","",(H15-#REF!)/#REF!) | I25: =IF(I15="","",(I15-#REF!)/#REF!) | J25: =J5-'Proto 2014'!J163 -> 1.6736596 | K25: =K5-'Proto 2014'!K163 -> -2.3854259 | L25: =L5-'Proto 2014'!L163 -> 0.4841739 | M25: =IF(G25="","",M15-((1/Comparisons!G15)*1000000)) | N25: =IF(H25="","",N15-((1/Comparisons!H15)*1000000)) | O25: =IF(I25="","",O15-((1/Comparisons!I15)*1000000))
A26: T1b | B26: AI / AO | C26: Interrupts | D26: =IF(D6="","",(D6-'Proto 2014'!D164)/'Proto 2014'!D164) -> 0.23503475 | E26: =IF(E6="","",(E6-'Proto 2014'!E164)/'Proto 2014'!E164) -> 0.18200093 | F26: =IF(F6="","",(F6-'Proto 2014'!F164)/'Proto 2014'!F164) -> 0.1966459 | G26: =IF(G16="","",(G16-#REF!)/#REF!) | H26: =IF(H16="","",(H16-#REF!)/#REF!) | I26: =IF(I16="","",(I16-#REF!)/#REF!) | J26: =J6-'Proto 2014'!J164 -> -14.22212 | K26: =K6-'Proto 2014'!K164 -> -11.904823 | L26: =L6-'Proto 2014'!L164 -> -15.74805 | M26: =IF(G26="","",M16-((1/Comparisons!G16)*1000000)) | N26: =IF(H26="","",N16-((1/Comparisons!H16)*1000000)) | O26: =IF(I26="","",O16-((1/Comparisons!I16)*1000000))
A27: T2a | B27: AI/PID/AO | C27: Polling | D27: =IF(D7="","",(D7-'Proto 2014'!D165)/'Proto 2014'!D165) -> 0.12782658 | E27: =IF(E7="","",(E7-'Proto 2014'!E165)/'Proto 2014'!E165) -> 0.038092645 | F27: =IF(F7="","",(F7-'Proto 2014'!F165)/'Proto 2014'!F165) -> -0.013521002 | G27: =IF(G17="","",(G17-#REF!)/#REF!) | H27: =IF(H17="","",(H17-#REF!)/#REF!) | I27: =IF(I17="","",(I17-#REF!)/#REF!) | J27: =J7-'Proto 2014'!J165 -> -2.5861692 | K27: =K7-'Proto 2014'!K165 -> -1.110249 | L27: =L7-'Proto 2014'!L165 -> 0.75952151 | M27: =IF(G27="","",M17-((1/Comparisons!G17)*1000000)) | N27: =IF(H27="","",N17-((1/Comparisons!H17)*1000000)) | O27: =IF(I27="","",O17-((1/Comparisons!I17)*1000000))
A28: T2b | B28: AI/PID/AO | C28: Interrupts | D28: =IF(D8="","",(D8-'Proto 2014'!D166)/'Proto 2014'!D166) -> 0.23486989 | E28: =IF(E8="","",(E8-'Proto 2014'!E166)/'Proto 2014'!E166) -> 0.13015432 | F28: =IF(F8="","",(F8-'Proto 2014'!F166)/'Proto 2014'!F166) -> 0.12039822 | G28: =IF(G18="","",(G18-#REF!)/#REF!) | H28: =IF(H18="","",(H18-#REF!)/#REF!) | I28: =IF(I18="","",(I18-#REF!)/#REF!) | J28: =J8-'Proto 2014'!J166 -> -14.141122 | K28: =K8-'Proto 2014'!K166 -> -9.4035347 | L28: =L8-'Proto 2014'!L166 -> -11.143856 | M28: =IF(G28="","",M18-((1/Comparisons!G18)*1000000)) | N28: =IF(H28="","",N18-((1/Comparisons!H18)*1000000)) | O28: =IF(I28="","",O18-((1/Comparisons!I18)*1000000))
A29: T3 | B29: AI/AO/Local Logging | C29: Interrupts | D29: =IF(D9="","",(D9-'Proto 2014'!D167)/'Proto 2014'!D167) -> 0.2603372 | E29: =IF(E9="","",(E9-'Proto 2014'!E167)/'Proto 2014'!E167) -> 0.18519161 | F29: =IF(F9="","",(F9-'Proto 2014'!F167)/'Proto 2014'!F167) -> 0.063873626 | G29: =IF(G19="","",(G19-#REF!)/#REF!) | H29: =IF(H19="","",(H19-#REF!)/#REF!) | I29: =IF(I19="","",(I19-#REF!)/#REF!) | J29: =J9-'Proto 2014'!J167 -> -19.455735 | K29: =K9-'Proto 2014'!K167 -> -13.547301 | L29: =L9-'Proto 2014'!L167 -> -5.8907707 | M29: =IF(G29="","",M19-((1/Comparisons!G19)*1000000)) | N29: =IF(H29="","",N19-((1/Comparisons!H19)*1000000)) | O29: =IF(I29="","",O19-((1/Comparisons!I19)*1000000))
A30: T4 | B30: AI/AO/Host Comm. | C30: Interrupts | D30: =IF(D10="","",(D10-'Proto 2014'!D168)/'Proto 2014'!D168) -> -0.033989922 | E30: =IF(E10="","",(E10-'Proto 2014'!E168)/'Proto 2014'!E168) -> 0.32164741 | F30: =IF(F10="","",(F10-'Proto 2014'!F168)/'Proto 2014'!F168) -> -0.17547915 | G30: =IF(G20="","",(G20-#REF!)/#REF!) | H30: =IF(H20="","",(H20-#REF!)/#REF!) | I30: =IF(I20="","",(I20-#REF!)/#REF!) | J30: =J10-'Proto 2014'!J168 -> 3.2236269 | K30: =K10-'Proto 2014'!K168 -> -24.446866 | L30: =L10-'Proto 2014'!L168 -> 20.497506 | M30: =IF(G30="","",M20-((1/Comparisons!G20)*1000000)) | N30: =IF(H30="","",N20-((1/Comparisons!H20)*1000000)) | O30: =IF(I30="","",O20-((1/Comparisons!I20)*1000000))
A32: cRIO-9033 LV RT 15.0rc16, CRIO 15.0.0
A33: Test | D33: Number of Channels, Rate (Hz) | J33: Number of Channels, Period (uS)
A34: Case | B34: Description | C34: I/O Mode | D34: 1 | E34: 4 | F34: 16 | G34: 32 | H34: 64 | I34: 80 | J34: 1 | K34: 4 | L34: 16 | M34: 32 | N34: 64 | O34: 80
A35: T1a | B35: AI / AO | C35: Polling | D35: 42666 | E35: 43007 | F35: 20641 | J35: =IF(D35="","",(1/D35)*1000000) -> 23.437866 | K35: =IF(E35="","",(1/E35)*1000000) -> 23.252029 | L35: =IF(F35="","",(1/F35)*1000000) -> 48.447265 | M35: =IF(G35="","",(1/G35)*1000000) | N35: =IF(H35="","",(1/H35)*1000000) | O35: =IF(I35="","",(1/I35)*1000000)
A36: T1b | B36: AI / AO | C36: Interrupts | D36: 16274 | E36: 15288 | F36: 12212 | J36: =IF(D36="","",(1/D36)*1000000) -> 61.447708 | K36: =IF(E36="","",(1/E36)*1000000) -> 65.41078 | L36: =IF(F36="","",(1/F36)*1000000) -> 81.886669 | M36: =IF(G36="","",(1/G36)*1000000) | N36: =IF(H36="","",(1/H36)*1000000) | O36: =IF(I36="","",(1/I36)*1000000)
A37: T2a | B37: AI/PID/AO | C37: Polling | D37: 49914 | E37: 37110 | F37: 19031 | J37: =IF(D37="","",(1/D37)*1000000) -> 20.034459 | K37: =IF(E37="","",(1/E37)*1000000) -> 26.946915 | L37: =IF(F37="","",(1/F37)*1000000) -> 52.545846 | M37: =IF(G37="","",(1/G37)*1000000) | N37: =IF(H37="","",(1/H37)*1000000) | O37: =IF(I37="","",(1/I37)*1000000)
A38: T2b | B38: AI/PID/AO | C38: Interrupts | D38: 15236 | E38: 14399 | F38: 10843 | J38: =IF(D38="","",(1/D38)*1000000) -> 65.634025 | K38: =IF(E38="","",(1/E38)*1000000) -> 69.449267 | L38: =IF(F38="","",(1/F38)*1000000) -> 92.225399 | M38: =IF(G38="","",(1/G38)*1000000) | N38: =IF(H38="","",(1/H38)*1000000) | O38: =IF(I38="","",(1/I38)*1000000)
A39: T3 | B39: AI/AO/Local Logging | C39: Interrupts | D39: 12740 | E39: 13670 | F39: 10843 | J39: =IF(D39="","",(1/D39)*1000000) -> 78.492936 | K39: =IF(E39="","",(1/E39)*1000000) -> 73.15289 | L39: =IF(F39="","",(1/F39)*1000000) -> 92.225399 | M39: =IF(G39="","",(1/G39)*1000000) | N39: =IF(H39="","",(1/H39)*1000000) | O39: =IF(I39="","",(1/I39)*1000000)
A40: T4 | B40: AI/AO/Host Comm. | C40: Interrupts | D40: 10458 | E40: 12974 | F40: 11041 | J40: =IF(D40="","",(1/D40)*1000000) -> 95.620578 | K40: =IF(E40="","",(1/E40)*1000000) -> 77.077231 | L40: =IF(F40="","",(1/F40)*1000000) -> 90.571506 | M40: =IF(G40="","",(1/G40)*1000000) | N40: =IF(H40="","",(1/H40)*1000000) | O40: =IF(I40="","",(1/I40)*1000000)
A41: http://us-aus-rtweb1.natinst.com/Reports/RT/2015/performance/rtlinux/rtperf-smasher/sp_online_int_reboots/2015-06-10_02-50-18/HTML/2015-06-10_02-57-40_SinglePointBenchmarks_ATS.html
A42: Result Improvement vs. LV RT 14.0 released (with out UI)
A43: Test | D43: Number of Channels (%) | J43: Number of Channels, Difference in Period (uS)
A44: Acronym | B44: Description | C44: I/O Mode | D44: 1 | E44: 4 | F44: 16 | G44: 32 | H44: 64 | I44: 80 | J44: 1 | K44: 4 | L44: 16 | M44: 32 | N44: 64 | O44: 80
A45: T1a | B45: AI / AO | C45: Polling | D45: =IF(D35="","",(D35-'Proto 2014'!D184)/'Proto 2014'!D184) -> -0.076053532 | E45: =IF(E35="","",(E35-'Proto 2014'!E184)/'Proto 2014'!E184) -> 0.08084946 | F45: =IF(F35="","",(F35-'Proto 2014'!F184)/'Proto 2014'!F184) -> -0.0041491774 | G45: =IF(G35="","",(G35-#REF!)/#REF!) | H45: =IF(H35="","",(H35-#REF!)/#REF!) | I45: =IF(I35="","",(I35-#REF!)/#REF!) | J45: =J35-'Proto 2014'!J184 -> 1.7825325 | K45: =K35-'Proto 2014'!K184 -> -1.879914 | L45: =L35-'Proto 2014'!L184 -> 0.2010163 | M45: =IF(G45="","",M35-((1/Comparisons!G35)*1000000)) | N45: =IF(H45="","",N35-((1/Comparisons!H35)*1000000)) | O45: =IF(I45="","",O35-((1/Comparisons!I35)*1000000))
A46: T1b | B46: AI / AO | C46: Interrupts | D46: =IF(D36="","",(D36-'Proto 2014'!D185)/'Proto 2014'!D185) -> 0.19293359 | E46: =IF(E36="","",(E36-'Proto 2014'!E185)/'Proto 2014'!E185) -> 0.25414274 | F46: =IF(F36="","",(F36-'Proto 2014'!F185)/'Proto 2014'!F185) -> 0.19106603 | G46: =IF(G36="","",(G36-#REF!)/#REF!) | H46: =IF(H36="","",(H36-#REF!)/#REF!) | I46: =IF(I36="","",(I36-#REF!)/#REF!) | J46: =J36-'Proto 2014'!J185 -> -11.855327 | K46: =K36-'Proto 2014'!K185 -> -16.623675 | L46: =L36-'Proto 2014'!L185 -> -15.645761 | M46: =IF(G46="","",M36-((1/Comparisons!G36)*1000000)) | N46: =IF(H46="","",N36-((1/Comparisons!H36)*1000000)) | O46: =IF(I46="","",O36-((1/Comparisons!I36)*1000000))
A47: T2a | B47: AI/PID/AO | C47: Polling | D47: =IF(D37="","",(D37-'Proto 2014'!D186)/'Proto 2014'!D186) -> 0.12999185 | E47: =IF(E37="","",(E37-'Proto 2014'!E186)/'Proto 2014'!E186) -> 0.11451482 | F47: =IF(F37="","",(F37-'Proto 2014'!F186)/'Proto 2014'!F186) -> 0.096192616 | G47: =IF(G37="","",(G37-#REF!)/#REF!) | H47: =IF(H37="","",(H37-#REF!)/#REF!) | I47: =IF(I37="","",(I37-#REF!)/#REF!) | J47: =J37-'Proto 2014'!J186 -> -2.6043164 | K47: =K37-'Proto 2014'!K186 -> -3.0858211 | L47: =L37-'Proto 2014'!L186 -> -5.0545224 | M47: =IF(G47="","",M37-((1/Comparisons!G37)*1000000)) | N47: =IF(H47="","",N37-((1/Comparisons!H37)*1000000)) | O47: =IF(I47="","",O37-((1/Comparisons!I37)*1000000))
A48: T2b | B48: AI/PID/AO | C48: Interrupts | D48: =IF(D38="","",(D38-'Proto 2014'!D187)/'Proto 2014'!D187) -> 0.18062766 | E48: =IF(E38="","",(E38-'Proto 2014'!E187)/'Proto 2014'!E187) -> 0.20483642 | F48: =IF(F38="","",(F38-'Proto 2014'!F187)/'Proto 2014'!F187) -> 0.12654545 | G48: =IF(G38="","",(G38-#REF!)/#REF!) | H48: =IF(H38="","",(H38-#REF!)/#REF!) | I48: =IF(I38="","",(I38-#REF!)/#REF!) | J48: =J38-'Proto 2014'!J187 -> -11.855321 | K48: =K38-'Proto 2014'!K187 -> -14.225739 | L48: =L38-'Proto 2014'!L187 -> -11.670705 | M48: =IF(G48="","",M38-((1/Comparisons!G38)*1000000)) | N48: =IF(H48="","",N38-((1/Comparisons!H38)*1000000)) | O48: =IF(I48="","",O38-((1/Comparisons!I38)*1000000))
A49: T3 | B49: AI/AO/Local Logging | C49: Interrupts | D49: =IF(D39="","",(D39-'Proto 2014'!D188)/'Proto 2014'!D188) -> 0.32542655 | E49: =IF(E39="","",(E39-'Proto 2014'!E188)/'Proto 2014'!E188) -> 0.11619172 | F49: =IF(F39="","",(F39-'Proto 2014'!F188)/'Proto 2014'!F188) -> 0.058679945 | G49: =IF(G39="","",(G39-#REF!)/#REF!) | H49: =IF(H39="","",(H39-#REF!)/#REF!) | I49: =IF(I39="","",(I39-#REF!)/#REF!) | J49: =J39-'Proto 2014'!J188 -> -25.543685 | K49: =K39-'Proto 2014'!K188 -> -8.4997601 | L49: =L39-'Proto 2014'!L188 -> -5.4117814 | M49: =IF(G49="","",M39-((1/Comparisons!G39)*1000000)) | N49: =IF(H49="","",N39-((1/Comparisons!H39)*1000000)) | O49: =IF(I49="","",O39-((1/Comparisons!I39)*1000000))
A50: T4 | B50: AI/AO/Host Comm. | C50: Interrupts | D50: =IF(D40="","",(D40-'Proto 2014'!D189)/'Proto 2014'!D189) -> 0.18209563 | E50: =IF(E40="","",(E40-'Proto 2014'!E189)/'Proto 2014'!E189) -> 0.46648581 | F50: =IF(F40="","",(F40-'Proto 2014'!F189)/'Proto 2014'!F189) -> 0.075596688 | G50: =IF(G40="","",(G40-#REF!)/#REF!) | H50: =IF(H40="","",(H40-#REF!)/#REF!) | I50: =IF(I40="","",(I40-#REF!)/#REF!) | J50: =J40-'Proto 2014'!J189 -> -17.412089 | K50: =K40-'Proto 2014'!K189 -> -35.955435 | L50: =L40-'Proto 2014'!L189 -> -6.8469059 | M50: =IF(G50="","",M40-((1/Comparisons!G40)*1000000)) | N50: =IF(H50="","",N40-((1/Comparisons!H40)*1000000)) | O50: =IF(I50="","",O40-((1/Comparisons!I40)*1000000))
A52: Result Improvement vs. LV RT 14.0 released (with UI)
A53: Test | D53: Number of Channels (%) | J53: Number of Channels, Difference in Period (uS)
A54: Acronym | B54: Description | C54: I/O Mode | D54: 1 | E54: 4 | F54: 16 | G54: 32 | H54: 64 | I54: 80 | J54: 1 | K54: 4 | L54: 16 | M54: 32 | N54: 64 | O54: 80
A55: T1a | B55: AI / AO | C55: Polling | D55: =IF(D35="","",(D35-'Proto 2014'!D163)/'Proto 2014'!D163) -> -0.071408362 | E55: =IF(E35="","",(E35-'Proto 2014'!E163)/'Proto 2014'!E163) -> 0.082672507 | F55: =IF(F35="","",(F35-'Proto 2014'!F163)/'Proto 2014'!F163) -> -0.0091210216 | G55: =IF(G45="","",(G45-#REF!)/#REF!) | H55: =IF(H45="","",(H45-#REF!)/#REF!) | I55: =IF(I45="","",(I45-#REF!)/#REF!) | J55: =J35-'Proto 2014'!J163 -> 1.6736596 | K55: =K35-'Proto 2014'!K163 -> -1.9223035 | L55: =L35-'Proto 2014'!L163 -> 0.44188855 | M55: =IF(G55="","",M45-((1/Comparisons!G45)*1000000)) | N55: =IF(H55="","",N45-((1/Comparisons!H45)*1000000)) | O55: =IF(I55="","",O45-((1/Comparisons!I45)*1000000))
A56: T1b | B56: AI / AO | C56: Interrupts | D56: =IF(D36="","",(D36-'Proto 2014'!D164)/'Proto 2014'!D164) -> 0.21620208 | E56: =IF(E36="","",(E36-'Proto 2014'!E164)/'Proto 2014'!E164) -> 0.18200093 | F56: =IF(F36="","",(F36-'Proto 2014'!F164)/'Proto 2014'!F164) -> 0.17029229 | G56: =IF(G46="","",(G46-#REF!)/#REF!) | H56: =IF(H46="","",(H46-#REF!)/#REF!) | I56: =IF(I46="","",(I46-#REF!)/#REF!) | J56: =J36-'Proto 2014'!J164 -> -13.285122 | K56: =K36-'Proto 2014'!K164 -> -11.904823 | L56: =L36-'Proto 2014'!L164 -> -13.944668 | M56: =IF(G56="","",M46-((1/Comparisons!G46)*1000000)) | N56: =IF(H56="","",N46-((1/Comparisons!H46)*1000000)) | O56: =IF(I56="","",O46-((1/Comparisons!I46)*1000000))
A57: T2a | B57: AI/PID/AO | C57: Polling | D57: =IF(D37="","",(D37-'Proto 2014'!D165)/'Proto 2014'!D165) -> 0.13893896 | E57: =IF(E37="","",(E37-'Proto 2014'!E165)/'Proto 2014'!E165) -> 0.1228102 | F57: =IF(F37="","",(F37-'Proto 2014'!F165)/'Proto 2014'!F165) -> 0.054582733 | G57: =IF(G47="","",(G47-#REF!)/#REF!) | H57: =IF(H47="","",(H47-#REF!)/#REF!) | I57: =IF(I47="","",(I47-#REF!)/#REF!) | J57: =J37-'Proto 2014'!J165 -> -2.783567 | K57: =K37-'Proto 2014'!K165 -> -3.309356 | L57: =L37-'Proto 2014'!L165 -> -2.8680959 | M57: =IF(G57="","",M47-((1/Comparisons!G47)*1000000)) | N57: =IF(H57="","",N47-((1/Comparisons!H47)*1000000)) | O57: =IF(I57="","",O47-((1/Comparisons!I47)*1000000))
A58: T2b | B58: AI/PID/AO | C58: Interrupts | D58: =IF(D38="","",(D38-'Proto 2014'!D166)/'Proto 2014'!D166) -> 0.1327881 | E58: =IF(E38="","",(E38-'Proto 2014'!E166)/'Proto 2014'!E166) -> 0.1757165 | F58: =IF(F38="","",(F38-'Proto 2014'!F166)/'Proto 2014'!F166) -> 0.1244426 | G58: =IF(G48="","",(G48-#REF!)/#REF!) | H58: =IF(H48="","",(H48-#REF!)/#REF!) | I58: =IF(I48="","",(I48-#REF!)/#REF!) | J58: =J38-'Proto 2014'!J166 -> -8.7154177 | K58: =K38-'Proto 2014'!K166 -> -12.203382 | L58: =L38-'Proto 2014'!L166 -> -11.476769 | M58: =IF(G58="","",M48-((1/Comparisons!G48)*1000000)) | N58: =IF(H58="","",N48-((1/Comparisons!H48)*1000000)) | O58: =IF(I58="","",O48-((1/Comparisons!I48)*1000000))
A59: T3 | B59: AI/AO/Local Logging | C59: Interrupts | D59: =IF(D39="","",(D39-'Proto 2014'!D167)/'Proto 2014'!D167) -> 0.19996232 | E59: =IF(E39="","",(E39-'Proto 2014'!E167)/'Proto 2014'!E167) -> 0.18519161 | F59: =IF(F39="","",(F39-'Proto 2014'!F167)/'Proto 2014'!F167) -> 0.063873626 | G59: =IF(G49="","",(G49-#REF!)/#REF!) | H59: =IF(H49="","",(H49-#REF!)/#REF!) | I59: =IF(I49="","",(I49-#REF!)/#REF!) | J59: =J39-'Proto 2014'!J167 -> -15.69563 | K59: =K39-'Proto 2014'!K167 -> -13.547301 | L59: =L39-'Proto 2014'!L167 -> -5.8907707 | M59: =IF(G59="","",M49-((1/Comparisons!G49)*1000000)) | N59: =IF(H59="","",N49-((1/Comparisons!H49)*1000000)) | O59: =IF(I59="","",O49-((1/Comparisons!I49)*1000000))
A60: T4 | B60: AI/AO/Host Comm. | C60: Interrupts | D60: =IF(D40="","",(D40-'Proto 2014'!D168)/'Proto 2014'!D168) -> -0.041868988 | E60: =IF(E40="","",(E40-'Proto 2014'!E168)/'Proto 2014'!E168) -> 0.30326469 | F60: =IF(F40="","",(F40-'Proto 2014'!F168)/'Proto 2014'!F168) -> 0.063372821 | G60: =IF(G50="","",(G50-#REF!)/#REF!) | H60: =IF(H50="","",(H50-#REF!)/#REF!) | I60: =IF(I50="","",(I50-#REF!)/#REF!) | J60: =J40-'Proto 2014'!J168 -> 4.0035368 | K60: =K40-'Proto 2014'!K168 -> -23.374803 | L60: =L40-'Proto 2014'!L168 -> -5.7397718 | M60: =IF(G60="","",M50-((1/Comparisons!G50)*1000000)) | N60: =IF(H60="","",N50-((1/Comparisons!H50)*1000000)) | O60: =IF(I60="","",O50-((1/Comparisons!I50)*1000000))
A61: Comments: T3-4,T3-16 & T4-4 numbers are taken from other report as those tests errored out in the avbove report
A63: cRIO-9033 LV RT 15.0.1a1, RIO 15.3.0a4
A64: Test | D64: Number of Channels, Rate (Hz) | J64: Number of Channels, Period (uS)
A65: Case | B65: Description | C65: I/O Mode | D65: 1 | E65: 4 | F65: 16 | G65: 32 | H65: 64 | I65: 80 | J65: 1 | K65: 4 | L65: 16 | M65: 32 | N65: 64 | O65: 80
A66: T1a | B66: AI / AO | C66: Polling | D66: 51601 | E66: 43881 | F66: 20641 | J66: =IF(D66="","",(1/D66)*1000000) -> 19.379469 | K66: =IF(E66="","",(1/E66)*1000000) -> 22.788906 | L66: =IF(F66="","",(1/F66)*1000000) -> 48.447265 | M66: =IF(G66="","",(1/G66)*1000000) | N66: =IF(H66="","",(1/H66)*1000000) | O66: =IF(I66="","",(1/I66)*1000000)
A67: T1b | B67: AI / AO | C67: Interrupts | D67: 14270 | E67: 13841 | F67: 10898 | J67: =IF(D67="","",(1/D67)*1000000) -> 70.077085 | K67: =IF(E67="","",(1/E67)*1000000) -> 72.249115 | L67: =IF(F67="","",(1/F67)*1000000) -> 91.759956 | M67: =IF(G67="","",(1/G67)*1000000) | N67: =IF(H67="","",(1/H67)*1000000) | O67: =IF(I67="","",(1/I67)*1000000)
A68: T2a | B68: AI/PID/AO | C68: Polling | D68: 49258 | E68: 37110 | F68: 18981 | J68: =IF(D68="","",(1/D68)*1000000) -> 20.301271 | K68: =IF(E68="","",(1/E68)*1000000) -> 26.946915 | L68: =IF(F68="","",(1/F68)*1000000) -> 52.684263 | M68: =IF(G68="","",(1/G68)*1000000) | N68: =IF(H68="","",(1/H68)*1000000) | O68: =IF(I68="","",(1/I68)*1000000)
A69: T2b | B69: AI/PID/AO | C69: Interrupts | D69: 14221 | E69: 12613 | F69: 9956 | J69: =IF(D69="","",(1/D69)*1000000) -> 70.318543 | K69: =IF(E69="","",(1/E69)*1000000) -> 79.283279 | L69: =IF(F69="","",(1/F69)*1000000) -> 100.44194 | M69: =IF(G69="","",(1/G69)*1000000) | N69: =IF(H69="","",(1/H69)*1000000) | O69: =IF(I69="","",(1/I69)*1000000)
A70: T3 | B70: AI/AO/Local Logging | C70: Interrupts | D70: 13841 | E70: 14323 | F70: 11058 | J70: =IF(D70="","",(1/D70)*1000000) -> 72.249115 | K70: =IF(E70="","",(1/E70)*1000000) -> 69.817776 | L70: =IF(F70="","",(1/F70)*1000000) -> 90.432266 | M70: =IF(G70="","",(1/G70)*1000000) | N70: =IF(H70="","",(1/H70)*1000000) | O70: =IF(I70="","",(1/I70)*1000000)
A71: T4 | B71: AI/AO/Host Comm. | C71: Interrupts | D71: 10879 | E71: 13594 | F71: 11151 | J71: =IF(D71="","",(1/D71)*1000000) -> 91.920213 | K71: =IF(E71="","",(1/E71)*1000000) -> 73.561866 | L71: =IF(F71="","",(1/F71)*1000000) -> 89.678056 | M71: =IF(G71="","",(1/G71)*1000000) | N71: =IF(H71="","",(1/H71)*1000000) | O71: =IF(I71="","",(1/I71)*1000000)
A72: 9033_sp_online_int_reboots_15.0.1a1
A73: Result Improvement vs. LV RT 15.0 released (with out UI)
A74: Test | D74: Number of Channels (%) | J74: Number of Channels, Difference in Period (uS)
A75: Acronym | B75: Description | C75: I/O Mode | D75: 1 | E75: 4 | F75: 16 | G75: 32 | H75: 64 | I75: 80 | J75: 1 | K75: 4 | L75: 16 | M75: 32 | N75: 64 | O75: 80
A76: T1a | B76: AI / AO | C76: Polling | D76: =IF(D66="","",(D66-'2015'!D35)/'2015'!D35) -> 0.20941733 | E76: =IF(E66="","",(E66-'2015'!E35)/'2015'!E35) -> 0.020322273 | F76: =IF(F66="","",(F66-'2015'!F35)/'2015'!F35) -> 0 | G76: =IF(G66="","",(G66-#REF!)/#REF!) | H76: =IF(H66="","",(H66-#REF!)/#REF!) | I76: =IF(I66="","",(I66-#REF!)/#REF!) | J76: =J66-'2015'!J35 -> -4.0583968 | K76: =K66-'2015'!K35 -> -0.46312238 | L76: =L66-'2015'!L35 -> 0 | M76: =IF(G76="","",M66-((1/Comparisons!G66)*1000000)) | N76: =IF(H76="","",N66-((1/Comparisons!H66)*1000000)) | O76: =IF(I76="","",O66-((1/Comparisons!I66)*1000000))
A77: T1b | B77: AI / AO | C77: Interrupts | D77: =IF(D67="","",(D67-'2015'!D36)/'2015'!D36) -> -0.12314121 | E77: =IF(E67="","",(E67-'2015'!E36)/'2015'!E36) -> -0.094649398 | F77: =IF(F67="","",(F67-'2015'!F36)/'2015'!F36) -> -0.10759908 | G77: =IF(G67="","",(G67-#REF!)/#REF!) | H77: =IF(H67="","",(H67-#REF!)/#REF!) | I77: =IF(I67="","",(I67-#REF!)/#REF!) | J77: =J67-'2015'!J36 -> 8.6293768 | K77: =K67-'2015'!K36 -> 6.8383353 | L77: =L67-'2015'!L36 -> 9.8732871 | M77: =IF(G77="","",M67-((1/Comparisons!G67)*1000000)) | N77: =IF(H77="","",N67-((1/Comparisons!H67)*1000000)) | O77: =IF(I77="","",O67-((1/Comparisons!I67)*1000000))
A78: T2a | B78: AI/PID/AO | C78: Polling | D78: =IF(D68="","",(D68-'2015'!D37)/'2015'!D37) -> -0.013142605 | E78: =IF(E68="","",(E68-'2015'!E37)/'2015'!E37) -> 0 | F78: =IF(F68="","",(F68-'2015'!F37)/'2015'!F37) -> -0.0026272923 | G78: =IF(G68="","",(G68-#REF!)/#REF!) | H78: =IF(H68="","",(H68-#REF!)/#REF!) | I78: =IF(I68="","",(I68-#REF!)/#REF!) | J78: =J68-'2015'!J37 -> 0.26681159 | K78: =K68-'2015'!K37 -> 0 | L78: =L68-'2015'!L37 -> 0.13841696 | M78: =IF(G78="","",M68-((1/Comparisons!G68)*1000000)) | N78: =IF(H78="","",N68-((1/Comparisons!H68)*1000000)) | O78: =IF(I78="","",O68-((1/Comparisons!I68)*1000000))
A79: T2b | B79: AI/PID/AO | C79: Interrupts | D79: =IF(D69="","",(D69-'2015'!D38)/'2015'!D38) -> -0.066618535 | E79: =IF(E69="","",(E69-'2015'!E38)/'2015'!E38) -> -0.12403639 | F79: =IF(F69="","",(F69-'2015'!F38)/'2015'!F38) -> -0.081803929 | G79: =IF(G69="","",(G69-#REF!)/#REF!) | H79: =IF(H69="","",(H69-#REF!)/#REF!) | I79: =IF(I69="","",(I69-#REF!)/#REF!) | J79: =J69-'2015'!J38 -> 4.6845183 | K79: =K69-'2015'!K38 -> 9.8340118 | L79: =L69-'2015'!L38 -> 8.2165457 | M79: =IF(G79="","",M69-((1/Comparisons!G69)*1000000)) | N79: =IF(H79="","",N69-((1/Comparisons!H69)*1000000)) | O79: =IF(I79="","",O69-((1/Comparisons!I69)*1000000))
A80: T3 | B80: AI/AO/Local Logging | C80: Interrupts | D80: =IF(D70="","",(D70-'2015'!D39)/'2015'!D39) -> 0.086420722 | E80: =IF(E70="","",(E70-'2015'!E39)/'2015'!E39) -> 0.047768837 | F80: =IF(F70="","",(F70-'2015'!F39)/'2015'!F39) -> 0.019828461 | G80: =IF(G70="","",(G70-#REF!)/#REF!) | H80: =IF(H70="","",(H70-#REF!)/#REF!) | I80: =IF(I70="","",(I70-#REF!)/#REF!) | J80: =J70-'2015'!J39 -> -6.2438207 | K80: =K70-'2015'!K39 -> -3.3351139 | L80: =L70-'2015'!L39 -> -1.7931326 | M80: =IF(G80="","",M70-((1/Comparisons!G70)*1000000)) | N80: =IF(H80="","",N70-((1/Comparisons!H70)*1000000)) | O80: =IF(I80="","",O70-((1/Comparisons!I70)*1000000))
A81: T4 | B81: AI/AO/Host Comm. | C81: Interrupts | D81: =IF(D71="","",(D71-'2015'!D40)/'2015'!D40) -> 0.040256263 | E81: =IF(E71="","",(E71-'2015'!E40)/'2015'!E40) -> 0.047787883 | F81: =IF(F71="","",(F71-'2015'!F40)/'2015'!F40) -> 0.0099628657 | G81: =IF(G71="","",(G71-#REF!)/#REF!) | H81: =IF(H71="","",(H71-#REF!)/#REF!) | I81: =IF(I71="","",(I71-#REF!)/#REF!) | J81: =J71-'2015'!J40 -> -3.7003643 | K81: =K71-'2015'!K40 -> -3.5153659 | L81: =L71-'2015'!L40 -> -0.89345042 | M81: =IF(G81="","",M71-((1/Comparisons!G71)*1000000)) | N81: =IF(H81="","",N71-((1/Comparisons!H71)*1000000)) | O81: =IF(I81="","",O71-((1/Comparisons!I71)*1000000))
A83: cRIO-9033 LV RT 15.0.1b5, RIO 15.3.0a6
A84: Test | D84: Number of Channels, Rate (Hz) | J84: Number of Channels, Period (uS)
A85: Case | B85: Description | C85: I/O Mode | D85: 1 | E85: 4 | F85: 16 | G85: 32 | H85: 64 | I85: 80 | J85: 1 | K85: 4 | L85: 16 | M85: 32 | N85: 64 | O85: 80
A86: T1a | B86: AI / AO | C86: Polling | D86: 51601 | E86: 43881 | F86: 20641 | J86: =IF(D86="","",(1/D86)*1000000) -> 19.379469 | K86: =IF(E86="","",(1/E86)*1000000) -> 22.788906 | L86: =IF(F86="","",(1/F86)*1000000) -> 48.447265 | M86: =IF(G86="","",(1/G86)*1000000) | N86: =IF(H86="","",(1/H86)*1000000) | O86: =IF(I86="","",(1/I86)*1000000)
A87: T1b | B87: AI / AO | C87: Interrupts | D87: 14270 | E87: 13841 | F87: 10898 | J87: =IF(D87="","",(1/D87)*1000000) -> 70.077085 | K87: =IF(E87="","",(1/E87)*1000000) -> 72.249115 | L87: =IF(F87="","",(1/F87)*1000000) -> 91.759956 | M87: =IF(G87="","",(1/G87)*1000000) | N87: =IF(H87="","",(1/H87)*1000000) | O87: =IF(I87="","",(1/I87)*1000000)
A88: T2a | B88: AI/PID/AO | C88: Polling | D88: 49592 | E88: 38149 | F88: 18907 | J88: =IF(D88="","",(1/D88)*1000000) -> 20.164543 | K88: =IF(E88="","",(1/E88)*1000000) -> 26.213007 | L88: =IF(F88="","",(1/F88)*1000000) -> 52.890464 | M88: =IF(G88="","",(1/G88)*1000000) | N88: =IF(H88="","",(1/H88)*1000000) | O88: =IF(I88="","",(1/I88)*1000000)
A89: T2b | B89: AI/PID/AO | C89: Interrupts | D89: 13772 | E89: 13141 | F89: 9612 | J89: =IF(D89="","",(1/D89)*1000000) -> 72.611095 | K89: =IF(E89="","",(1/E89)*1000000) -> 76.097709 | L89: =IF(F89="","",(1/F89)*1000000) -> 104.03662 | M89: =IF(G89="","",(1/G89)*1000000) | N89: =IF(H89="","",(1/H89)*1000000) | O89: =IF(I89="","",(1/I89)*1000000)
A90: T3 | B90: AI/AO/Local Logging | C90: Interrupts | D90: 13381 | E90: 14762 | F90: 11151 | J90: =IF(D90="","",(1/D90)*1000000) -> 74.73283 | K90: =IF(E90="","",(1/E90)*1000000) -> 67.741498 | L90: =IF(F90="","",(1/F90)*1000000) -> 89.678056 | M90: =IF(G90="","",(1/G90)*1000000) | N90: =IF(H90="","",(1/H90)*1000000) | O90: =IF(I90="","",(1/I90)*1000000)
A91: T4 | B91: AI/AO/Host Comm. | C91: Interrupts | D91: 11151 | E91: 14070 | F91: 11151 | J91: =IF(D91="","",(1/D91)*1000000) -> 89.678056 | K91: =IF(E91="","",(1/E91)*1000000) -> 71.073205 | L91: =IF(F91="","",(1/F91)*1000000) -> 89.678056 | M91: =IF(G91="","",(1/G91)*1000000) | N91: =IF(H91="","",(1/H91)*1000000) | O91: =IF(I91="","",(1/I91)*1000000)
A92: 9033_sp_online_int_reboots_15.0.1b5
A93: Result Improvement vs. LV RT 15.0 released (with out UI)
A94: Test | D94: Number of Channels (%) | J94: Number of Channels, Difference in Period (uS)
A95: Acronym | B95: Description | C95: I/O Mode | D95: 1 | E95: 4 | F95: 16 | G95: 32 | H95: 64 | I95: 80 | J95: 1 | K95: 4 | L95: 16 | M95: 32 | N95: 64 | O95: 80
A96: T1a | B96: AI / AO | C96: Polling | D96: =IF(D86="","",(D86-'2015'!D35)/'2015'!D35) -> 0.20941733 | E96: =IF(E86="","",(E86-'2015'!E35)/'2015'!E35) -> 0.020322273 | F96: =IF(F86="","",(F86-'2015'!F35)/'2015'!F35) -> 0 | G96: =IF(G86="","",(G86-#REF!)/#REF!) | H96: =IF(H86="","",(H86-#REF!)/#REF!) | I96: =IF(I86="","",(I86-#REF!)/#REF!) | J96: =J86-'2015'!J35 -> -4.0583968 | K96: =K86-'2015'!K35 -> -0.46312238 | L96: =L86-'2015'!L35 -> 0 | M96: =IF(G96="","",M86-((1/Comparisons!G86)*1000000)) | N96: =IF(H96="","",N86-((1/Comparisons!H86)*1000000)) | O96: =IF(I96="","",O86-((1/Comparisons!I86)*1000000))
A97: T1b | B97: AI / AO | C97: Interrupts | D97: =IF(D87="","",(D87-'2015'!D36)/'2015'!D36) -> -0.12314121 | E97: =IF(E87="","",(E87-'2015'!E36)/'2015'!E36) -> -0.094649398 | F97: =IF(F87="","",(F87-'2015'!F36)/'2015'!F36) -> -0.10759908 | G97: =IF(G87="","",(G87-#REF!)/#REF!) | H97: =IF(H87="","",(H87-#REF!)/#REF!) | I97: =IF(I87="","",(I87-#REF!)/#REF!) | J97: =J87-'2015'!J36 -> 8.6293768 | K97: =K87-'2015'!K36 -> 6.8383353 | L97: =L87-'2015'!L36 -> 9.8732871 | M97: =IF(G97="","",M87-((1/Comparisons!G87)*1000000)) | N97: =IF(H97="","",N87-((1/Comparisons!H87)*1000000)) | O97: =IF(I97="","",O87-((1/Comparisons!I87)*1000000))
A98: T2a | B98: AI/PID/AO | C98: Polling | D98: =IF(D88="","",(D88-'2015'!D37)/'2015'!D37) -> -0.0064510959 | E98: =IF(E88="","",(E88-'2015'!E37)/'2015'!E37) -> 0.027997844 | F98: =IF(F88="","",(F88-'2015'!F37)/'2015'!F37) -> -0.0065156849 | G98: =IF(G88="","",(G88-#REF!)/#REF!) | H98: =IF(H88="","",(H88-#REF!)/#REF!) | I98: =IF(I88="","",(I88-#REF!)/#REF!) | J98: =J88-'2015'!J37 -> 0.1300834 | K98: =K88-'2015'!K37 -> -0.73390768 | L98: =L88-'2015'!L37 -> 0.3446176 | M98: =IF(G98="","",M88-((1/Comparisons!G88)*1000000)) | N98: =IF(H98="","",N88-((1/Comparisons!H88)*1000000)) | O98: =IF(I98="","",O88-((1/Comparisons!I88)*1000000))
A99: T2b | B99: AI/PID/AO | C99: Interrupts | D99: =IF(D89="","",(D89-'2015'!D38)/'2015'!D38) -> -0.096088212 | E99: =IF(E89="","",(E89-'2015'!E38)/'2015'!E38) -> -0.087367178 | F99: =IF(F89="","",(F89-'2015'!F38)/'2015'!F38) -> -0.11352947 | G99: =IF(G89="","",(G89-#REF!)/#REF!) | H99: =IF(H89="","",(H89-#REF!)/#REF!) | I99: =IF(I89="","",(I89-#REF!)/#REF!) | J99: =J89-'2015'!J38 -> 6.9770703 | K99: =K89-'2015'!K38 -> 6.6484421 | L99: =L89-'2015'!L38 -> 11.811222 | M99: =IF(G99="","",M89-((1/Comparisons!G89)*1000000)) | N99: =IF(H99="","",N89-((1/Comparisons!H89)*1000000)) | O99: =IF(I99="","",O89-((1/Comparisons!I89)*1000000))
A100: T3 | B100: AI/AO/Local Logging | C100: Interrupts | D100: =IF(D90="","",(D90-'2015'!D39)/'2015'!D39) -> 0.050313972 | E100: =IF(E90="","",(E90-'2015'!E39)/'2015'!E39) -> 0.079882955 | F100: =IF(F90="","",(F90-'2015'!F39)/'2015'!F39) -> 0.028405423 | G100: =IF(G90="","",(G90-#REF!)/#REF!) | H100: =IF(H90="","",(H90-#REF!)/#REF!) | I100: =IF(I90="","",(I90-#REF!)/#REF!) | J100: =J90-'2015'!J39 -> -3.7601055 | K100: =K90-'2015'!K39 -> -5.4113911 | L100: =L90-'2015'!L39 -> -2.5473431 | M100: =IF(G100="","",M90-((1/Comparisons!G90)*1000000)) | N100: =IF(H100="","",N90-((1/Comparisons!H90)*1000000)) | O100: =IF(I100="","",O90-((1/Comparisons!I90)*1000000))
A101: T4 | B101: AI/AO/Host Comm. | C101: Interrupts | D101: =IF(D91="","",(D91-'2015'!D40)/'2015'!D40) -> 0.06626506 | E101: =IF(E91="","",(E91-'2015'!E40)/'2015'!E40) -> 0.084476646 | F101: =IF(F91="","",(F91-'2015'!F40)/'2015'!F40) -> 0.0099628657 | G101: =IF(G91="","",(G91-#REF!)/#REF!) | H101: =IF(H91="","",(H91-#REF!)/#REF!) | I101: =IF(I91="","",(I91-#REF!)/#REF!) | J101: =J91-'2015'!J40 -> -5.9425218 | K101: =K91-'2015'!K40 -> -6.004026 | L101: =L91-'2015'!L40 -> -0.89345042 | M101: =IF(G101="","",M91-((1/Comparisons!G91)*1000000)) | N101: =IF(H101="","",N91-((1/Comparisons!H91)*1000000)) | O101: =IF(I101="","",O91-((1/Comparisons!I91)*1000000))
A103: cRIO-9033 LV RT 15.0.1b6, RIO 15.3.0a6
A104: Test | D104: Number of Channels, Rate (Hz) | J104: Number of Channels, Period (uS)
A105: Case | B105: Description | C105: I/O Mode | D105: 1 | E105: 4 | F105: 16 | G105: 32 | H105: 64 | I105: 80 | J105: 1 | K105: 4 | L105: 16 | M105: 32 | N105: 64 | O105: 80
A106: T1a | B106: AI / AO | C106: Polling | D106: 42666 | E106: 44367 | F106: 20623 | J106: =IF(D106="","",(1/D106)*1000000) -> 23.437866 | K106: =IF(E106="","",(1/E106)*1000000) -> 22.539275 | L106: =IF(F106="","",(1/F106)*1000000) -> 48.489551 | M106: =IF(G106="","",(1/G106)*1000000) | N106: =IF(H106="","",(1/H106)*1000000) | O106: =IF(I106="","",(1/I106)*1000000)
...

Sheet 2016
A1: LV RT 2016 cRIO Single-Point Benchmark Results (Hz)
A2: cRIO-9033 LV RT 16.0, NI-RIO 16.0
A3: Test | D3: Number of Channels, Rate (Hz) | J3: Number of Channels, Period (uS)
A4: Case | B4: Description | C4: I/O Mode | D4: 1 | E4: 4 | F4: 16 | G4: 32 | H4: 64 | I4: 80 | J4: 1 | K4: 4 | L4: 16 | M4: 32 | N4: 64 | O4: 80
A5: T1a | B5: AI / AO | C5: Polling | D5: 44814 | E5: 20094 | F5: 5843 | J5: =IF(D5="","",(1/D5)*1000000) -> 22.314455 | K5: =IF(E5="","",(1/E5)*1000000) -> 49.766099 | L5: =IF(F5="","",(1/F5)*1000000) -> 171.14496 | M5: =IF(G5="","",(1/G5)*1000000) | N5: =IF(H5="","",(1/H5)*1000000) | O5: =IF(I5="","",(1/I5)*1000000)
A6: T1b | B6: AI / AO | C6: Interrupts | D6: 14914 | E6: 10832 | F6: 4777 | J6: =IF(D6="","",(1/D6)*1000000) -> 67.051093 | K6: =IF(E6="","",(1/E6)*1000000) -> 92.319055 | L6: =IF(F6="","",(1/F6)*1000000) -> 209.3364 | M6: =IF(G6="","",(1/G6)*1000000) | N6: =IF(H6="","",(1/H6)*1000000) | O6: =IF(I6="","",(1/I6)*1000000)
A7: T2a | B7: AI/PID/AO | C7: Polling | D7: 43433 | E7: 18345 | F7: 5637 | J7: =IF(D7="","",(1/D7)*1000000) -> 23.023968 | K7: =IF(E7="","",(1/E7)*1000000) -> 54.510766 | L7: =IF(F7="","",(1/F7)*1000000) -> 177.39933 | M7: =IF(G7="","",(1/G7)*1000000) | N7: =IF(H7="","",(1/H7)*1000000) | O7: =IF(I7="","",(1/I7)*1000000)
A8: T2b | B8: AI/PID/AO | C8: Interrupts | D8: 14428 | E8: 10234 | F8: 4574 | J8: =IF(D8="","",(1/D8)*1000000) -> 69.309676 | K8: =IF(E8="","",(1/E8)*1000000) -> 97.713504 | L8: =IF(F8="","",(1/F8)*1000000) -> 218.62702 | M8: =IF(G8="","",(1/G8)*1000000) | N8: =IF(H8="","",(1/H8)*1000000) | O8: =IF(I8="","",(1/I8)*1000000)
A9: T3 | B9: AI/AO/Local Logging | C9: Interrupts | D9: 13487 | E9: 10101 | F9: 4615 | J9: =IF(D9="","",(1/D9)*1000000) -> 74.145473 | K9: =IF(E9="","",(1/E9)*1000000) -> 99.000099 | L9: =IF(F9="","",(1/F9)*1000000) -> 216.68472 | M9: =IF(G9="","",(1/G9)*1000000) | N9: =IF(H9="","",(1/H9)*1000000) | O9: =IF(I9="","",(1/I9)*1000000)
A10: T4 | B10: AI/AO/Host Comm. | C10: Interrupts | D10: 12362 | E10: 10051 | F10: 4641 | J10: =IF(D10="","",(1/D10)*1000000) -> 80.893059 | K10: =IF(E10="","",(1/E10)*1000000) -> 99.492588 | L10: =IF(F10="","",(1/F10)*1000000) -> 215.4708 | M10: =IF(G10="","",(1/G10)*1000000) | N10: =IF(H10="","",(1/H10)*1000000) | O10: =IF(I10="","",(1/I10)*1000000)
A11: 9033_sp_online_int_reboots_16.0 | E11: For 4ch and 16ch tests the numbers from 2015 are wrong and hence the comparison shows a regression above 50%
A12: Result Improvement vs. LV RT 15.0 released (with out UI)
A13: Test | D13: Number of Channels (%) | J13: Number of Channels, Difference in Period (uS)
A14: Acronym | B14: Description | C14: I/O Mode | D14: 1 | E14: 4 | F14: 16 | G14: 32 | H14: 64 | I14: 80 | J14: 1 | K14: 4 | L14: 16 | M14: 32 | N14: 64 | O14: 80
A15: T1a | B15: AI / AO | C15: Polling | D15: =IF(D5="","",(D5-'2015'!D35)/'2015'!D35) -> 0.050344537 | E15: =IF(E5="","",(E5-'2015'!E35)/'2015'!E35) -> -0.53277373 | F15: =IF(F5="","",(F5-'2015'!F35)/'2015'!F35) -> -0.71692263 | G15: =IF(G5="","",(G5-#REF!)/#REF!) | H15: =IF(H5="","",(H5-#REF!)/#REF!) | I15: =IF(I5="","",(I5-#REF!)/#REF!) | J15: =J5-'2015'!J35 -> -1.1234109 | K15: =K5-'2015'!K35 -> 26.514071 | L15: =L5-'2015'!L35 -> 122.69769 | M15: =IF(G15="","",M5-((1/Comparisons!#REF!)*1000000)) | N15: =IF(H15="","",N5-((1/Comparisons!#REF!)*1000000)) | O15: =IF(I15="","",O5-((1/Comparisons!#REF!)*1000000))
A16: T1b | B16: AI / AO | C16: Interrupts | D16: =IF(D6="","",(D6-'2015'!D36)/'2015'!D36) -> -0.083568883 | E16: =IF(E6="","",(E6-'2015'!E36)/'2015'!E36) -> -0.29147043 | F16: =IF(F6="","",(F6-'2015'!F36)/'2015'!F36) -> -0.60882738 | G16: =IF(G6="","",(G6-#REF!)/#REF!) | H16: =IF(H6="","",(H6-#REF!)/#REF!) | I16: =IF(I6="","",(I6-#REF!)/#REF!) | J16: =J6-'2015'!J36 -> 5.6033849 | K16: =K6-'2015'!K36 -> 26.908275 | L16: =L6-'2015'!L36 -> 127.44973 | M16: =IF(G16="","",M6-((1/Comparisons!#REF!)*1000000)) | N16: =IF(H16="","",N6-((1/Comparisons!#REF!)*1000000)) | O16: =IF(I16="","",O6-((1/Comparisons!#REF!)*1000000))
A17: T2a | B17: AI/PID/AO | C17: Polling | D17: =IF(D7="","",(D7-'2015'!D37)/'2015'!D37) -> -0.12984333 | E17: =IF(E7="","",(E7-'2015'!E37)/'2015'!E37) -> -0.50565885 | F17: =IF(F7="","",(F7-'2015'!F37)/'2015'!F37) -> -0.70379906 | G17: =IF(G7="","",(G7-#REF!)/#REF!) | H17: =IF(H7="","",(H7-#REF!)/#REF!) | I17: =IF(I7="","",(I7-#REF!)/#REF!) | J17: =J7-'2015'!J37 -> 2.9895087 | K17: =K7-'2015'!K37 -> 27.563851 | L17: =L7-'2015'!L37 -> 124.85348 | M17: =IF(G17="","",M7-((1/Comparisons!#REF!)*1000000)) | N17: =IF(H17="","",N7-((1/Comparisons!#REF!)*1000000)) | O17: =IF(I17="","",O7-((1/Comparisons!#REF!)*1000000))
A18: T2b | B18: AI/PID/AO | C18: Interrupts | D18: =IF(D8="","",(D8-'2015'!D38)/'2015'!D38) -> -0.053032292 | E18: =IF(E8="","",(E8-'2015'!E38)/'2015'!E38) -> -0.2892562 | F18: =IF(F8="","",(F8-'2015'!F38)/'2015'!F38) -> -0.57816103 | G18: =IF(G8="","",(G8-#REF!)/#REF!) | H18: =IF(H8="","",(H8-#REF!)/#REF!) | I18: =IF(I8="","",(I8-#REF!)/#REF!) | J18: =J8-'2015'!J38 -> 3.675651 | K18: =K8-'2015'!K38 -> 28.264237 | L18: =L8-'2015'!L38 -> 126.40162 | M18: =IF(G18="","",M8-((1/Comparisons!#REF!)*1000000)) | N18: =IF(H18="","",N8-((1/Comparisons!#REF!)*1000000)) | O18: =IF(I18="","",O8-((1/Comparisons!#REF!)*1000000))
A19: T3 | B19: AI/AO/Local Logging | C19: Interrupts | D19: =IF(D9="","",(D9-'2015'!D39)/'2015'!D39) -> 0.058634223 | E19: =IF(E9="","",(E9-'2015'!E39)/'2015'!E39) -> -0.26108266 | F19: =IF(F9="","",(F9-'2015'!F39)/'2015'!F39) -> -0.57437978 | G19: =IF(G9="","",(G9-#REF!)/#REF!) | H19: =IF(H9="","",(H9-#REF!)/#REF!) | I19: =IF(I9="","",(I9-#REF!)/#REF!) | J19: =J9-'2015'!J39 -> -4.3474622 | K19: =K9-'2015'!K39 -> 25.847209 | L19: =L9-'2015'!L39 -> 124.45932 | M19: =IF(G19="","",M9-((1/Comparisons!#REF!)*1000000)) | N19: =IF(H19="","",N9-((1/Comparisons!#REF!)*1000000)) | O19: =IF(I19="","",O9-((1/Comparisons!#REF!)*1000000))
A20: T4 | B20: AI/AO/Host Comm. | C20: Interrupts | D20: =IF(D10="","",(D10-'2015'!D40)/'2015'!D40) -> 0.18206158 | E20: =IF(E10="","",(E10-'2015'!E40)/'2015'!E40) -> -0.22529675 | F20: =IF(F10="","",(F10-'2015'!F40)/'2015'!F40) -> -0.57965764 | G20: =IF(G10="","",(G10-#REF!)/#REF!) | H20: =IF(H10="","",(H10-#REF!)/#REF!) | I20: =IF(I10="","",(I10-#REF!)/#REF!) | J20: =J10-'2015'!J40 -> -14.727518 | K20: =K10-'2015'!K40 -> 22.415356 | L20: =L10-'2015'!L40 -> 124.8993 | M20: =IF(G20="","",M10-((1/Comparisons!#REF!)*1000000)) | N20: =IF(H20="","",N10-((1/Comparisons!#REF!)*1000000)) | O20: =IF(I20="","",O10-((1/Comparisons!#REF!)*1000000))
A21: Result Improvement vs. LV RT 2015 SP1 released (with out UI)
A22: Test | D22: Number of Channels (%) | J22: Number of Channels, Difference in Period (uS)
A23: Acronym | B23: Description | C23: I/O Mode | D23: 1 | E23: 4 | F23: 16 | G23: 32 | H23: 64 | I23: 80 | J23: 1 | K23: 4 | L23: 16 | M23: 32 | N23: 64 | O23: 80
A24: T1a | B24: AI / AO | C24: Polling | D24: =IF(D5="","",(D5-'2015'!D127)/'2015'!D127) -> 0.050344537 | E24: =IF(E5="","",(E5-'2015'!E127)/'2015'!E127) -> -0.55186333 | F24: =IF(F5="","",(F5-'2015'!F127)/'2015'!F127) -> -0.71692263 | J24: =J5-'2015'!J127 -> -1.1234109 | K24: =K5-'2015'!K127 -> 27.464085 | L24: =L5-'2015'!L127 -> 122.69769 | M24: =IF(G24="","",M14-((1/Comparisons!#REF!)*1000000)) | N24: =IF(H24="","",N14-((1/Comparisons!#REF!)*1000000)) | O24: =IF(I24="","",O14-((1/Comparisons!#REF!)*1000000))
A25: T1b | B25: AI / AO | C25: Interrupts | D25: =IF(D6="","",(D6-'2015'!D128)/'2015'!D128) -> -0.1020531 | E25: =IF(E6="","",(E6-'2015'!E128)/'2015'!E128) -> -0.33407107 | F25: =IF(F6="","",(F6-'2015'!F128)/'2015'!F128) -> -0.60773526 | J25: =J6-'2015'!J128 -> 6.8427721 | K25: =K6-'2015'!K128 -> 30.841125 | L25: =L6-'2015'!L128 -> 127.22111 | M25: =IF(G25="","",M15-((1/Comparisons!#REF!)*1000000)) | N25: =IF(H25="","",N15-((1/Comparisons!#REF!)*1000000)) | O25: =IF(I25="","",O15-((1/Comparisons!#REF!)*1000000))
A26: T2a | B26: AI/PID/AO | C26: Polling | D26: =IF(D7="","",(D7-'2015'!D129)/'2015'!D129) -> -0.13419715 | E26: =IF(E7="","",(E7-'2015'!E129)/'2015'!E129) -> -0.5226013 | F26: =IF(F7="","",(F7-'2015'!F129)/'2015'!F129) -> -0.70035084 | J26: =J7-'2015'!J129 -> 3.0897509 | K26: =K7-'2015'!K129 -> 28.487397 | L26: =L7-'2015'!L129 -> 124.24177 | M26: =IF(G26="","",M16-((1/Comparisons!#REF!)*1000000)) | N26: =IF(H26="","",N16-((1/Comparisons!#REF!)*1000000)) | O26: =IF(I26="","",O16-((1/Comparisons!#REF!)*1000000))
A27: T2b | B27: AI/PID/AO | C27: Interrupts | D27: =IF(D8="","",(D8-'2015'!D130)/'2015'!D130) -> -0.15640531 | E27: =IF(E8="","",(E8-'2015'!E130)/'2015'!E130) -> -0.32381896 | F27: =IF(F8="","",(F8-'2015'!F130)/'2015'!F130) -> -0.57466989 | J27: =J8-'2015'!J130 -> 10.840401 | K27: =K8-'2015'!K130 -> 31.641486 | L27: =L8-'2015'!L130 -> 125.63837 | M27: =IF(G27="","",M17-((1/Comparisons!#REF!)*1000000)) | N27: =IF(H27="","",N17-((1/Comparisons!#REF!)*1000000)) | O27: =IF(I27="","",O17-((1/Comparisons!#REF!)*1000000))
A28: T3 | B28: AI/AO/Local Logging | C28: Interrupts | D28: =IF(D9="","",(D9-'2015'!D131)/'2015'!D131) -> -0.025576187 | E28: =IF(E9="","",(E9-'2015'!E131)/'2015'!E131) -> -0.30352341 | F28: =IF(F9="","",(F9-'2015'!F131)/'2015'!F131) -> -0.58974131 | J28: =J9-'2015'!J131 -> 1.8963585 | K28: =K9-'2015'!K131 -> 30.048848 | L28: =L9-'2015'!L131 -> 127.78793 | M28: =IF(G28="","",M18-((1/Comparisons!#REF!)*1000000)) | N28: =IF(H28="","",N18-((1/Comparisons!#REF!)*1000000)) | O28: =IF(I28="","",O18-((1/Comparisons!#REF!)*1000000))
A29: T4 | B29: AI/AO/Host Comm. | C29: Interrupts | D29: =IF(D10="","",(D10-'2015'!D132)/'2015'!D132) -> 0.18285332 | E29: =IF(E10="","",(E10-'2015'!E132)/'2015'!E132) -> -0.2614989 | F29: =IF(F10="","",(F10-'2015'!F132)/'2015'!F132) -> -0.58380414 | J29: =J10-'2015'!J132 -> -14.791564 | K29: =K10-'2015'!K132 -> 26.017202 | L29: =L10-'2015'!L132 -> 125.79275 | M29: =IF(G29="","",M19-((1/Comparisons!#REF!)*1000000)) | N29: =IF(H29="","",N19-((1/Comparisons!#REF!)*1000000)) | O29: =IF(I29="","",O19-((1/Comparisons!#REF!)*1000000))
A30: LV RT 2016 cRIO Single-Point Benchmark Results (Hz)
A31: cRIO-9033 LV RT 16.0b75, NI-RIO 16.0.0a13
A32: Test | D32: Number of Channels, Rate (Hz) | J32: Number of Channels, Period (uS)
A33: Case | B33: Description | C33: I/O Mode | D33: 1 | E33: 4 | F33: 16 | G33: 32 | H33: 64 | I33: 80 | J33: 1 | K33: 4 | L33: 16 | M33: 32 | N33: 64 | O33: 80
A34: T1a | B34: AI / AO | C34: Polling | D34: 45261 | E34: 19447 | F34: 5837 | J34: =IF(D34="","",(1/D34)*1000000) -> 22.094077 | K34: =IF(E34="","",(1/E34)*1000000) -> 51.421813 | L34: =IF(F34="","",(1/F34)*1000000) -> 171.32088 | M34: =IF(G34="","",(1/G34)*1000000) | N34: =IF(H34="","",(1/H34)*1000000) | O34: =IF(I34="","",(1/I34)*1000000)
A35: T1b | B35: AI / AO | C35: Interrupts | D35: 14335 | E35: 10647 | F35: 4721 | J35: =IF(D35="","",(1/D35)*1000000) -> 69.75933 | K35: =IF(E35="","",(1/E35)*1000000) -> 93.923171 | L35: =IF(F35="","",(1/F35)*1000000) -> 211.81953 | M35: =IF(G35="","",(1/G35)*1000000) | N35: =IF(H35="","",(1/H35)*1000000) | O35: =IF(I35="","",(1/I35)*1000000)
A36: T2a | B36: AI/PID/AO | C36: Polling | D36: 43514 | E36: 18345 | F36: 5628 | J36: =IF(D36="","",(1/D36)*1000000) -> 22.98111 | K36: =IF(E36="","",(1/E36)*1000000) -> 54.510766 | L36: =IF(F36="","",(1/F36)*1000000) -> 177.68301 | M36: =IF(G36="","",(1/G36)*1000000) | N36: =IF(H36="","",(1/H36)*1000000) | O36: =IF(I36="","",(1/I36)*1000000)
A37: T2b | B37: AI/PID/AO | C37: Interrupts | D37: 14835 | E37: 10234 | F37: 4555 | J37: =IF(D37="","",(1/D37)*1000000) -> 67.408156 | K37: =IF(E37="","",(1/E37)*1000000) -> 97.713504 | L37: =IF(F37="","",(1/F37)*1000000) -> 219.53897 | M37: =IF(G37="","",(1/G37)*1000000) | N37: =IF(H37="","",(1/H37)*1000000) | O37: =IF(I37="","",(1/I37)*1000000)
A38: T3 | B38: AI/AO/Local Logging | C38: Interrupts | D38: 12740 | E38: 10057 | F38: 4641 | J38: =IF(D38="","",(1/D38)*1000000) -> 78.492936 | K38: =IF(E38="","",(1/E38)*1000000) -> 99.433231 | L38: =IF(F38="","",(1/F38)*1000000) -> 215.4708 | M38: =IF(G38="","",(1/G38)*1000000) | N38: =IF(H38="","",(1/H38)*1000000) | O38: =IF(I38="","",(1/I38)*1000000)
A39: T4 | B39: AI/AO/Host Comm. | C39: Interrupts | D39: 13077 | E39: 9910 | F39: 4595 | J39: =IF(D39="","",(1/D39)*1000000) -> 76.470138 | K39: =IF(E39="","",(1/E39)*1000000) -> 100.90817 | L39: =IF(F39="","",(1/F39)*1000000) -> 217.62786 | M39: =IF(G39="","",(1/G39)*1000000) | N39: =IF(H39="","",(1/H39)*1000000) | O39: =IF(I39="","",(1/I39)*1000000)
A40: 9033_sp_online_int_reboots_16.0b75
A41: Result Improvement vs. LV RT 15.0 released (with out UI)
A42: Test | D42: Number of Channels (%) | J42: Number of Channels, Difference in Period (uS)
A43: Acronym | B43: Description | C43: I/O Mode | D43: 1 | E43: 4 | F43: 16 | G43: 32 | H43: 64 | I43: 80 | J43: 1 | K43: 4 | L43: 16 | M43: 32 | N43: 64 | O43: 80
A44: T1a | B44: AI / AO | C44: Polling | D44: =IF(D34="","",(D34-'2015'!D35)/'2015'!D35) -> 0.060821263 | E44: =IF(E34="","",(E34-'2015'!E35)/'2015'!E35) -> -0.5478178 | F44: =IF(F34="","",(F34-'2015'!F35)/'2015'!F35) -> -0.71721331 | G44: =IF(G34="","",(G34-#REF!)/#REF!) | H44: =IF(H34="","",(H34-#REF!)/#REF!) | I44: =IF(I34="","",(I34-#REF!)/#REF!) | J44: =J34-'2015'!J6 -> -38.416634 | K44: =K34-'2015'!K6 -> -13.988967 | L44: =L34-'2015'!L6 -> 91.237597 | M44: =IF(G44="","",M34-((1/Comparisons!#REF!)*1000000)) | N44: =IF(H44="","",N34-((1/Comparisons!#REF!)*1000000)) | O44: =IF(I44="","",O34-((1/Comparisons!#REF!)*1000000))
A45: T1b | B45: AI / AO | C45: Interrupts | D45: =IF(D35="","",(D35-'2015'!D36)/'2015'!D36) -> -0.11914711 | E45: =IF(E35="","",(E35-'2015'!E36)/'2015'!E36) -> -0.30357143 | F45: =IF(F35="","",(F35-'2015'!F36)/'2015'!F36) -> -0.61341304 | G45: =IF(G35="","",(G35-#REF!)/#REF!) | H45: =IF(H35="","",(H35-#REF!)/#REF!) | I45: =IF(I35="","",(I35-#REF!)/#REF!) | J45: =J35-'2015'!J7 -> 49.527473 | K45: =K35-'2015'!K7 -> 64.777149 | L45: =L35-'2015'!L7 -> 155.64607 | M45: =IF(G45="","",M35-((1/Comparisons!#REF!)*1000000)) | N45: =IF(H45="","",N35-((1/Comparisons!#REF!)*1000000)) | O45: =IF(I45="","",O35-((1/Comparisons!#REF!)*1000000))
A46: T2a | B46: AI/PID/AO | C46: Polling | D46: =IF(D36="","",(D36-'2015'!D37)/'2015'!D37) -> -0.12822054 | E46: =IF(E36="","",(E36-'2015'!E37)/'2015'!E37) -> -0.50565885 | F46: =IF(F36="","",(F36-'2015'!F37)/'2015'!F37) -> -0.70427198 | G46: =IF(G36="","",(G36-#REF!)/#REF!) | H46: =IF(H36="","",(H36-#REF!)/#REF!) | I46: =IF(I36="","",(I36-#REF!)/#REF!) | J46: =J36-'2015'!J8 -> -37.227211 | K46: =K36-'2015'!K8 -> -17.738349 | L46: =L36-'2015'!L8 -> 85.124702 | M46: =IF(G46="","",M36-((1/Comparisons!#REF!)*1000000)) | N46: =IF(H46="","",N36-((1/Comparisons!#REF!)*1000000)) | O46: =IF(I46="","",O36-((1/Comparisons!#REF!)*1000000))
A47: T2b | B47: AI/PID/AO | C47: Interrupts | D47: =IF(D37="","",(D37-'2015'!D38)/'2015'!D38) -> -0.026319244 | E47: =IF(E37="","",(E37-'2015'!E38)/'2015'!E38) -> -0.2892562 | F47: =IF(F37="","",(F37-'2015'!F38)/'2015'!F38) -> -0.57991331 | G47: =IF(G37="","",(G37-#REF!)/#REF!) | H47: =IF(H37="","",(H37-#REF!)/#REF!) | I47: =IF(I37="","",(I37-#REF!)/#REF!) | J47: =J37-'2015'!J9 -> -7.3246737 | K47: =K37-'2015'!K9 -> 24.560614 | L47: =L37-'2015'!L9 -> 127.31357 | M47: =IF(G47="","",M37-((1/Comparisons!#REF!)*1000000)) | N47: =IF(H47="","",N37-((1/Comparisons!#REF!)*1000000)) | O47: =IF(I47="","",O37-((1/Comparisons!#REF!)*1000000))
A48: T3 | B48: AI/AO/Local Logging | C48: Interrupts | D48: =IF(D38="","",(D38-'2015'!D39)/'2015'!D39) -> 0 | E48: =IF(E38="","",(E38-'2015'!E39)/'2015'!E39) -> -0.26430139 | F48: =IF(F38="","",(F38-'2015'!F39)/'2015'!F39) -> -0.57198192 | G48: =IF(G38="","",(G38-#REF!)/#REF!) | H48: =IF(H38="","",(H38-#REF!)/#REF!) | I48: =IF(I38="","",(I38-#REF!)/#REF!) | J48: =J38-'2015'!J10 -> -16.347732 | K48: =K38-'2015'!K10 -> 23.428062 | L48: =L38-'2015'!L10 -> 98.66202 | M48: =IF(G48="","",M38-((1/Comparisons!#REF!)*1000000)) | N48: =IF(H48="","",N38-((1/Comparisons!#REF!)*1000000)) | O48: =IF(I48="","",O38-((1/Comparisons!#REF!)*1000000))
A49: T4 | B49: AI/AO/Host Comm. | C49: Interrupts | D49: =IF(D39="","",(D39-'2015'!D40)/'2015'!D40) -> 0.25043029 | E49: =IF(E39="","",(E39-'2015'!E40)/'2015'!E40) -> -0.23616464 | F49: =IF(F39="","",(F39-'2015'!F40)/'2015'!F40) -> -0.58382393 | G49: =IF(G39="","",(G39-#REF!)/#REF!) | H49: =IF(H39="","",(H39-#REF!)/#REF!) | I49: =IF(I39="","",(I39-#REF!)/#REF!) | J49: =J39-'2015'!J11 -> 76.470138 | K49: =K39-'2015'!K11 -> 100.90817 | L49: =L39-'2015'!L11 -> 217.62786 | M49: =IF(G49="","",M39-((1/Comparisons!#REF!)*1000000)) | N49: =IF(H49="","",N39-((1/Comparisons!#REF!)*1000000)) | O49: =IF(I49="","",O39-((1/Comparisons!#REF!)*1000000))
A50: Result Improvement vs. LV RT 2015 SP1 released (with out UI)
A51: Test | D51: Number of Channels (%) | J51: Number of Channels, Difference in Period (uS)
A52: Acronym | B52: Description | C52: I/O Mode | D52: 1 | E52: 4 | F52: 16 | G52: 32 | H52: 64 | I52: 80 | J52: 1 | K52: 4 | L52: 16 | M52: 32 | N52: 64 | O52: 80
A53: T1a | B53: AI / AO | C53: Polling | D53: =IF(D34="","",(D34-'2015'!D127)/'2015'!D127) -> 0.060821263 | E53: =IF(E34="","",(E34-'2015'!E127)/'2015'!E127) -> -0.56629274 | F53: =IF(F34="","",(F34-'2015'!F127)/'2015'!F127) -> -0.71721331 | J53: =J34-'2015'!J98 -> 21.963993 | K53: =K34-'2015'!K98 -> 52.155721 | L53: =L34-'2015'!L98 -> 170.97627 | M53: =IF(G53="","",M43-((1/Comparisons!#REF!)*1000000)) | N53: =IF(H53="","",N43-((1/Comparisons!#REF!)*1000000)) | O53: =IF(I53="","",O43-((1/Comparisons!#REF!)*1000000))
A54: T1b | B54: AI / AO | C54: Interrupts | D54: =IF(D35="","",(D35-'2015'!D128)/'2015'!D128) -> -0.13691372 | E54: =IF(E35="","",(E35-'2015'!E128)/'2015'!E128) -> -0.34544449 | F54: =IF(F35="","",(F35-'2015'!F128)/'2015'!F128) -> -0.61233372 | G54: =IF(G44="","",(G44-#REF!)/#REF!) | H54: =IF(H44="","",(H44-#REF!)/#REF!) | I54: =IF(I44="","",(I44-#REF!)/#REF!) | J54: =J35-'2015'!J99 -> 62.78226 | K54: =K35-'2015'!K99 -> 87.274729 | L54: =L35-'2015'!L99 -> 200.00831 | M54: =IF(G54="","",M44-((1/Comparisons!#REF!)*1000000)) | N54: =IF(H54="","",N44-((1/Comparisons!#REF!)*1000000)) | O54: =IF(I54="","",O44-((1/Comparisons!#REF!)*1000000))
A55: T2a | B55: AI/PID/AO | C55: Polling | D55: =IF(D36="","",(D36-'2015'!D129)/'2015'!D129) -> -0.13258248 | E55: =IF(E36="","",(E36-'2015'!E129)/'2015'!E129) -> -0.5226013 | F55: =IF(F36="","",(F36-'2015'!F129)/'2015'!F129) -> -0.70082926 | G55: =IF(G45="","",(G45-#REF!)/#REF!) | H55: =IF(H45="","",(H45-#REF!)/#REF!) | I55: =IF(I45="","",(I45-#REF!)/#REF!) | J55: =J36-'2015'!J100 -> 26.741215 | K55: =K36-'2015'!K100 -> 59.922157 | L55: =L36-'2015'!L100 -> 180.23036 | M55: =IF(G55="","",M45-((1/Comparisons!#REF!)*1000000)) | N55: =IF(H55="","",N45-((1/Comparisons!#REF!)*1000000)) | O55: =IF(I55="","",O45-((1/Comparisons!#REF!)*1000000))
A56: T2b | B56: AI/PID/AO | C56: Interrupts | D56: =IF(D37="","",(D37-'2015'!D130)/'2015'!D130) -> -0.13260831 | E56: =IF(E37="","",(E37-'2015'!E130)/'2015'!E130) -> -0.32381896 | F56: =IF(F37="","",(F37-'2015'!F130)/'2015'!F130) -> -0.57643667 | G56: =IF(G46="","",(G46-#REF!)/#REF!) | H56: =IF(H46="","",(H46-#REF!)/#REF!) | I56: =IF(I46="","",(I46-#REF!)/#REF!) | J56: =J37-'2015'!J101 -> 73.350678 | K56: =K37-'2015'!K101 -> 103.71753 | L56: =L37-'2015'!L101 -> 220.43242 | M56: =IF(G56="","",M46-((1/Comparisons!#REF!)*1000000)) | N56: =IF(H56="","",N46-((1/Comparisons!#REF!)*1000000)) | O56: =IF(I56="","",O46-((1/Comparisons!#REF!)*1000000))
A57: T3 | B57: AI/AO/Local Logging | C57: Interrupts | D57: =IF(D38="","",(D38-'2015'!D131)/'2015'!D131) -> -0.079546276 | E57: =IF(E38="","",(E38-'2015'!E131)/'2015'!E131) -> -0.30655726 | F57: =IF(F38="","",(F38-'2015'!F131)/'2015'!F131) -> -0.58742999 | G57: =IF(G47="","",(G47-#REF!)/#REF!) | H57: =IF(H47="","",(H47-#REF!)/#REF!) | I57: =IF(I47="","",(I47-#REF!)/#REF!) | J57: =J38-'2015'!J102 -> 78.492936 | K57: =K38-'2015'!K102 -> 99.433231 | L57: =L38-'2015'!L102 -> 215.4708 | M57: =IF(G57="","",M47-((1/Comparisons!#REF!)*1000000)) | N57: =IF(H57="","",N47-((1/Comparisons!#REF!)*1000000)) | O57: =IF(I57="","",O47-((1/Comparisons!#REF!)*1000000))
A58: T4 | B58: AI/AO/Host Comm. | C58: Interrupts | D58: =IF(D39="","",(D39-'2015'!D132)/'2015'!D132) -> 0.25126782 | E58: =IF(E39="","",(E39-'2015'!E132)/'2015'!E132) -> -0.27185893 | F58: =IF(F39="","",(F39-'2015'!F132)/'2015'!F132) -> -0.58792933 | G58: =IF(G48="","",(G48-#REF!)/#REF!) | H58: =IF(H48="","",(H48-#REF!)/#REF!) | I58: =IF(I48="","",(I48-#REF!)/#REF!) | J58: =J39-'2015'!J103 -> 76.470138 | K58: =K39-'2015'!K103 -> 100.90817 | L58: =L39-'2015'!L103 -> 217.62786 | M58: =IF(G58="","",M48-((1/Comparisons!#REF!)*1000000)) | N58: =IF(H58="","",N48-((1/Comparisons!#REF!)*1000000)) | O58: =IF(I58="","",O48-((1/Comparisons!#REF!)*1000000))
A59: LV RT 2016 cRIO Single-Point Benchmark Results (Hz)
A60: cRIO-9033 LV RT 16.0b57, NI-RIO 16.0.0a13
A61: Test | D61: Number of Channels, Rate (Hz) | J61: Number of Channels, Period (uS)
A62: Case | B62: Description | C62: I/O Mode | D62: 1 | E62: 4 | F62: 16 | G62: 32 | H62: 64 | I62: 80 | J62: 1 | K62: 4 | L62: 16 | M62: 32 | N62: 64 | O62: 80
A63: T1a | B63: AI / AO | C63: Polling | D63: 50943 | E63: 43563 | F63: 20623 | J63: =IF(D63="","",(1/D63)*1000000) -> 19.629782 | K63: =IF(E63="","",(1/E63)*1000000) -> 22.95526 | L63: =IF(F63="","",(1/F63)*1000000) -> 48.489551 | M63: =IF(G63="","",(1/G63)*1000000) | N63: =IF(H63="","",(1/H63)*1000000) | O63: =IF(I63="","",(1/I63)*1000000)
A64: T1b | B64: AI / AO | C64: Interrupts | D64: 14811 | E64: 14263 | F64: 11082 | J64: =IF(D64="","",(1/D64)*1000000) -> 67.517386 | K64: =IF(E64="","",(1/E64)*1000000) -> 70.111477 | L64: =IF(F64="","",(1/F64)*1000000) -> 90.236419 | M64: =IF(G64="","",(1/G64)*1000000) | N64: =IF(H64="","",(1/H64)*1000000) | O64: =IF(I64="","",(1/I64)*1000000)
A65: T2a | B65: AI/PID/AO | C65: Polling | D65: 49506 | E65: 36914 | F65: 18254 | J65: =IF(D65="","",(1/D65)*1000000) -> 20.199572 | K65: =IF(E65="","",(1/E65)*1000000) -> 27.089993 | L65: =IF(F65="","",(1/F65)*1000000) -> 54.782513 | M65: =IF(G65="","",(1/G65)*1000000) | N65: =IF(H65="","",(1/H65)*1000000) | O65: =IF(I65="","",(1/I65)*1000000)
A66: T2b | B66: AI/PID/AO | C66: Interrupts | D66: 14663 | E66: 13447 | F66: 9981 | J66: =IF(D66="","",(1/D66)*1000000) -> 68.198868 | K66: =IF(E66="","",(1/E66)*1000000) -> 74.36603 | L66: =IF(F66="","",(1/F66)*1000000) -> 100.19036 | M66: =IF(G66="","",(1/G66)*1000000) | N66: =IF(H66="","",(1/H66)*1000000) | O66: =IF(I66="","",(1/I66)*1000000)
A67: T3 | B67: AI/AO/Local Logging | C67: Interrupts | D67: 13249 | E67: 13371 | F67: 10303 | J67: =IF(D67="","",(1/D67)*1000000) -> 75.477395 | K67: =IF(E67="","",(1/E67)*1000000) -> 74.788722 | L67: =IF(F67="","",(1/F67)*1000000) -> 97.059109 | M67: =IF(G67="","",(1/G67)*1000000) | N67: =IF(H67="","",(1/H67)*1000000) | O67: =IF(I67="","",(1/I67)*1000000)
A68: T4 | B68: AI/AO/Host Comm. | C68: Interrupts | D68: 11553 | E68: 12855 | F68: 10286 | J68: =IF(D68="","",(1/D68)*1000000) -> 86.557604 | K68: =IF(E68="","",(1/E68)*1000000) -> 77.790743 | L68: =IF(F68="","",(1/F68)*1000000) -> 97.219522 | M68: =IF(G68="","",(1/G68)*1000000) | N68: =IF(H68="","",(1/H68)*1000000) | O68: =IF(I68="","",(1/I68)*1000000)
A69: 9033_sp_online_int_reboots_16.0b57_2016_FPGAbitfiles | F69: T3 and T4 cases were run again
A70: Result Improvement vs. LV RT 15.0 released (with out UI)
A71: Test | D71: Number of Channels (%) | J71: Number of Channels, Difference in Period (uS)
A72: Acronym | B72: Description | C72: I/O Mode | D72: 1 | E72: 4 | F72: 16 | G72: 32 | H72: 64 | I72: 80 | J72: 1 | K72: 4 | L72: 16 | M72: 32 | N72: 64 | O72: 80
A73: T1a | B73: AI / AO | C73: Polling | D73: =IF(D63="","",(D63-'2015'!D35)/'2015'!D35) -> 0.19399522 | E73: =IF(E63="","",(E63-'2015'!E35)/'2015'!E35) -> 0.012928128 | F73: =IF(F63="","",(F63-'2015'!F35)/'2015'!F35) -> -0.00087205077 | G73: =IF(G63="","",(G63-#REF!)/#REF!) | H73: =IF(H63="","",(H63-#REF!)/#REF!) | I73: =IF(I63="","",(I63-#REF!)/#REF!) | J73: =J63-'2015'!J35 -> -3.8080839 | K73: =K63-'2015'!K35 -> -0.29676854 | L73: =L63-'2015'!L35 -> 0.04228535 | M73: =IF(G73="","",M63-((1/Comparisons!#REF!)*1000000)) | N73: =IF(H73="","",N63-((1/Comparisons!#REF!)*1000000)) | O73: =IF(I73="","",O63-((1/Comparisons!#REF!)*1000000))
A74: T1b | B74: AI / AO | C74: Interrupts | D74: =IF(D64="","",(D64-'2015'!D36)/'2015'!D36) -> -0.089897997 | E74: =IF(E64="","",(E64-'2015'!E36)/'2015'!E36) -> -0.067046049 | F74: =IF(F64="","",(F64-'2015'!F36)/'2015'!F36) -> -0.092531936 | G74: =IF(G64="","",(G64-#REF!)/#REF!) | H74: =IF(H64="","",(H64-#REF!)/#REF!) | I74: =IF(I64="","",(I64-#REF!)/#REF!) | J74: =J64-'2015'!J36 -> 6.0696777 | K74: =K64-'2015'!K36 -> 4.7006976 | L74: =L64-'2015'!L36 -> 8.3497506 | M74: =IF(G74="","",M64-((1/Comparisons!#REF!)*1000000)) | N74: =IF(H74="","",N64-((1/Comparisons!#REF!)*1000000)) | O74: =IF(I74="","",O64-((1/Comparisons!#REF!)*1000000))
A75: T2a | B75: AI/PID/AO | C75: Polling | D75: =IF(D65="","",(D65-'2015'!D37)/'2015'!D37) -> -0.0081740594 | E75: =IF(E65="","",(E65-'2015'!E37)/'2015'!E37) -> -0.0052815953 | F75: =IF(F65="","",(F65-'2015'!F37)/'2015'!F37) -> -0.040828123 | G75: =IF(G65="","",(G65-#REF!)/#REF!) | H75: =IF(H65="","",(H65-#REF!)/#REF!) | I75: =IF(I65="","",(I65-#REF!)/#REF!) | J75: =J65-'2015'!J37 -> 0.1651125 | K75: =K65-'2015'!K37 -> 0.14307838 | L75: =L65-'2015'!L37 -> 2.2366672 | M75: =IF(G75="","",M65-((1/Comparisons!#REF!)*1000000)) | N75: =IF(H75="","",N65-((1/Comparisons!#REF!)*1000000)) | O75: =IF(I75="","",O65-((1/Comparisons!#REF!)*1000000))
A76: T2b | B76: AI/PID/AO | C76: Interrupts | D76: =IF(D66="","",(D66-'2015'!D38)/'2015'!D38) -> -0.037608296 | E76: =IF(E66="","",(E66-'2015'!E38)/'2015'!E38) -> -0.066115702 | F76: =IF(F66="","",(F66-'2015'!F38)/'2015'!F38) -> -0.079498294 | G76: =IF(G66="","",(G66-#REF!)/#REF!) | H76: =IF(H66="","",(H66-#REF!)/#REF!) | I76: =IF(I66="","",(I66-#REF!)/#REF!) | J76: =J66-'2015'!J38 -> 2.5648432 | K76: =K66-'2015'!K38 -> 4.9167623 | L76: =L66-'2015'!L38 -> 7.9649628 | M76: =IF(G76="","",M66-((1/Comparisons!#REF!)*1000000)) | N76: =IF(H76="","",N66-((1/Comparisons!#REF!)*1000000)) | O76: =IF(I76="","",O66-((1/Comparisons!#REF!)*1000000))
A77: T3 | B77: AI/AO/Local Logging | C77: Interrupts | D77: =IF(D67="","",(D67-'2015'!D39)/'2015'!D39) -> 0.039952904 | E77: =IF(E67="","",(E67-'2015'!E39)/'2015'!E39) -> -0.021872714 | F77: =IF(F67="","",(F67-'2015'!F39)/'2015'!F39) -> -0.049801715 | G77: =IF(G67="","",(G67-#REF!)/#REF!) | H77: =IF(H67="","",(H67-#REF!)/#REF!) | I77: =IF(I67="","",(I67-#REF!)/#REF!) | J77: =J67-'2015'!J39 -> -3.0155411 | K77: =K67-'2015'!K39 -> 1.6358323 | L77: =L67-'2015'!L39 -> 4.8337101 | M77: =IF(G77="","",M67-((1/Comparisons!#REF!)*1000000)) | N77: =IF(H77="","",N67-((1/Comparisons!#REF!)*1000000)) | O77: =IF(I77="","",O67-((1/Comparisons!#REF!)*1000000))
A78: T4 | B78: AI/AO/Host Comm. | C78: Interrupts | D78: =IF(D68="","",(D68-'2015'!D40)/'2015'!D40) -> 0.10470453 | E78: =IF(E68="","",(E68-'2015'!E40)/'2015'!E40) -> -0.0091721905 | F78: =IF(F68="","",(F68-'2015'!F40)/'2015'!F40) -> -0.068381487 | G78: =IF(G68="","",(G68-#REF!)/#REF!) | H78: =IF(H68="","",(H68-#REF!)/#REF!) | I78: =IF(I68="","",(I68-#REF!)/#REF!) | J78: =J68-'2015'!J40 -> -9.0629735 | K78: =K68-'2015'!K40 -> 0.71351152 | L78: =L68-'2015'!L40 -> 6.6480155 | M78: =IF(G78="","",M68-((1/Comparisons!#REF!)*1000000)) | N78: =IF(H78="","",N68-((1/Comparisons!#REF!)*1000000)) | O78: =IF(I78="","",O68-((1/Comparisons!#REF!)*1000000))
A79: Result Improvement vs. LV RT 2015 SP1 released (with out UI)
A80: Test | D80: Number of Channels (%) | J80: Number of Channels, Difference in Period (uS)
A81: Acronym | B81: Description | C81: I/O Mode | D81: 1 | E81: 4 | F81: 16 | G81: 32 | H81: 64 | I81: 80 | J81: 1 | K81: 4 | L81: 16 | M81: 32 | N81: 64 | O81: 80
A82: T1a | B82: AI / AO | C82: Polling | D82: =IF(D63="","",(D63-'2015'!D127)/'2015'!D127) -> 0.19399522 | E82: =IF(E63="","",(E63-'2015'!E127)/'2015'!E127) -> -0.02845737 | F82: =IF(F63="","",(F63-'2015'!F127)/'2015'!F127) -> -0.00087205077 | J82: =J63-'2015'!J127 -> -3.8080839 | K82: =K63-'2015'!K127 -> 0.65324633 | L82: =L63-'2015'!L127 -> 0.04228535 | M82: =IF(G82="","",M72-((1/Comparisons!#REF!)*1000000)) | N82: =IF(H82="","",N72-((1/Comparisons!#REF!)*1000000)) | O82: =IF(I82="","",O72-((1/Comparisons!#REF!)*1000000))
A83: T1b | B83: AI / AO | C83: Interrupts | D83: =IF(D64="","",(D64-'2015'!D128)/'2015'!D128) -> -0.10825456 | E83: =IF(E64="","",(E64-'2015'!E128)/'2015'!E128) -> -0.12314029 | F83: =IF(F64="","",(F64-'2015'!F128)/'2015'!F128) -> -0.089998358 | G83: =IF(G73="","",(G73-#REF!)/#REF!) | H83: =IF(H73="","",(H73-#REF!)/#REF!) | I83: =IF(I73="","",(I73-#REF!)/#REF!) | J83: =J64-'2015'!J128 -> 7.3090649 | K83: =K64-'2015'!K128 -> 8.6335478 | L83: =L64-'2015'!L128 -> 8.1211296 | M83: =IF(G83="","",M73-((1/Comparisons!#REF!)*1000000)) | N83: =IF(H83="","",N73-((1/Comparisons!#REF!)*1000000)) | O83: =IF(I83="","",O73-((1/Comparisons!#REF!)*1000000))
A84: T2a | B84: AI/PID/AO | C84: Polling | D84: =IF(D65="","",(D65-'2015'!D129)/'2015'!D129) -> -0.013136649 | E84: =IF(E65="","",(E65-'2015'!E129)/'2015'!E129) -> -0.039373357 | F84: =IF(F65="","",(F65-'2015'!F129)/'2015'!F129) -> -0.029661918 | G84: =IF(G74="","",(G74-#REF!)/#REF!) | H84: =IF(H74="","",(H74-#REF!)/#REF!) | I84: =IF(I74="","",(I74-#REF!)/#REF!) | J84: =J65-'2015'!J129 -> 0.26535469 | K84: =K65-'2015'!K129 -> 1.066624 | L84: =L65-'2015'!L129 -> 1.6249544 | M84: =IF(G84="","",M74-((1/Comparisons!#REF!)*1000000)) | N84: =IF(H84="","",N74-((1/Comparisons!#REF!)*1000000)) | O84: =IF(I84="","",O74-((1/Comparisons!#REF!)*1000000))
A85: T2b | B85: AI/PID/AO | C85: Interrupts | D85: =IF(D66="","",(D66-'2015'!D130)/'2015'!D130) -> -0.14266503 | E85: =IF(E66="","",(E66-'2015'!E130)/'2015'!E130) -> -0.11152957 | F85: =IF(F66="","",(F66-'2015'!F130)/'2015'!F130) -> -0.071880231 | G85: =IF(G75="","",(G75-#REF!)/#REF!) | H85: =IF(H75="","",(H75-#REF!)/#REF!) | I85: =IF(I75="","",(I75-#REF!)/#REF!) | J85: =J66-'2015'!J130 -> 9.7295935 | K85: =K66-'2015'!K130 -> 8.2940111 | L85: =L66-'2015'!L130 -> 7.2017063 | M85: =IF(G85="","",M75-((1/Comparisons!#REF!)*1000000)) | N85: =IF(H85="","",N75-((1/Comparisons!#REF!)*1000000)) | O85: =IF(I85="","",O75-((1/Comparisons!#REF!)*1000000))
A86: T3 | B86: AI/AO/Local Logging | C86: Interrupts | D86: =IF(D67="","",(D67-'2015'!D131)/'2015'!D131) -> -0.042771476 | E86: =IF(E67="","",(E67-'2015'!E131)/'2015'!E131) -> -0.078052817 | F86: =IF(F67="","",(F67-'2015'!F131)/'2015'!F131) -> -0.084096364 | G86: =IF(G76="","",(G76-#REF!)/#REF!) | H86: =IF(H76="","",(H76-#REF!)/#REF!) | I86: =IF(I76="","",(I76-#REF!)/#REF!) | J86: =J67-'2015'!J131 -> 3.2282796 | K86: =K67-'2015'!K131 -> 5.8374704 | L86: =L67-'2015'!L131 -> 8.1623182 | M86: =IF(G86="","",M76-((1/Comparisons!#REF!)*1000000)) | N86: =IF(H86="","",N76-((1/Comparisons!#REF!)*1000000)) | O86: =IF(I86="","",O76-((1/Comparisons!#REF!)*1000000))
A87: T4 | B87: AI/AO/Host Comm. | C87: Interrupts | D87: =IF(D68="","",(D68-'2015'!D132)/'2015'!D132) -> 0.10544446 | E87: =IF(E68="","",(E68-'2015'!E132)/'2015'!E132) -> -0.055473916 | F87: =IF(F68="","",(F68-'2015'!F132)/'2015'!F132) -> -0.077571518 | G87: =IF(G77="","",(G77-#REF!)/#REF!) | H87: =IF(H77="","",(H77-#REF!)/#REF!) | I87: =IF(I77="","",(I77-#REF!)/#REF!) | J87: =J68-'2015'!J132 -> -9.1270194 | K87: =K68-'2015'!K132 -> 4.3153572 | L87: =L68-'2015'!L132 -> 7.5414659 | M87: =IF(G87="","",M77-((1/Comparisons!#REF!)*1000000)) | N87: =IF(H87="","",N77-((1/Comparisons!#REF!)*1000000)) | O87: =IF(I87="","",O77-((1/Comparisons!#REF!)*1000000))
A88: LV RT 2016 cRIO Single-Point Benchmark Results (Hz)
A89: cRIO-9033 LV RT 16.0b57, NI-RIO 16.0.0a13
A90: Test | D90: Number of Channels, Rate (Hz) | J90: Number of Channels, Period (uS)
A91: Case | B91: Description | C91: I/O Mode | D91: 1 | E91: 4 | F91: 16 | G91: 32 | H91: 64 | I91: 80 | J91: 1 | K91: 4 | L91: 16 | M91: 32 | N91: 64 | O91: 80
A92: T1a | B92: AI / AO | C92: Polling | D92: 44648 | E92: 19969 | F92: 5843 | J92: =IF(D92="","",(1/D92)*1000000) -> 22.39742 | K92: =IF(E92="","",(1/E92)*1000000) -> 50.07762 | L92: =IF(F92="","",(1/F92)*1000000) -> 171.14496 | M92: =IF(G92="","",(1/G92)*1000000) | N92: =IF(H92="","",(1/H92)*1000000) | O92: =IF(I92="","",(1/I92)*1000000)
A93: T1b | B93: AI / AO | C93: Interrupts | D93: 14465 | E93: 10305 | F93: 4650 | J93: =IF(D93="","",(1/D93)*1000000) -> 69.132389 | K93: =IF(E93="","",(1/E93)*1000000) -> 97.040272 | L93: =IF(F93="","",(1/F93)*1000000) -> 215.05376 | M93: =IF(G93="","",(1/G93)*1000000) | N93: =IF(H93="","",(1/H93)*1000000) | O93: =IF(I93="","",(1/I93)*1000000)
A94: T2a | B94: AI/PID/AO | C94: Polling | D94: 43080 | E94: 18305 | F94: 5617 | J94: =IF(D94="","",(1/D94)*1000000) -> 23.212628 | K94: =IF(E94="","",(1/E94)*1000000) -> 54.629883 | L94: =IF(F94="","",(1/F94)*1000000) -> 178.03098 | M94: =IF(G94="","",(1/G94)*1000000) | N94: =IF(H94="","",(1/H94)*1000000) | O94: =IF(I94="","",(1/I94)*1000000)
A95: T2b | B95: AI/PID/AO | C95: Interrupts | D95: 13381 | E95: 9859 | F95: 4459 | J95: =IF(D95="","",(1/D95)*1000000) -> 74.73283 | K95: =IF(E95="","",(1/E95)*1000000) -> 101.43017 | L95: =IF(F95="","",(1/F95)*1000000) -> 224.26553 | M95: =IF(G95="","",(1/G95)*1000000) | N95: =IF(H95="","",(1/H95)*1000000) | O95: =IF(I95="","",(1/I95)*1000000)
A96: T3 | B96: AI/AO/Local Logging | C96: Interrupts | D96: 12676 | E96: 9713 | F96: 4558 | J96: =IF(D96="","",(1/D96)*1000000) -> 78.88924 | K96: =IF(E96="","",(1/E96)*1000000) -> 102.9548 | L96: =IF(F96="","",(1/F96)*1000000) -> 219.39447 | M96: =IF(G96="","",(1/G96)*1000000) | N96: =IF(H96="","",(1/H96)*1000000) | O96: =IF(I96="","",(1/I96)*1000000)
A97: T4 | B97: AI/AO/Host Comm. | C97: Interrupts | D97: 12487 | E97: 9575 | F97: 4535 | J97: =IF(D97="","",(1/D97)*1000000) -> 80.083287 | K97: =IF(E97="","",(1/E97)*1000000) -> 104.43864 | L97: =IF(F97="","",(1/F97)*1000000) -> 220.50717 | M97: =IF(G97="","",(1/G97)*1000000) | N97: =IF(H97="","",(1/H97)*1000000) | O97: =IF(I97="","",(1/I97)*1000000)
A98: 9033_sp_online_int_reboots_16.0b57
A99: Result Improvement vs. LV RT 15.0 released (with out UI)
A100: Test | D100: Number of Channels (%) | J100: Number of Channels, Difference in Period (uS)
...

Sheet 2017
A1: LV RT 2017 cRIO Single-Point Benchmark Results (Hz)
A2: cRIO-9033 LV RT 17.0d41, NI-RIO 16.0.0f0
A3: Test | D3: Number of Channels, Rate (Hz) | J3: Number of Channels, Period (uS)
A4: Case | B4: Description | C4: I/O Mode | D4: 1 | E4: 4 | F4: 16 | G4: 32 | H4: 64 | I4: 80 | J4: 1 | K4: 4 | L4: 16 | M4: 32 | N4: 64 | O4: 80
A5: T1a | B5: AI / AO | C5: Polling | D5: 45213 | E5: 20154 | F5: 5837 | J5: =IF(D5="","",(1/D5)*1000000) -> 22.117533 | K5: =IF(E5="","",(1/E5)*1000000) -> 49.617942 | L5: =IF(F5="","",(1/F5)*1000000) -> 171.32088 | M5: =IF(G5="","",(1/G5)*1000000) | N5: =IF(H5="","",(1/H5)*1000000) | O5: =IF(I5="","",(1/I5)*1000000)
A6: T1b | B6: AI / AO | C6: Interrupts | D6: 14899 | E6: 10681 | F6: 4777 | J6: =IF(D6="","",(1/D6)*1000000) -> 67.118599 | K6: =IF(E6="","",(1/E6)*1000000) -> 93.624192 | L6: =IF(F6="","",(1/F6)*1000000) -> 209.3364 | M6: =IF(G6="","",(1/G6)*1000000) | N6: =IF(H6="","",(1/H6)*1000000) | O6: =IF(I6="","",(1/I6)*1000000)
A7: T2a | B7: AI/PID/AO | C7: Polling | D7: 43297 | E7: 18305 | F7: 5637 | J7: =IF(D7="","",(1/D7)*1000000) -> 23.096288 | K7: =IF(E7="","",(1/E7)*1000000) -> 54.629883 | L7: =IF(F7="","",(1/F7)*1000000) -> 177.39933 | M7: =IF(G7="","",(1/G7)*1000000) | N7: =IF(H7="","",(1/H7)*1000000) | O7: =IF(I7="","",(1/I7)*1000000)
A8: T2b | B8: AI/PID/AO | C8: Interrupts | D8: 14663 | E8: 9955 | F8: 4481 | J8: =IF(D8="","",(1/D8)*1000000) -> 68.198868 | K8: =IF(E8="","",(1/E8)*1000000) -> 100.45203 | L8: =IF(F8="","",(1/F8)*1000000) -> 223.16447 | M8: =IF(G8="","",(1/G8)*1000000) | N8: =IF(H8="","",(1/H8)*1000000) | O8: =IF(I8="","",(1/I8)*1000000)
A9: T3 | B9: AI/AO/Local Logging | C9: Interrupts | D9: 13381 | E9: 10011 | F9: 4634 | J9: =IF(D9="","",(1/D9)*1000000) -> 74.73283 | K9: =IF(E9="","",(1/E9)*1000000) -> 99.890121 | L9: =IF(F9="","",(1/F9)*1000000) -> 215.79629 | M9: =IF(G9="","",(1/G9)*1000000) | N9: =IF(H9="","",(1/H9)*1000000) | O9: =IF(I9="","",(1/I9)*1000000)
A10: T4 | B10: AI/AO/Host Comm. | C10: Interrupts | D10: 11534 | E10: 9955 | F10: 4587 | J10: =IF(D10="","",(1/D10)*1000000) -> 86.700191 | K10: =IF(E10="","",(1/E10)*1000000) -> 100.45203 | L10: =IF(F10="","",(1/F10)*1000000) -> 218.00741 | M10: =IF(G10="","",(1/G10)*1000000) | N10: =IF(H10="","",(1/H10)*1000000) | O10: =IF(I10="","",(1/I10)*1000000)
A11: 9033_sp_online_int_reboots_17.0d41
A12: Result Improvement vs. LV RT 16.0 released (with out UI)
A13: Test | D13: Number of Channels (%) | J13: Number of Channels, Difference in Period (uS)
A14: Acronym | B14: Description | C14: I/O Mode | D14: 1 | E14: 4 | F14: 16 | G14: 32 | H14: 64 | I14: 80 | J14: 1 | K14: 4 | L14: 16 | M14: 32 | N14: 64 | O14: 80
A15: T1a | B15: AI / AO | C15: Polling | D15: =IF(D5="","",(D5-'2016'!D5)/'2016'!D5) -> 0.0089034677 | E15: =IF(E5="","",(E5-'2016'!E5)/'2016'!E5) -> 0.002985966 | F15: =IF(F5="","",(F5-'2016'!F5)/'2016'!F5) -> -0.0010268698 | G15: =IF(G5="","",(G5-#REF!)/#REF!) | H15: =IF(H5="","",(H5-#REF!)/#REF!) | I15: =IF(I5="","",(I5-#REF!)/#REF!) | J15: =J5-'2015'!J35 -> -1.3203336 | K15: =K5-'2015'!K35 -> 26.365913 | L15: =L5-'2015'!L35 -> 122.87362 | M15: =IF(G15="","",M5-((1/Comparisons!#REF!)*1000000)) | N15: =IF(H15="","",N5-((1/Comparisons!#REF!)*1000000)) | O15: =IF(I15="","",O5-((1/Comparisons!#REF!)*1000000))
A16: T1b | B16: AI / AO | C16: Interrupts | D16: =IF(D6="","",(D6-'2016'!D6)/'2016'!D6) -> -0.0010057664 | E16: =IF(E6="","",(E6-'2016'!E6)/'2016'!E6) -> -0.013940177 | F16: =IF(F6="","",(F6-'2016'!F6)/'2016'!F6) -> 0 | G16: =IF(G6="","",(G6-#REF!)/#REF!) | H16: =IF(H6="","",(H6-#REF!)/#REF!) | I16: =IF(I6="","",(I6-#REF!)/#REF!) | J16: =J6-'2015'!J36 -> 5.6708906 | K16: =K6-'2015'!K36 -> 28.213413 | L16: =L6-'2015'!L36 -> 127.44973 | M16: =IF(G16="","",M6-((1/Comparisons!#REF!)*1000000)) | N16: =IF(H16="","",N6-((1/Comparisons!#REF!)*1000000)) | O16: =IF(I16="","",O6-((1/Comparisons!#REF!)*1000000))
A17: T2a | B17: AI/PID/AO | C17: Polling | D17: =IF(D7="","",(D7-'2016'!D7)/'2016'!D7) -> -0.0031312596 | E17: =IF(E7="","",(E7-'2016'!E7)/'2016'!E7) -> -0.0021804306 | F17: =IF(F7="","",(F7-'2016'!F7)/'2016'!F7) -> 0 | G17: =IF(G7="","",(G7-#REF!)/#REF!) | H17: =IF(H7="","",(H7-#REF!)/#REF!) | I17: =IF(I7="","",(I7-#REF!)/#REF!) | J17: =J7-'2015'!J37 -> 3.0618292 | K17: =K7-'2015'!K37 -> 27.682968 | L17: =L7-'2015'!L37 -> 124.85348 | M17: =IF(G17="","",M7-((1/Comparisons!#REF!)*1000000)) | N17: =IF(H17="","",N7-((1/Comparisons!#REF!)*1000000)) | O17: =IF(I17="","",O7-((1/Comparisons!#REF!)*1000000))
A18: T2b | B18: AI/PID/AO | C18: Interrupts | D18: =IF(D8="","",(D8-'2016'!D8)/'2016'!D8) -> 0.016287774 | E18: =IF(E8="","",(E8-'2016'!E8)/'2016'!E8) -> -0.027262068 | F18: =IF(F8="","",(F8-'2016'!F8)/'2016'!F8) -> -0.020332313 | G18: =IF(G8="","",(G8-#REF!)/#REF!) | H18: =IF(H8="","",(H8-#REF!)/#REF!) | I18: =IF(I8="","",(I8-#REF!)/#REF!) | J18: =J8-'2015'!J38 -> 2.5648432 | K18: =K8-'2015'!K38 -> 31.002767 | L18: =L8-'2015'!L38 -> 130.93907 | M18: =IF(G18="","",M8-((1/Comparisons!#REF!)*1000000)) | N18: =IF(H18="","",N8-((1/Comparisons!#REF!)*1000000)) | O18: =IF(I18="","",O8-((1/Comparisons!#REF!)*1000000))
A19: T3 | B19: AI/AO/Local Logging | C19: Interrupts | D19: =IF(D9="","",(D9-'2016'!D9)/'2016'!D9) -> -0.0078594202 | E19: =IF(E9="","",(E9-'2016'!E9)/'2016'!E9) -> -0.0089100089 | F19: =IF(F9="","",(F9-'2016'!F9)/'2016'!F9) -> 0.0041170098 | G19: =IF(G9="","",(G9-#REF!)/#REF!) | H19: =IF(H9="","",(H9-#REF!)/#REF!) | I19: =IF(I9="","",(I9-#REF!)/#REF!) | J19: =J9-'2015'!J39 -> -3.7601055 | K19: =K9-'2015'!K39 -> 26.737231 | L19: =L9-'2015'!L39 -> 123.57089 | M19: =IF(G19="","",M9-((1/Comparisons!#REF!)*1000000)) | N19: =IF(H19="","",N9-((1/Comparisons!#REF!)*1000000)) | O19: =IF(I19="","",O9-((1/Comparisons!#REF!)*1000000))
A20: T4 | B20: AI/AO/Host Comm. | C20: Interrupts | D20: =IF(D10="","",(D10-'2016'!D10)/'2016'!D10) -> -0.066979453 | E20: =IF(E10="","",(E10-'2016'!E10)/'2016'!E10) -> -0.0095512884 | F20: =IF(F10="","",(F10-'2016'!F10)/'2016'!F10) -> -0.011635423 | G20: =IF(G10="","",(G10-#REF!)/#REF!) | H20: =IF(H10="","",(H10-#REF!)/#REF!) | I20: =IF(I10="","",(I10-#REF!)/#REF!) | J20: =J10-'2015'!J40 -> -8.9203868 | K20: =K10-'2015'!K40 -> 23.374803 | L20: =L10-'2015'!L40 -> 127.43591 | M20: =IF(G20="","",M10-((1/Comparisons!#REF!)*1000000)) | N20: =IF(H20="","",N10-((1/Comparisons!#REF!)*1000000)) | O20: =IF(I20="","",O10-((1/Comparisons!#REF!)*1000000))
A22: LV RT 2017 cRIO Single-Point Benchmark Results (Hz)
A23: cRIO-9033 LV RT 17.0d65, NI-RIO 16.0.0f0
A24: Test | D24: Number of Channels, Rate (Hz) | J24: Number of Channels, Period (uS)
A25: Case | B25: Description | C25: I/O Mode | D25: 1 | E25: 4 | F25: 16 | G25: 32 | H25: 64 | I25: 80 | J25: 1 | K25: 4 | L25: 16 | M25: 32 | N25: 64 | O25: 80
A26: T1a | B26: AI / AO | C26: Polling | D26: 38045 | E26: 18154 | F26: 5814 | J26: =IF(D26="","",(1/D26)*1000000) -> 26.284663 | K26: =IF(E26="","",(1/E26)*1000000) -> 55.084279 | L26: =IF(F26="","",(1/F26)*1000000) -> 171.99862 | M26: =IF(G26="","",(1/G26)*1000000) | N26: =IF(H26="","",(1/H26)*1000000) | O26: =IF(I26="","",(1/I26)*1000000)
A27: T1b | B27: AI / AO | C27: Interrupts | D27: 16116 | E27: 10933 | F27: 4789 | J27: =IF(D27="","",(1/D27)*1000000) -> 62.050137 | K27: =IF(E27="","",(1/E27)*1000000) -> 91.466203 | L27: =IF(F27="","",(1/F27)*1000000) -> 208.81186 | M27: =IF(G27="","",(1/G27)*1000000) | N27: =IF(H27="","",(1/H27)*1000000) | O27: =IF(I27="","",(1/I27)*1000000)
A28: T2a | B28: AI/PID/AO | C28: Polling | D28: Err | E28: Err | F28: Err | J28: =IF(D28="","",(1/D28)*1000000) -> #VALUE! | K28: =IF(E28="","",(1/E28)*1000000) -> #VALUE! | L28: =IF(F28="","",(1/F28)*1000000) -> #VALUE! | M28: =IF(G28="","",(1/G28)*1000000) | N28: =IF(H28="","",(1/H28)*1000000) | O28: =IF(I28="","",(1/I28)*1000000)
A29: T2b | B29: AI/PID/AO | C29: Interrupts | D29: Err | E29: Err | F29: Err | J29: =IF(D30="","",(1/D30)*1000000) -> 70.791448 | K29: =IF(E29="","",(1/E29)*1000000) -> #VALUE! | L29: =IF(F29="","",(1/F29)*1000000) -> #VALUE! | M29: =IF(G29="","",(1/G29)*1000000) | N29: =IF(H29="","",(1/H29)*1000000) | O29: =IF(I29="","",(1/I29)*1000000)
A30: T3 | B30: AI/AO/Local Logging | C30: Interrupts | D30: 14126 | E30: Err | F30: Err | J30: =IF(#REF!="","",(1/#REF!)*1000000) -> #REF! | K30: =IF(E30="","",(1/E30)*1000000) -> #VALUE! | L30: =IF(F30="","",(1/F30)*1000000) -> #VALUE! | M30: =IF(G30="","",(1/G30)*1000000) | N30: =IF(H30="","",(1/H30)*1000000) | O30: =IF(I30="","",(1/I30)*1000000)
A31: T4 | B31: AI/AO/Host Comm. | C31: Interrupts | D31: 11534 | E31: Err | F31: Err | J31: =IF(D31="","",(1/D31)*1000000) -> 86.700191 | K31: =IF(E31="","",(1/E31)*1000000) -> #VALUE! | L31: =IF(F31="","",(1/F31)*1000000) -> #VALUE! | M31: =IF(G31="","",(1/G31)*1000000) | N31: =IF(H31="","",(1/H31)*1000000) | O31: =IF(I31="","",(1/I31)*1000000)
A32: 9033_sp_online_int_reboots_17.0d65
A33: Result Improvement vs. LV RT 16.0 released (with out UI)
A34: Test | D34: Number of Channels (%) | J34: Number of Channels, Difference in Period (uS)
A35: Acronym | B35: Description | C35: I/O Mode | D35: 1 | E35: 4 | F35: 16 | G35: 32 | H35: 64 | I35: 80 | J35: 1 | K35: 4 | L35: 16 | M35: 32 | N35: 64 | O35: 80
A36: T1a | B36: AI / AO | C36: Polling | D36: =IF(D26="","",(D26-'2016'!D5)/'2016'!D5) -> -0.15104655 | E36: =IF(E26="","",(E26-'2016'!E5)/'2016'!E5) -> -0.096546233 | F36: =IF(F26="","",(F26-'2016'!F5)/'2016'!F5) -> -0.0049632038 | G36: =IF(G26="","",(G26-#REF!)/#REF!) | H36: =IF(H26="","",(H26-#REF!)/#REF!) | I36: =IF(I26="","",(I26-#REF!)/#REF!) | J36: =J26-'2015'!J56 -> 39.569785 | K36: =K26-'2015'!K56 -> 66.989102 | L36: =L26-'2015'!L56 -> 185.94329 | M36: =IF(G36="","",M26-((1/Comparisons!#REF!)*1000000)) | N36: =IF(H36="","",N26-((1/Comparisons!#REF!)*1000000)) | O36: =IF(I36="","",O26-((1/Comparisons!#REF!)*1000000))
A37: T1b | B37: AI / AO | C37: Interrupts | D37: =IF(D27="","",(D27-'2016'!D6)/'2016'!D6) -> 0.080595414 | E37: =IF(E27="","",(E27-'2016'!E6)/'2016'!E6) -> 0.0093242245 | F37: =IF(F27="","",(F27-'2016'!F6)/'2016'!F6) -> 0.0025120368 | G37: =IF(G27="","",(G27-#REF!)/#REF!) | H37: =IF(H27="","",(H27-#REF!)/#REF!) | I37: =IF(I27="","",(I27-#REF!)/#REF!) | J37: =J27-'2015'!J57 -> 64.833703 | K37: =K27-'2015'!K57 -> 94.775559 | L37: =L27-'2015'!L57 -> 211.67996 | M37: =IF(G37="","",M27-((1/Comparisons!#REF!)*1000000)) | N37: =IF(H37="","",N27-((1/Comparisons!#REF!)*1000000)) | O37: =IF(I37="","",O27-((1/Comparisons!#REF!)*1000000))
A38: T2a | B38: AI/PID/AO | C38: Polling | D38: =IF(D28="","",(D28-'2016'!D7)/'2016'!D7) -> #VALUE! | E38: =IF(E28="","",(E28-'2016'!E7)/'2016'!E7) -> #VALUE! | F38: =IF(F28="","",(F28-'2016'!F7)/'2016'!F7) -> #VALUE! | G38: =IF(G28="","",(G28-#REF!)/#REF!) | H38: =IF(H28="","",(H28-#REF!)/#REF!) | I38: =IF(I28="","",(I28-#REF!)/#REF!) | J38: =J28-'2015'!J58 -> #VALUE! | K38: =K28-'2015'!K58 -> #VALUE! | L38: =L28-'2015'!L58 -> #VALUE! | M38: =IF(G38="","",M28-((1/Comparisons!#REF!)*1000000)) | N38: =IF(H38="","",N28-((1/Comparisons!#REF!)*1000000)) | O38: =IF(I38="","",O28-((1/Comparisons!#REF!)*1000000))
A39: T2b | B39: AI/PID/AO | C39: Interrupts | D39: =IF(D30="","",(D30-'2016'!D8)/'2016'!D8) -> -0.020931522 | E39: =IF(E29="","",(E29-'2016'!E8)/'2016'!E8) -> #VALUE! | F39: =IF(F29="","",(F29-'2016'!F8)/'2016'!F8) -> #VALUE! | G39: =IF(G29="","",(G29-#REF!)/#REF!) | H39: =IF(H29="","",(H29-#REF!)/#REF!) | I39: =IF(I29="","",(I29-#REF!)/#REF!) | J39: =J29-'2015'!J59 -> 86.487078 | K39: =K29-'2015'!K59 -> #VALUE! | L39: =L29-'2015'!L59 -> #VALUE! | M39: =IF(G39="","",M29-((1/Comparisons!#REF!)*1000000)) | N39: =IF(H39="","",N29-((1/Comparisons!#REF!)*1000000)) | O39: =IF(I39="","",O29-((1/Comparisons!#REF!)*1000000))
A40: T3 | B40: AI/AO/Local Logging | C40: Interrupts | D40: =IF(#REF!="","",(#REF!-'2016'!D9)/'2016'!D9) -> #REF! | E40: =IF(E30="","",(E30-'2016'!E9)/'2016'!E9) -> #VALUE! | F40: =IF(F30="","",(F30-'2016'!F9)/'2016'!F9) -> #VALUE! | G40: =IF(G30="","",(G30-#REF!)/#REF!) | H40: =IF(H30="","",(H30-#REF!)/#REF!) | I40: =IF(I30="","",(I30-#REF!)/#REF!) | J40: =J30-'2015'!J60 -> #REF! | K40: =K30-'2015'!K60 -> #VALUE! | L40: =L30-'2015'!L60 -> #VALUE! | M40: =IF(G40="","",M30-((1/Comparisons!#REF!)*1000000)) | N40: =IF(H40="","",N30-((1/Comparisons!#REF!)*1000000)) | O40: =IF(I40="","",O30-((1/Comparisons!#REF!)*1000000))
A41: T4 | B41: AI/AO/Host Comm. | C41: Interrupts | D41: =IF(D31="","",(D31-'2016'!D10)/'2016'!D10) -> -0.066979453 | E41: =IF(E31="","",(E31-'2016'!E10)/'2016'!E10) -> #VALUE! | F41: =IF(F31="","",(F31-'2016'!F10)/'2016'!F10) -> #VALUE! | G41: =IF(G31="","",(G31-#REF!)/#REF!) | H41: =IF(H31="","",(H31-#REF!)/#REF!) | I41: =IF(I31="","",(I31-#REF!)/#REF!) | J41: =J31-'2015'!J61 -> 86.700191 | K41: =K31-'2015'!K61 -> #VALUE! | L41: =L31-'2015'!L61 -> #VALUE! | M41: =IF(G41="","",M31-((1/Comparisons!#REF!)*1000000)) | N41: =IF(H41="","",N31-((1/Comparisons!#REF!)*1000000)) | O41: =IF(I41="","",O31-((1/Comparisons!#REF!)*1000000))
A43: LV RT 2017 cRIO Single-Point Benchmark Results (Hz)
A44: cRIO-9033 LV RT 17.0d75, NI-RIO 16.0
A45: Test | D45: Number of Channels, Rate (Hz) | J45: Number of Channels, Period (uS)
A46: Case | B46: Description | C46: I/O Mode | D46: 1 | E46: 4 | F46: 16 | G46: 32 | H46: 64 | I46: 80 | J46: 1 | K46: 4 | L46: 16 | M46: 32 | N46: 64 | O46: 80
A47: T1a | B47: AI / AO | C47: Polling | D47: 38236 | E47: 19350 | F47: 5837 | J47: =IF(D47="","",(1/D47)*1000000) -> 26.153363 | K47: =IF(E47="","",(1/E47)*1000000) -> 51.679587 | L47: =IF(F47="","",(1/F47)*1000000) -> 171.32088 | M47: =IF(G47="","",(1/G47)*1000000) | N47: =IF(H47="","",(1/H47)*1000000) | O47: =IF(I47="","",(1/I47)*1000000)
A48: T1b | B48: AI / AO | C48: Interrupts | D48: 15897 | E48: 11246 | F48: 4876 | J48: =IF(D48="","",(1/D48)*1000000) -> 62.904951 | K48: =IF(E48="","",(1/E48)*1000000) -> 88.920505 | L48: =IF(F48="","",(1/F48)*1000000) -> 205.08614 | M48: =IF(G48="","",(1/G48)*1000000) | N48: =IF(H48="","",(1/H48)*1000000) | O48: =IF(I48="","",(1/I48)*1000000)
A49: T2a | B49: AI/PID/AO | C49: Polling | D49: Err | E49: Err | F49: Err | J49: =IF(D49="","",(1/D49)*1000000) -> #VALUE! | K49: =IF(E49="","",(1/E49)*1000000) -> #VALUE! | L49: =IF(F49="","",(1/F49)*1000000) -> #VALUE! | M49: =IF(G49="","",(1/G49)*1000000) | N49: =IF(H49="","",(1/H49)*1000000) | O49: =IF(I49="","",(1/I49)*1000000)
A50: T2b | B50: AI/PID/AO | C50: Interrupts | D50: Err | E50: Err | F50: Err | J50: =IF(D51="","",(1/D51)*1000000) -> 73.346047 | K50: =IF(E50="","",(1/E50)*1000000) -> #VALUE! | L50: =IF(F50="","",(1/F50)*1000000) -> #VALUE! | M50: =IF(G50="","",(1/G50)*1000000) | N50: =IF(H50="","",(1/H50)*1000000) | O50: =IF(I50="","",(1/I50)*1000000)
A51: T3 | B51: AI/AO/Local Logging | C51: Interrupts | D51: 13634 | E51: Err | F51: Err | J51: =IF(#REF!="","",(1/#REF!)*1000000) -> #REF! | K51: =IF(E51="","",(1/E51)*1000000) -> #VALUE! | L51: =IF(F51="","",(1/F51)*1000000) -> #VALUE! | M51: =IF(G51="","",(1/G51)*1000000) | N51: =IF(H51="","",(1/H51)*1000000) | O51: =IF(I51="","",(1/I51)*1000000)
A52: T4 | B52: AI/AO/Host Comm. | C52: Interrupts | D52: Err | E52: Err | F52: Err | J52: =IF(D52="","",(1/D52)*1000000) -> #VALUE! | K52: =IF(E52="","",(1/E52)*1000000) -> #VALUE! | L52: =IF(F52="","",(1/F52)*1000000) -> #VALUE! | M52: =IF(G52="","",(1/G52)*1000000) | N52: =IF(H52="","",(1/H52)*1000000) | O52: =IF(I52="","",(1/I52)*1000000)
A53: 9033_sp_online_int_reboots_17.0d75 | E53: CAR :607849
A54: Result Improvement vs. LV RT 16.0 released (with out UI)
A55: Test | D55: Number of Channels (%) | J55: Number of Channels, Difference in Period (uS)
A56: Acronym | B56: Description | C56: I/O Mode | D56: 1 | E56: 4 | F56: 16 | G56: 32 | H56: 64 | I56: 80 | J56: 1 | K56: 4 | L56: 16 | M56: 32 | N56: 64 | O56: 80
A57: T1a | B57: AI / AO | C57: Polling | D57: =IF(D47="","",(D47-'2016'!D5)/'2016'!D5) -> -0.14678449 | E57: =IF(E47="","",(E47-'2016'!E5)/'2016'!E5) -> -0.037025978 | F57: =IF(F47="","",(F47-'2016'!F5)/'2016'!F5) -> -0.0010268698 | G57: =IF(G47="","",(G47-#REF!)/#REF!) | H57: =IF(H47="","",(H47-#REF!)/#REF!) | I57: =IF(I47="","",(I47-#REF!)/#REF!) | J57: =J47-'2015'!J77 -> 17.523987 | K57: =K47-'2015'!K77 -> 44.841251 | L57: =L47-'2015'!L77 -> 161.4476 | M57: =IF(G57="","",M47-((1/Comparisons!#REF!)*1000000)) | N57: =IF(H57="","",N47-((1/Comparisons!#REF!)*1000000)) | O57: =IF(I57="","",O47-((1/Comparisons!#REF!)*1000000))
A58: T1b | B58: AI / AO | C58: Interrupts | D58: =IF(D48="","",(D48-'2016'!D6)/'2016'!D6) -> 0.065911224 | E58: =IF(E48="","",(E48-'2016'!E6)/'2016'!E6) -> 0.038220089 | F58: =IF(F48="","",(F48-'2016'!F6)/'2016'!F6) -> 0.020724304 | G58: =IF(G48="","",(G48-#REF!)/#REF!) | H58: =IF(H48="","",(H48-#REF!)/#REF!) | I58: =IF(I48="","",(I48-#REF!)/#REF!) | J58: =J48-'2015'!J78 -> 62.638139 | K58: =K48-'2015'!K78 -> 88.920505 | L58: =L48-'2015'!L78 -> 204.94772 | M58: =IF(G58="","",M48-((1/Comparisons!#REF!)*1000000)) | N58: =IF(H58="","",N48-((1/Comparisons!#REF!)*1000000)) | O58: =IF(I58="","",O48-((1/Comparisons!#REF!)*1000000))
A59: T2a | B59: AI/PID/AO | C59: Polling | D59: =IF(D49="","",(D49-'2016'!D7)/'2016'!D7) -> #VALUE! | E59: =IF(E49="","",(E49-'2016'!E28)/'2016'!E28) -> #VALUE! | F59: =IF(F49="","",(F49-'2016'!F28)/'2016'!F28) -> #VALUE! | G59: =IF(G49="","",(G49-#REF!)/#REF!) | H59: =IF(H49="","",(H49-#REF!)/#REF!) | I59: =IF(I49="","",(I49-#REF!)/#REF!) | J59: =J49-'2015'!J79 -> #VALUE! | K59: =K49-'2015'!K79 -> #VALUE! | L59: =L49-'2015'!L79 -> #VALUE! | M59: =IF(G59="","",M49-((1/Comparisons!#REF!)*1000000)) | N59: =IF(H59="","",N49-((1/Comparisons!#REF!)*1000000)) | O59: =IF(I59="","",O49-((1/Comparisons!#REF!)*1000000))
A60: T2b | B60: AI/PID/AO | C60: Interrupts | D60: =IF(D50="","",(D50-'2016'!D8)/'2016'!D8) -> #VALUE! | E60: =IF(E50="","",(E50-'2016'!E29)/'2016'!E29) -> #VALUE! | F60: =IF(F50="","",(F50-'2016'!F29)/'2016'!F29) -> #VALUE! | G60: =IF(G50="","",(G50-#REF!)/#REF!) | H60: =IF(H50="","",(H50-#REF!)/#REF!) | I60: =IF(I50="","",(I50-#REF!)/#REF!) | J60: =J50-'2015'!J80 -> 79.589867 | K60: =K50-'2015'!K80 -> #VALUE! | L60: =L50-'2015'!L80 -> #VALUE! | M60: =IF(G60="","",M50-((1/Comparisons!#REF!)*1000000)) | N60: =IF(H60="","",N50-((1/Comparisons!#REF!)*1000000)) | O60: =IF(I60="","",O50-((1/Comparisons!#REF!)*1000000))
A61: T3 | B61: AI/AO/Local Logging | C61: Interrupts | D61: =IF(D51="","",(D51-'2016'!D9)/'2016'!D9) -> 0.010899385 | E61: =IF(E51="","",(E51-'2016'!E30)/'2016'!E30) -> #VALUE! | F61: =IF(F51="","",(F51-'2016'!F30)/'2016'!F30) -> #VALUE! | G61: =IF(G51="","",(G51-#REF!)/#REF!) | H61: =IF(H51="","",(H51-#REF!)/#REF!) | I61: =IF(I51="","",(I51-#REF!)/#REF!) | J61: =J51-'2015'!J81 -> #REF! | K61: =K51-'2015'!K81 -> #VALUE! | L61: =L51-'2015'!L81 -> #VALUE! | M61: =IF(G61="","",M51-((1/Comparisons!#REF!)*1000000)) | N61: =IF(H61="","",N51-((1/Comparisons!#REF!)*1000000)) | O61: =IF(I61="","",O51-((1/Comparisons!#REF!)*1000000))
A62: T4 | B62: AI/AO/Host Comm. | C62: Interrupts | D62: =IF(D52="","",(D52-'2016'!D10)/'2016'!D10) -> #VALUE! | E62: =IF(E52="","",(E52-'2016'!E31)/'2016'!E31) -> #VALUE! | F62: =IF(F52="","",(F52-'2016'!F31)/'2016'!F31) -> #VALUE! | G62: =IF(G52="","",(G52-#REF!)/#REF!) | H62: =IF(H52="","",(H52-#REF!)/#REF!) | I62: =IF(I52="","",(I52-#REF!)/#REF!) | J62: =J52-'2015'!J82 -> #VALUE! | K62: =K52-'2015'!K82 -> #VALUE! | L62: =L52-'2015'!L82 -> #VALUE! | M62: =IF(G62="","",M52-((1/Comparisons!#REF!)*1000000)) | N62: =IF(H62="","",N52-((1/Comparisons!#REF!)*1000000)) | O62: =IF(I62="","",O52-((1/Comparisons!#REF!)*1000000))
A64: LV RT 2017 cRIO Single-Point Benchmark Results (Hz)
A65: cRIO-9033 LV RT 17.0d80, NI-RIO 16.0
A66: Test | D66: Number of Channels, Rate (Hz) | J66: Number of Channels, Period (uS)
A67: Case | B67: Description | C67: I/O Mode | D67: 1 | E67: 4 | F67: 16 | G67: 32 | H67: 64 | I67: 80 | J67: 1 | K67: 4 | L67: 16 | M67: 32 | N67: 64 | O67: 80
A68: T1a | B68: AI / AO | C68: Polling | D68: 40670 | E68: 19671 | F68: 5843 | J68: =IF(D68="","",(1/D68)*1000000) -> 24.588149 | K68: =IF(E68="","",(1/E68)*1000000) -> 50.836256 | L68: =IF(F68="","",(1/F68)*1000000) -> 171.14496 | M68: =IF(G68="","",(1/G68)*1000000) | N68: =IF(H68="","",(1/H68)*1000000) | O68: =IF(I68="","",(1/I68)*1000000)
A69: T1b | B69: AI / AO | C69: Interrupts | D69: 15977 | E69: 11023 | F69: 4780 | J69: =IF(D69="","",(1/D69)*1000000) -> 62.589973 | K69: =IF(E69="","",(1/E69)*1000000) -> 90.719405 | L69: =IF(F69="","",(1/F69)*1000000) -> 209.20502 | M69: =IF(G69="","",(1/G69)*1000000) | N69: =IF(H69="","",(1/H69)*1000000) | O69: =IF(I69="","",(1/I69)*1000000)
A70: T2a | B70: AI/PID/AO | C70: Polling | D70: Err | E70: Err | F70: Err | J70: =IF(D70="","",(1/D70)*1000000) -> #VALUE! | K70: =IF(E70="","",(1/E70)*1000000) -> #VALUE! | L70: =IF(F70="","",(1/F70)*1000000) -> #VALUE! | M70: =IF(G70="","",(1/G70)*1000000) | N70: =IF(H70="","",(1/H70)*1000000) | O70: =IF(I70="","",(1/I70)*1000000)
A71: T2b | B71: AI/PID/AO | C71: Interrupts | D71: Err | E71: Err | F71: Err | J71: =IF(D72="","",(1/D72)*1000000) -> 71.890726 | K71: =IF(E71="","",(1/E71)*1000000) -> #VALUE! | L71: =IF(F71="","",(1/F71)*1000000) -> #VALUE! | M71: =IF(G71="","",(1/G71)*1000000) | N71: =IF(H71="","",(1/H71)*1000000) | O71: =IF(I71="","",(1/I71)*1000000)
A72: T3 | B72: AI/AO/Local Logging | C72: Interrupts | D72: 13910 | E72: Err | F72: Err | J72: =IF(#REF!="","",(1/#REF!)*1000000) -> #REF! | K72: =IF(E72="","",(1/E72)*1000000) -> #VALUE! | L72: =IF(F72="","",(1/F72)*1000000) -> #VALUE! | M72: =IF(G72="","",(1/G72)*1000000) | N72: =IF(H72="","",(1/H72)*1000000) | O72: =IF(I72="","",(1/I72)*1000000)
A73: T4 | B73: AI/AO/Host Comm. | C73: Interrupts | D73: Err | E73: Err | F73: Err | J73: =IF(D73="","",(1/D73)*1000000) -> #VALUE! | K73: =IF(E73="","",(1/E73)*1000000) -> #VALUE! | L73: =IF(F73="","",(1/F73)*1000000) -> #VALUE! | M73: =IF(G73="","",(1/G73)*1000000) | N73: =IF(H73="","",(1/H73)*1000000) | O73: =IF(I73="","",(1/I73)*1000000)
A74: 9033_sp_online_int_reboots_17.0d80 | E74: CAR : 607849
A75: Result Improvement vs. LV RT 16.0 released (with out UI)
A76: Test | D76: Number of Channels (%) | J76: Number of Channels, Difference in Period (uS)
A77: Acronym | B77: Description | C77: I/O Mode | D77: 1 | E77: 4 | F77: 16 | G77: 32 | H77: 64 | I77: 80 | J77: 1 | K77: 4 | L77: 16 | M77: 32 | N77: 64 | O77: 80
A78: T1a | B78: AI / AO | C78: Polling | D78: =IF(D68="","",(D68-'2016'!D5)/'2016'!D5) -> -0.092471103 | E78: =IF(E68="","",(E68-'2016'!E5)/'2016'!E5) -> -0.02105106 | F78: =IF(F68="","",(F68-'2016'!F5)/'2016'!F5) -> 0 | G78: =IF(G68="","",(G68-#REF!)/#REF!) | H78: =IF(H68="","",(H68-#REF!)/#REF!) | I78: =IF(I68="","",(I68-#REF!)/#REF!) | J78: =J68-'2015'!J98 -> 24.458065 | K78: =K68-'2015'!K98 -> 51.570164 | L78: =L68-'2015'!L98 -> 170.80034 | M78: =IF(G78="","",M68-((1/Comparisons!#REF!)*1000000)) | N78: =IF(H78="","",N68-((1/Comparisons!#REF!)*1000000)) | O78: =IF(I78="","",O68-((1/Comparisons!#REF!)*1000000))
A79: T1b | B79: AI / AO | C79: Interrupts | D79: =IF(D69="","",(D69-'2016'!D6)/'2016'!D6) -> 0.071275312 | E79: =IF(E69="","",(E69-'2016'!E6)/'2016'!E6) -> 0.017632939 | F79: =IF(F69="","",(F69-'2016'!F6)/'2016'!F6) -> 0.00062800921 | G79: =IF(G69="","",(G69-#REF!)/#REF!) | H79: =IF(H69="","",(H69-#REF!)/#REF!) | I79: =IF(I69="","",(I69-#REF!)/#REF!) | J79: =J69-'2015'!J99 -> 55.612903 | K79: =K69-'2015'!K99 -> 84.070963 | L79: =L69-'2015'!L99 -> 197.3938 | M79: =IF(G79="","",M69-((1/Comparisons!#REF!)*1000000)) | N79: =IF(H79="","",N69-((1/Comparisons!#REF!)*1000000)) | O79: =IF(I79="","",O69-((1/Comparisons!#REF!)*1000000))
A80: T2a | B80: AI/PID/AO | C80: Polling | D80: =IF(D70="","",(D70-'2016'!D7)/'2016'!D7) -> #VALUE! | E80: =IF(E70="","",(E70-'2016'!E7)/'2016'!E7) -> #VALUE! | F80: =IF(F70="","",(F70-'2016'!F49)/'2016'!F49) -> #VALUE! | G80: =IF(G70="","",(G70-#REF!)/#REF!) | H80: =IF(H70="","",(H70-#REF!)/#REF!) | I80: =IF(I70="","",(I70-#REF!)/#REF!) | J80: =J70-'2015'!J100 -> #VALUE! | K80: =K70-'2015'!K100 -> #VALUE! | L80: =L70-'2015'!L100 -> #VALUE! | M80: =IF(G80="","",M70-((1/Comparisons!#REF!)*1000000)) | N80: =IF(H80="","",N70-((1/Comparisons!#REF!)*1000000)) | O80: =IF(I80="","",O70-((1/Comparisons!#REF!)*1000000))
A81: T2b | B81: AI/PID/AO | C81: Interrupts | D81: =IF(D71="","",(D71-'2016'!D8)/'2016'!D8) -> #VALUE! | E81: =IF(E71="","",(E71-'2016'!E8)/'2016'!E8) -> #VALUE! | F81: =IF(F71="","",(F71-'2016'!F50)/'2016'!F50) -> #VALUE! | G81: =IF(G71="","",(G71-#REF!)/#REF!) | H81: =IF(H71="","",(H71-#REF!)/#REF!) | I81: =IF(I71="","",(I71-#REF!)/#REF!) | J81: =J71-'2015'!J101 -> 77.833248 | K81: =K71-'2015'!K101 -> #VALUE! | L81: =L71-'2015'!L101 -> #VALUE! | M81: =IF(G81="","",M71-((1/Comparisons!#REF!)*1000000)) | N81: =IF(H81="","",N71-((1/Comparisons!#REF!)*1000000)) | O81: =IF(I81="","",O71-((1/Comparisons!#REF!)*1000000))
A82: T3 | B82: AI/AO/Local Logging | C82: Interrupts | D82: =IF(D72="","",(D72-'2016'!D9)/'2016'!D9) -> 0.031363535 | E82: =IF(E72="","",(E72-'2016'!E9)/'2016'!E9) -> #VALUE! | F82: =IF(F72="","",(F72-'2016'!F51)/'2016'!F51) -> #VALUE! | G82: =IF(G72="","",(G72-#REF!)/#REF!) | H82: =IF(H72="","",(H72-#REF!)/#REF!) | I82: =IF(I72="","",(I72-#REF!)/#REF!) | J82: =J72-'2015'!J102 -> #REF! | K82: =K72-'2015'!K102 -> #VALUE! | L82: =L72-'2015'!L102 -> #VALUE! | M82: =IF(G82="","",M72-((1/Comparisons!#REF!)*1000000)) | N82: =IF(H82="","",N72-((1/Comparisons!#REF!)*1000000)) | O82: =IF(I82="","",O72-((1/Comparisons!#REF!)*1000000))
A83: T4 | B83: AI/AO/Host Comm. | C83: Interrupts | D83: =IF(D73="","",(D73-'2016'!D10)/'2016'!D10) -> #VALUE! | E83: =IF(E73="","",(E73-'2016'!E10)/'2016'!E10) -> #VALUE! | F83: =IF(F73="","",(F73-'2016'!F52)/'2016'!F52) -> #VALUE! | G83: =IF(G73="","",(G73-#REF!)/#REF!) | H83: =IF(H73="","",(H73-#REF!)/#REF!) | I83: =IF(I73="","",(I73-#REF!)/#REF!) | J83: =J73-'2015'!J103 -> #VALUE! | K83: =K73-'2015'!K103 -> #VALUE! | L83: =L73-'2015'!L103 -> #VALUE! | M83: =IF(G83="","",M73-((1/Comparisons!#REF!)*1000000)) | N83: =IF(H83="","",N73-((1/Comparisons!#REF!)*1000000)) | O83: =IF(I83="","",O73-((1/Comparisons!#REF!)*1000000))
A85: LV RT 2017 cRIO Single-Point Benchmark Results (Hz)
A86: cRIO-9033 LV RT 17.0d88, NI-RIO 16.0
A87: Test | D87: Number of Channels, Rate (Hz) | J87: Number of Channels, Period (uS)
A88: Case | B88: Description | C88: I/O Mode | D88: 1 | E88: 4 | F88: 16 | G88: 32 | H88: 64 | I88: 80 | J88: 1 | K88: 4 | L88: 16 | M88: 32 | N88: 64 | O88: 80
A89: T1a | B89: AI / AO | C89: Polling | D89: 42333 | E89: 19596 | F89: 5837 | J89: =IF(D89="","",(1/D89)*1000000) -> 23.622233 | K89: =IF(E89="","",(1/E89)*1000000) -> 51.030823 | L89: =IF(F89="","",(1/F89)*1000000) -> 171.32088 | M89: =IF(G89="","",(1/G89)*1000000) | N89: =IF(H89="","",(1/H89)*1000000) | O89: =IF(I89="","",(1/I89)*1000000)
A90: T1b | B90: AI / AO | C90: Interrupts | D90: 16440 | E90: 11095 | F90: 4876 | J90: =IF(D90="","",(1/D90)*1000000) -> 60.827251 | K90: =IF(E90="","",(1/E90)*1000000) -> 90.130689 | L90: =IF(F90="","",(1/F90)*1000000) -> 205.08614 | M90: =IF(G90="","",(1/G90)*1000000) | N90: =IF(H90="","",(1/H90)*1000000) | O90: =IF(I90="","",(1/I90)*1000000)
A91: T2a | B91: AI/PID/AO | C91: Polling | D91: 38177 | E91: 17967 | F91: 5608 | J91: =IF(D91="","",(1/D91)*1000000) -> 26.193782 | K91: =IF(E91="","",(1/E91)*1000000) -> 55.657594 | L91: =IF(F91="","",(1/F91)*1000000) -> 178.31669 | M91: =IF(G91="","",(1/G91)*1000000) | N91: =IF(H91="","",(1/H91)*1000000) | O91: =IF(I91="","",(1/I91)*1000000)
A92: T2b | B92: AI/PID/AO | C92: Interrupts | D92: 14909 | E92: 10357 | F92: 4635 | J92: =IF(D93="","",(1/D93)*1000000) -> 74.73283 | K92: =IF(E92="","",(1/E92)*1000000) -> 96.553056 | L92: =IF(F92="","",(1/F92)*1000000) -> 215.74973 | M92: =IF(G92="","",(1/G92)*1000000) | N92: =IF(H92="","",(1/H92)*1000000) | O92: =IF(I92="","",(1/I92)*1000000)
A93: T3 | B93: AI/AO/Local Logging | C93: Interrupts | D93: 13381 | E93: Err | F93: Err | J93: =IF(#REF!="","",(1/#REF!)*1000000) -> #REF! | K93: =IF(E93="","",(1/E93)*1000000) -> #VALUE! | L93: =IF(F93="","",(1/F93)*1000000) -> #VALUE! | M93: =IF(G93="","",(1/G93)*1000000) | N93: =IF(H93="","",(1/H93)*1000000) | O93: =IF(I93="","",(1/I93)*1000000)
A94: T4 | B94: AI/AO/Host Comm. | C94: Interrupts | D94: Err | E94: Err | F94: Err | J94: =IF(D94="","",(1/D94)*1000000) -> #VALUE! | K94: =IF(E94="","",(1/E94)*1000000) -> #VALUE! | L94: =IF(F94="","",(1/F94)*1000000) -> #VALUE! | M94: =IF(G94="","",(1/G94)*1000000) | N94: =IF(H94="","",(1/H94)*1000000) | O94: =IF(I94="","",(1/I94)*1000000)
A95: 9033_sp_online_int_reboots_17.0d88 | E95: T2 Cases were run again | H95: CAR : 607849
A96: Result Improvement vs. LV RT 16.0 released (with out UI)
A97: Test | D97: Number of Channels (%) | J97: Number of Channels, Difference in Period (uS)
A98: Acronym | B98: Description | C98: I/O Mode | D98: 1 | E98: 4 | F98: 16 | G98: 32 | H98: 64 | I98: 80 | J98: 1 | K98: 4 | L98: 16 | M98: 32 | N98: 64 | O98: 80
A99: T1a | B99: AI / AO | C99: Polling | D99: =IF(D89="","",(D89-'2016'!D5)/'2016'!D5) -> -0.055362164 | E99: =IF(E89="","",(E89-'2016'!E5)/'2016'!E5) -> -0.024783517 | F99: =IF(F89="","",(F89-'2016'!F5)/'2016'!F5) -> -0.0010268698 | G99: =IF(G89="","",(G89-#REF!)/#REF!) | H99: =IF(H89="","",(H89-#REF!)/#REF!) | I99: =IF(I89="","",(I89-#REF!)/#REF!) | J99: =J89-'2015'!J119 -> 26.666285 | K99: =K89-'2015'!K119 -> 52.866838 | L99: =L89-'2015'!L119 -> 174.30837 | M99: =IF(G99="","",M89-((1/Comparisons!#REF!)*1000000)) | N99: =IF(H99="","",N89-((1/Comparisons!#REF!)*1000000)) | O99: =IF(I99="","",O89-((1/Comparisons!#REF!)*1000000))
A100: T1b | B100: AI / AO | C100: Interrupts | D100: =IF(D90="","",(D90-'2016'!D6)/'2016'!D6) -> 0.10231997 | E100: =IF(E90="","",(E90-'2016'!E6)/'2016'!E6) -> 0.024279911 | F100: =IF(F90="","",(F90-'2016'!F6)/'2016'!F6) -> 0.020724304 | G100: =IF(G90="","",(G90-#REF!)/#REF!) | H100: =IF(H90="","",(H90-#REF!)/#REF!) | I100: =IF(I90="","",(I90-#REF!)/#REF!) | J100: =J90-'2015'!J120 -> 67.071071 | K100: =K90-'2015'!K120 -> 95.084711 | L100: =L90-'2015'!L120 -> 207.63348 | M100: =IF(G100="","",M90-((1/Comparisons!#REF!)*1000000)) | N100: =IF(H100="","",N90-((1/Comparisons!#REF!)*1000000)) | O100: =IF(I100="","",O90-((1/Comparisons!#REF!)*1000000))
A101: T2a | B101: AI/PID/AO | C101: Polling | D101: =IF(D91="","",(D91-'2016'!D7)/'2016'!D7) -> -0.12101398 | E101: =IF(E91="","",(E91-'2016'!E7)/'2016'!E7) -> -0.02060507 | F101: =IF(F91="","",(F91-'2016'!F7)/'2016'!F7) -> -0.0051445805 | G101: =IF(G91="","",(G91-#REF!)/#REF!) | H101: =IF(H91="","",(H91-#REF!)/#REF!) | I101: =IF(I91="","",(I91-#REF!)/#REF!) | J101: =J91-'2015'!J121 -> 27.625794 | K101: =K91-'2015'!K121 -> 38.54626 | L101: =L91-'2015'!L121 -> 182.47271 | M101: =IF(G101="","",M91-((1/Comparisons!#REF!)*1000000)) | N101: =IF(H101="","",N91-((1/Comparisons!#REF!)*1000000)) | O101: =IF(I101="","",O91-((1/Comparisons!#REF!)*1000000))
A102: T2b | B102: AI/PID/AO | C102: Interrupts | D102: =IF(D92="","",(D92-'2016'!D8)/'2016'!D8) -> 0.033337954 | E102: =IF(E92="","",(E92-'2016'!E8)/'2016'!E8) -> 0.012018761 | F102: =IF(F92="","",(F92-'2016'!F8)/'2016'!F8) -> 0.013336248 | G102: =IF(G92="","",(G92-#REF!)/#REF!) | H102: =IF(H92="","",(H92-#REF!)/#REF!) | I102: =IF(I92="","",(I92-#REF!)/#REF!) | J102: =J92-'2015'!J122 -> 74.73283 | K102: =K92-'2015'!K122 -> 96.553056 | L102: =L92-'2015'!L122 -> 215.74973 | M102: =IF(G102="","",M92-((1/Comparisons!#REF!)*1000000)) | N102: =IF(H102="","",N92-((1/Comparisons!#REF!)*1000000)) | O102: =IF(I102="","",O92-((1/Comparisons!#REF!)*1000000))
A103: T3 | B103: AI/AO/Local Logging | C103: Interrupts | D103: =IF(D93="","",(D93-'2016'!D9)/'2016'!D9) -> -0.0078594202 | E103: =IF(E93="","",(E93-'2016'!E9)/'2016'!E9) -> #VALUE! | F103: =IF(F93="","",(F93-'2016'!F9)/'2016'!F9) -> #VALUE! | G103: =IF(G93="","",(G93-#REF!)/#REF!) | H103: =IF(H93="","",(H93-#REF!)/#REF!) | I103: =IF(I93="","",(I93-#REF!)/#REF!) | J103: =J93-'2015'!J123 -> #REF! | K103: =K93-'2015'!K123 -> #VALUE! | L103: =L93-'2015'!L123 -> #VALUE! | M103: =IF(G103="","",M93-((1/Comparisons!#REF!)*1000000)) | N103: =IF(H103="","",N93-((1/Comparisons!#REF!)*1000000)) | O103: =IF(I103="","",O93-((1/Comparisons!#REF!)*1000000))
A104: T4 | B104: AI/AO/Host Comm. | C104: Interrupts | D104: =IF(D94="","",(D94-'2016'!D10)/'2016'!D10) -> #VALUE! | E104: =IF(E94="","",(E94-'2016'!E10)/'2016'!E10) -> #VALUE! | F104: =IF(F94="","",(F94-'2016'!F10)/'2016'!F10) -> #VALUE! | G104: =IF(G94="","",(G94-#REF!)/#REF!) | H104: =IF(H94="","",(H94-#REF!)/#REF!) | I104: =IF(I94="","",(I94-#REF!)/#REF!) | J104: =J94-'2015'!J124 -> #VALUE! | K104: =K94-'2015'!K124 -> #VALUE! | L104: =L94-'2015'!L124 -> #VALUE! | M104: =IF(G104="","",M94-((1/Comparisons!#REF!)*1000000)) | N104: =IF(H104="","",N94-((1/Comparisons!#REF!)*1000000)) | O104: =IF(I104="","",O94-((1/Comparisons!#REF!)*1000000))
...

Sheet NIB 2017
A1: LV RT 2017 cRIO Single-Point Benchmark Results (Hz)
A2: cRIO-9033 LV RT 17.0d65, NI-RIO 16.0
A3: Test | D3: Number of Channels, Rate (Hz) | J3: Number of Channels, Period (uS)
A4: Case | B4: Description | C4: I/O Mode | D4: 1 | E4: 4 | F4: 16 | G4: 32 | H4: 64 | I4: 80 | J4: 1 | K4: 4 | L4: 16 | M4: 32 | N4: 64 | O4: 80
A5: T1a | B5: AI / AO | C5: Polling | D5: 35555 | E5: 18154 | F5: 5837 | J5: =IF(D5="","",(1/D5)*1000000) -> 28.125439 | K5: =IF(E5="","",(1/E5)*1000000) -> 55.084279 | L5: =IF(F5="","",(1/F5)*1000000) -> 171.32088 | M5: =IF(G5="","",(1/G5)*1000000) | N5: =IF(H5="","",(1/H5)*1000000) | O5: =IF(I5="","",(1/I5)*1000000)
A6: T1b | B6: AI / AO | C6: Interrupts | D6: 13772 | E6: 10451 | F6: 4697 | J6: =IF(D6="","",(1/D6)*1000000) -> 72.611095 | K6: =IF(E6="","",(1/E6)*1000000) -> 95.684623 | L6: =IF(F6="","",(1/F6)*1000000) -> 212.90185 | M6: =IF(G6="","",(1/G6)*1000000) | N6: =IF(H6="","",(1/H6)*1000000) | O6: =IF(I6="","",(1/I6)*1000000)
A7: T2a | B7: AI/PID/AO | C7: Polling | D7: 31701 | E7: 17058 | F7: 5589 | J7: =IF(D7="","",(1/D7)*1000000) -> 31.544746 | K7: =IF(E7="","",(1/E7)*1000000) -> 58.62352 | L7: =IF(F7="","",(1/F7)*1000000) -> 178.92288 | M7: =IF(G7="","",(1/G7)*1000000) | N7: =IF(H7="","",(1/H7)*1000000) | O7: =IF(I7="","",(1/I7)*1000000)
A8: T2b | B8: AI/PID/AO | C8: Interrupts | D8: 14839 | E8: 10100 | F8: 4481 | J8: =IF(D8="","",(1/D8)*1000000) -> 67.389986 | K8: =IF(E8="","",(1/E8)*1000000) -> 99.009901 | L8: =IF(F8="","",(1/F8)*1000000) -> 223.16447 | M8: =IF(G8="","",(1/G8)*1000000) | N8: =IF(H8="","",(1/H8)*1000000) | O8: =IF(I8="","",(1/I8)*1000000)
A9: T3 | B9: AI/AO/Local Logging | C9: Interrupts | D9: 11534 | E9: Err | F9: Err | J9: =IF(D9="","",(1/D9)*1000000) -> 86.700191 | K9: =IF(E9="","",(1/E9)*1000000) -> #VALUE! | L9: =IF(F9="","",(1/F9)*1000000) -> #VALUE! | M9: =IF(G9="","",(1/G9)*1000000) | N9: =IF(H9="","",(1/H9)*1000000) | O9: =IF(I9="","",(1/I9)*1000000)
A10: T4 | B10: AI/AO/Host Comm. | C10: Interrupts | D10: 11477 | E10: Err | F10: Err | J10: =IF(D10="","",(1/D10)*1000000) -> 87.130783 | K10: =IF(E10="","",(1/E10)*1000000) -> #VALUE! | L10: =IF(F10="","",(1/F10)*1000000) -> #VALUE! | M10: =IF(G10="","",(1/G10)*1000000) | N10: =IF(H10="","",(1/H10)*1000000) | O10: =IF(I10="","",(1/I10)*1000000)
A11: Worst of 100 iterations 9033_sp_online_int_reboots_17.0d65 | E11: T2 Cases were run again | H11: CAR : 607849
A12: Result Improvement vs. LV RT 16.0 released (with out UI)
A13: Test | D13: Number of Channels (%) | J13: Number of Channels, Difference in Period (uS)
A14: Acronym | B14: Description | C14: I/O Mode | D14: 1 | E14: 4 | F14: 16 | G14: 32 | H14: 64 | I14: 80 | J14: 1 | K14: 4 | L14: 16 | M14: 32 | N14: 64 | O14: 80
A15: T1a | B15: AI / AO | C15: Polling | D15: =IF(D5="","",(D5-'2016'!D5)/'2016'!D5) -> -0.20660954 | E15: =IF(E5="","",(E5-'2016'!E5)/'2016'!E5) -> -0.096546233 | F15: =IF(F5="","",(F5-'2016'!F5)/'2016'!F5) -> -0.0010268698 | G15: =IF(G5="","",(G5-#REF!)/#REF!) | H15: =IF(H5="","",(H5-#REF!)/#REF!) | I15: =IF(I5="","",(I5-#REF!)/#REF!) | J15: =J5-'2015'!J35 -> 4.6875732 | K15: =K5-'2015'!K35 -> 31.83225 | L15: =L5-'2015'!L35 -> 122.87362 | M15: =IF(G15="","",M5-((1/Comparisons!#REF!)*1000000)) | N15: =IF(H15="","",N5-((1/Comparisons!#REF!)*1000000)) | O15: =IF(I15="","",O5-((1/Comparisons!#REF!)*1000000))
A16: T1b | B16: AI / AO | C16: Interrupts | D16: =IF(D6="","",(D6-'2016'!D6)/'2016'!D6) -> -0.076572348 | E16: =IF(E6="","",(E6-'2016'!E6)/'2016'!E6) -> -0.03517356 | F16: =IF(F6="","",(F6-'2016'!F6)/'2016'!F6) -> -0.016746912 | G16: =IF(G6="","",(G6-#REF!)/#REF!) | H16: =IF(H6="","",(H6-#REF!)/#REF!) | I16: =IF(I6="","",(I6-#REF!)/#REF!) | J16: =J6-'2015'!J36 -> 11.163387 | K16: =K6-'2015'!K36 -> 30.273844 | L16: =L6-'2015'!L36 -> 131.01518 | M16: =IF(G16="","",M6-((1/Comparisons!#REF!)*1000000)) | N16: =IF(H16="","",N6-((1/Comparisons!#REF!)*1000000)) | O16: =IF(I16="","",O6-((1/Comparisons!#REF!)*1000000))
A17: T2a | B17: AI/PID/AO | C17: Polling | D17: =IF(D7="","",(D7-'2016'!D7)/'2016'!D7) -> -0.27011719 | E17: =IF(E7="","",(E7-'2016'!E7)/'2016'!E7) -> -0.070155356 | F17: =IF(F7="","",(F7-'2016'!F7)/'2016'!F7) -> -0.0085151676 | G17: =IF(G7="","",(G7-#REF!)/#REF!) | H17: =IF(H7="","",(H7-#REF!)/#REF!) | I17: =IF(I7="","",(I7-#REF!)/#REF!) | J17: =J7-'2015'!J37 -> 11.510287 | K17: =K7-'2015'!K37 -> 31.676605 | L17: =L7-'2015'!L37 -> 126.37704 | M17: =IF(G17="","",M7-((1/Comparisons!#REF!)*1000000)) | N17: =IF(H17="","",N7-((1/Comparisons!#REF!)*1000000)) | O17: =IF(I17="","",O7-((1/Comparisons!#REF!)*1000000))
A18: T2b | B18: AI/PID/AO | C18: Interrupts | D18: =IF(D8="","",(D8-'2016'!D8)/'2016'!D8) -> 0.028486277 | E18: =IF(E8="","",(E8-'2016'!E8)/'2016'!E8) -> -0.01309361 | F18: =IF(F8="","",(F8-'2016'!F8)/'2016'!F8) -> -0.020332313 | G18: =IF(G8="","",(G8-#REF!)/#REF!) | H18: =IF(H8="","",(H8-#REF!)/#REF!) | I18: =IF(I8="","",(I8-#REF!)/#REF!) | J18: =J8-'2015'!J38 -> 1.7559612 | K18: =K8-'2015'!K38 -> 29.560634 | L18: =L8-'2015'!L38 -> 130.93907 | M18: =IF(G18="","",M8-((1/Comparisons!#REF!)*1000000)) | N18: =IF(H18="","",N8-((1/Comparisons!#REF!)*1000000)) | O18: =IF(I18="","",O8-((1/Comparisons!#REF!)*1000000))
A19: T3 | B19: AI/AO/Local Logging | C19: Interrupts | D19: =IF(D9="","",(D9-'2016'!D9)/'2016'!D9) -> -0.14480611 | E19: =IF(E9="","",(E9-'2016'!E9)/'2016'!E9) -> #VALUE! | F19: =IF(F9="","",(F9-'2016'!F9)/'2016'!F9) -> #VALUE! | G19: =IF(G9="","",(G9-#REF!)/#REF!) | H19: =IF(H9="","",(H9-#REF!)/#REF!) | I19: =IF(I9="","",(I9-#REF!)/#REF!) | J19: =J9-'2015'!J39 -> 8.2072551 | K19: =K9-'2015'!K39 -> #VALUE! | L19: =L9-'2015'!L39 -> #VALUE! | M19: =IF(G19="","",M9-((1/Comparisons!#REF!)*1000000)) | N19: =IF(H19="","",N9-((1/Comparisons!#REF!)*1000000)) | O19: =IF(I19="","",O9-((1/Comparisons!#REF!)*1000000))
A20: T4 | B20: AI/AO/Host Comm. | C20: Interrupts | D20: =IF(D10="","",(D10-'2016'!D10)/'2016'!D10) -> -0.071590358 | E20: =IF(E10="","",(E10-'2016'!E10)/'2016'!E10) -> #VALUE! | F20: =IF(F10="","",(F10-'2016'!F10)/'2016'!F10) -> #VALUE! | G20: =IF(G10="","",(G10-#REF!)/#REF!) | H20: =IF(H10="","",(H10-#REF!)/#REF!) | I20: =IF(I10="","",(I10-#REF!)/#REF!) | J20: =J10-'2015'!J40 -> -8.4897942 | K20: =K10-'2015'!K40 -> #VALUE! | L20: =L10-'2015'!L40 -> #VALUE! | M20: =IF(G20="","",M10-((1/Comparisons!#REF!)*1000000)) | N20: =IF(H20="","",N10-((1/Comparisons!#REF!)*1000000)) | O20: =IF(I20="","",O10-((1/Comparisons!#REF!)*1000000))
A21: LV RT 2017 cRIO Single-Point Benchmark Results (Hz)
A22: cRIO-9033 LV RT 17.0a18, NI-RIO 17.0d18
A23: Test | D23: Number of Channels, Rate (Hz) | J23: Number of Channels, Period (uS)
A24: Case | B24: Description | C24: I/O Mode | D24: 1 | E24: 4 | F24: 16 | G24: 32 | H24: 64 | I24: 80 | J24: 1 | K24: 4 | L24: 16 | M24: 32 | N24: 64 | O24: 80
A25: T1a | B25: AI / AO | C25: Polling | D25: 35555 | E25: 18867 | F25: 5837 | J25: =IF(D25="","",(1/D25)*1000000) -> 28.125439 | K25: =IF(E25="","",(1/E25)*1000000) -> 53.002597 | L25: =IF(F25="","",(1/F25)*1000000) -> 171.32088 | M25: =IF(G25="","",(1/G25)*1000000) | N25: =IF(H25="","",(1/H25)*1000000) | O25: =IF(I25="","",(1/I25)*1000000)
A26: T1b | B26: AI / AO | C26: Interrupts | D26: 12740 | E26: 9516 | F26: 4459 | J26: =IF(D26="","",(1/D26)*1000000) -> 78.492936 | K26: =IF(E26="","",(1/E26)*1000000) -> 105.08617 | L26: =IF(F26="","",(1/F26)*1000000) -> 224.26553 | M26: =IF(G26="","",(1/G26)*1000000) | N26: =IF(H26="","",(1/H26)*1000000) | O26: =IF(I26="","",(1/I26)*1000000)
A27: T2a | B27: AI/PID/AO | C27: Polling | D27: 34441 | E27: 17058 | F27: 5569 | J27: =IF(D27="","",(1/D27)*1000000) -> 29.035162 | K27: =IF(E27="","",(1/E27)*1000000) -> 58.62352 | L27: =IF(F27="","",(1/F27)*1000000) -> 179.56545 | M27: =IF(G27="","",(1/G27)*1000000) | N27: =IF(H27="","",(1/H27)*1000000) | O27: =IF(I27="","",(1/I27)*1000000)
A28: T2b | B28: AI/PID/AO | C28: Interrupts | D28: 13228 | E28: 9245 | F28: 4242 | J28: =IF(D28="","",(1/D28)*1000000) -> 75.597218 | K28: =IF(E28="","",(1/E28)*1000000) -> 108.16658 | L28: =IF(F28="","",(1/F28)*1000000) -> 235.73786 | M28: =IF(G28="","",(1/G28)*1000000) | N28: =IF(H28="","",(1/H28)*1000000) | O28: =IF(I28="","",(1/I28)*1000000)
A29: T3 | B29: AI/AO/Local Logging | C29: Interrupts | D29: 12740 | E29: 8420 | F29: 4322 | J29: =IF(D29="","",(1/D29)*1000000) -> 78.492936 | K29: =IF(E29="","",(1/E29)*1000000) -> 118.76485 | L29: =IF(F29="","",(1/F29)*1000000) -> 231.37436 | M29: =IF(G29="","",(1/G29)*1000000) | N29: =IF(H29="","",(1/H29)*1000000) | O29: =IF(I29="","",(1/I29)*1000000)
A30: T4 | B30: AI/AO/Host Comm. | C30: Interrupts | D30: 11534 | E30: 7744 | F30: 4212 | J30: =IF(D30="","",(1/D30)*1000000) -> 86.700191 | K30: =IF(E30="","",(1/E30)*1000000) -> 129.13223 | L30: =IF(F30="","",(1/F30)*1000000) -> 237.4169 | M30: =IF(G30="","",(1/G30)*1000000) | N30: =IF(H30="","",(1/H30)*1000000) | O30: =IF(I30="","",(1/I30)*1000000)
A31: Worst of 100 iterations 9033_sp_online_int_reboots_17.0a18
A32: Result Improvement vs. LV RT 16.0 released (with out UI)
A33: Test | D33: Number of Channels (%) | J33: Number of Channels, Difference in Period (uS)
A34: Acronym | B34: Description | C34: I/O Mode | D34: 1 | E34: 4 | F34: 16 | G34: 32 | H34: 64 | I34: 80 | J34: 1 | K34: 4 | L34: 16 | M34: 32 | N34: 64 | O34: 80
A35: T1a | B35: AI / AO | C35: Polling | D35: =IF(D25="","",(D25-'2016'!D5)/'2016'!D5) -> -0.20660954 | E35: =IF(E25="","",(E25-'2016'!E5)/'2016'!E5) -> -0.061063004 | F35: =IF(F25="","",(F25-'2016'!F5)/'2016'!F5) -> -0.0010268698 | G35: =IF(G25="","",(G25-#REF!)/#REF!) | H35: =IF(H25="","",(H25-#REF!)/#REF!) | I35: =IF(I25="","",(I25-#REF!)/#REF!) | J35: =J25-'2015'!J55 -> 26.45178 | K35: =K25-'2015'!K55 -> 54.924901 | L35: =L25-'2015'!L55 -> 170.879 | M35: =IF(G35="","",M25-((1/Comparisons!#REF!)*1000000)) | N35: =IF(H35="","",N25-((1/Comparisons!#REF!)*1000000)) | O35: =IF(I35="","",O25-((1/Comparisons!#REF!)*1000000))
A36: T1b | B36: AI / AO | C36: Interrupts | D36: =IF(D26="","",(D26-'2016'!D6)/'2016'!D6) -> -0.14576908 | E36: =IF(E26="","",(E26-'2016'!E6)/'2016'!E6) -> -0.12149188 | F36: =IF(F26="","",(F26-'2016'!F6)/'2016'!F6) -> -0.066568976 | G36: =IF(G26="","",(G26-#REF!)/#REF!) | H36: =IF(H26="","",(H26-#REF!)/#REF!) | I36: =IF(I26="","",(I26-#REF!)/#REF!) | J36: =J26-'2015'!J56 -> 91.778058 | K36: =K26-'2015'!K56 -> 116.99099 | L36: =L26-'2015'!L56 -> 238.2102 | M36: =IF(G36="","",M26-((1/Comparisons!#REF!)*1000000)) | N36: =IF(H36="","",N26-((1/Comparisons!#REF!)*1000000)) | O36: =IF(I36="","",O26-((1/Comparisons!#REF!)*1000000))
A37: T2a | B37: AI/PID/AO | C37: Polling | D37: =IF(D27="","",(D27-'2016'!D7)/'2016'!D7) -> -0.20703152 | E37: =IF(E27="","",(E27-'2016'!E7)/'2016'!E7) -> -0.070155356 | F37: =IF(F27="","",(F27-'2016'!F7)/'2016'!F7) -> -0.012063154 | G37: =IF(G27="","",(G27-#REF!)/#REF!) | H37: =IF(H27="","",(H27-#REF!)/#REF!) | I37: =IF(I27="","",(I27-#REF!)/#REF!) | J37: =J27-'2015'!J57 -> 31.818729 | K37: =K27-'2015'!K57 -> 61.932876 | L37: =L27-'2015'!L57 -> 182.43355 | M37: =IF(G37="","",M27-((1/Comparisons!#REF!)*1000000)) | N37: =IF(H37="","",N27-((1/Comparisons!#REF!)*1000000)) | O37: =IF(I37="","",O27-((1/Comparisons!#REF!)*1000000))
A38: T2b | B38: AI/PID/AO | C38: Interrupts | D38: =IF(D28="","",(D28-'2016'!D8)/'2016'!D8) -> -0.083171611 | E38: =IF(E28="","",(E28-'2016'!E8)/'2016'!E8) -> -0.096638655 | F38: =IF(F28="","",(F28-'2016'!F8)/'2016'!F8) -> -0.072584171 | G38: =IF(G28="","",(G28-#REF!)/#REF!) | H38: =IF(H28="","",(H28-#REF!)/#REF!) | I38: =IF(I28="","",(I28-#REF!)/#REF!) | J38: =J28-'2015'!J58 -> 84.312636 | K38: =K28-'2015'!K58 -> 120.36996 | L38: =L28-'2015'!L58 -> 247.21463 | M38: =IF(G38="","",M28-((1/Comparisons!#REF!)*1000000)) | N38: =IF(H38="","",N28-((1/Comparisons!#REF!)*1000000)) | O38: =IF(I38="","",O28-((1/Comparisons!#REF!)*1000000))
A39: T3 | B39: AI/AO/Local Logging | C39: Interrupts | D39: =IF(D29="","",(D29-'2016'!D9)/'2016'!D9) -> -0.055386669 | E39: =IF(E29="","",(E29-'2016'!E9)/'2016'!E9) -> -0.16641917 | F39: =IF(F29="","",(F29-'2016'!F9)/'2016'!F9) -> -0.063488624 | G39: =IF(G29="","",(G29-#REF!)/#REF!) | H39: =IF(H29="","",(H29-#REF!)/#REF!) | I39: =IF(I29="","",(I29-#REF!)/#REF!) | J39: =J29-'2015'!J59 -> 94.188566 | K39: =K29-'2015'!K59 -> 132.31215 | L39: =L29-'2015'!L59 -> 237.26513 | M39: =IF(G39="","",M29-((1/Comparisons!#REF!)*1000000)) | N39: =IF(H39="","",N29-((1/Comparisons!#REF!)*1000000)) | O39: =IF(I39="","",O29-((1/Comparisons!#REF!)*1000000))
A40: T4 | B40: AI/AO/Host Comm. | C40: Interrupts | D40: =IF(D30="","",(D30-'2016'!D10)/'2016'!D10) -> -0.066979453 | E40: =IF(E30="","",(E30-'2016'!E10)/'2016'!E10) -> -0.2295294 | F40: =IF(F30="","",(F30-'2016'!F10)/'2016'!F10) -> -0.092436975 | G40: =IF(G30="","",(G30-#REF!)/#REF!) | H40: =IF(H30="","",(H30-#REF!)/#REF!) | I40: =IF(I30="","",(I30-#REF!)/#REF!) | J40: =J30-'2015'!J60 -> 82.696654 | K40: =K30-'2015'!K60 -> 152.50703 | L40: =L30-'2015'!L60 -> 243.15668 | M40: =IF(G40="","",M30-((1/Comparisons!#REF!)*1000000)) | N40: =IF(H40="","",N30-((1/Comparisons!#REF!)*1000000)) | O40: =IF(I40="","",O30-((1/Comparisons!#REF!)*1000000))
A41: LV RT 2017 cRIO Single-Point Benchmark Results (Hz)
A42: cRIO-9033 LV RT 17.0b24, NI-RIO 17.0a25
A43: Test | D43: Number of Channels, Rate (Hz) | J43: Number of Channels, Period (uS)
A44: Case | B44: Description | C44: I/O Mode | D44: 1 | E44: 4 | F44: 16 | G44: 32 | H44: 64 | I44: 80 | J44: 1 | K44: 4 | L44: 16 | M44: 32 | N44: 64 | O44: 80
A45: T1a | B45: AI / AO | C45: Polling | D45: 42572 | E45: 19695 | F45: 5837 | J45: =IF(D45="","",(1/D45)*1000000) -> 23.489618 | K45: =IF(E45="","",(1/E45)*1000000) -> 50.774308 | L45: =IF(F45="","",(1/F45)*1000000) -> 171.32088 | M45: =IF(G45="","",(1/G45)*1000000) | N45: =IF(H45="","",(1/H45)*1000000) | O45: =IF(I45="","",(1/I45)*1000000)
A46: T1b | B46: AI / AO | C46: Interrupts | D46: 15923 | E46: 11424 | F46: 4968 | J46: =IF(D46="","",(1/D46)*1000000) -> 62.802236 | K46: =IF(E46="","",(1/E46)*1000000) -> 87.535014 | L46: =IF(F46="","",(1/F46)*1000000) -> 201.28824 | M46: =IF(G46="","",(1/G46)*1000000) | N46: =IF(H46="","",(1/H46)*1000000) | O46: =IF(I46="","",(1/I46)*1000000)
A47: T2a | B47: AI/PID/AO | C47: Polling | D47: 40640 | E47: 17773 | F47: 5569 | J47: =IF(D47="","",(1/D47)*1000000) -> 24.606299 | K47: =IF(E47="","",(1/E47)*1000000) -> 56.265121 | L47: =IF(F47="","",(1/F47)*1000000) -> 179.56545 | M47: =IF(G47="","",(1/G47)*1000000) | N47: =IF(H47="","",(1/H47)*1000000) | O47: =IF(I47="","",(1/I47)*1000000)
A48: T2b | B48: AI/PID/AO | C48: Interrupts | D48: 15701 | E48: 10617 | F48: 4671 | J48: =IF(D48="","",(1/D48)*1000000) -> 63.690211 | K48: =IF(E48="","",(1/E48)*1000000) -> 94.188566 | L48: =IF(F48="","",(1/F48)*1000000) -> 214.08692 | M48: =IF(G48="","",(1/G48)*1000000) | N48: =IF(H48="","",(1/H48)*1000000) | O48: =IF(I48="","",(1/I48)*1000000)
A49: T3 | B49: AI/AO/Local Logging | C49: Interrupts | D49: 13703 | E49: 8962 | F49: 4414 | J49: =IF(D49="","",(1/D49)*1000000) -> 72.97672 | K49: =IF(E49="","",(1/E49)*1000000) -> 111.58224 | L49: =IF(F49="","",(1/F49)*1000000) -> 226.55188 | M49: =IF(G49="","",(1/G49)*1000000) | N49: =IF(H49="","",(1/H49)*1000000) | O49: =IF(I49="","",(1/I49)*1000000)
A50: T4 | B50: AI/AO/Host Comm. | C50: Interrupts | D50: 13381 | E50: 8023 | F50: 4186 | J50: =IF(D50="","",(1/D50)*1000000) -> 74.73283 | K50: =IF(E50="","",(1/E50)*1000000) -> 124.64166 | L50: =IF(F50="","",(1/F50)*1000000) -> 238.89154 | M50: =IF(G50="","",(1/G50)*1000000) | N50: =IF(H50="","",(1/H50)*1000000) | O50: =IF(I50="","",(1/I50)*1000000)
A51: Worst of 100 iterations 9033_sp_online_int_reboots_17.0a24 | E51: T4 and T2 cases were run again
A52: Result Improvement vs. LV RT 16.0 released (with out UI)
A53: Test | D53: Number of Channels (%) | J53: Number of Channels, Difference in Period (uS)
A54: Acronym | B54: Description | C54: I/O Mode | D54: 1 | E54: 4 | F54: 16 | G54: 32 | H54: 64 | I54: 80 | J54: 1 | K54: 4 | L54: 16 | M54: 32 | N54: 64 | O54: 80
A55: T1a | B55: AI / AO | C55: Polling | D55: =IF(D45="","",(D45-'2016'!D5)/'2016'!D5) -> -0.050029009 | E55: =IF(E45="","",(E45-'2016'!E5)/'2016'!E5) -> -0.019856674 | F55: =IF(F45="","",(F45-'2016'!F5)/'2016'!F5) -> -0.0010268698 | G55: =IF(G45="","",(G45-#REF!)/#REF!) | H55: =IF(H45="","",(H45-#REF!)/#REF!) | I55: =IF(I45="","",(I45-#REF!)/#REF!) | J55: =J45-'2015'!J75 -> 22.489618 | K55: =K45-'2015'!K75 -> 46.774308 | L55: =L45-'2015'!L75 -> 155.32088 | M55: =IF(G55="","",M45-((1/Comparisons!#REF!)*1000000)) | N55: =IF(H55="","",N45-((1/Comparisons!#REF!)*1000000)) | O55: =IF(I55="","",O45-((1/Comparisons!#REF!)*1000000))
A56: T1b | B56: AI / AO | C56: Interrupts | D56: =IF(D46="","",(D46-'2016'!D6)/'2016'!D6) -> 0.067654553 | E56: =IF(E46="","",(E46-'2016'!E6)/'2016'!E6) -> 0.05465288 | F56: =IF(F46="","",(F46-'2016'!F6)/'2016'!F6) -> 0.039983253 | G56: =IF(G46="","",(G46-#REF!)/#REF!) | H56: =IF(H46="","",(H46-#REF!)/#REF!) | I56: =IF(I46="","",(I46-#REF!)/#REF!) | J56: =J46-'2015'!J76 -> 66.860633 | K56: =K46-'2015'!K76 -> 87.998136 | L56: =L46-'2015'!L76 -> 201.28824 | M56: =IF(G56="","",M46-((1/Comparisons!#REF!)*1000000)) | N56: =IF(H56="","",N46-((1/Comparisons!#REF!)*1000000)) | O56: =IF(I56="","",O46-((1/Comparisons!#REF!)*1000000))
A57: T2a | B57: AI/PID/AO | C57: Polling | D57: =IF(D47="","",(D47-'2016'!D7)/'2016'!D7) -> -0.064305942 | E57: =IF(E47="","",(E47-'2016'!E7)/'2016'!E7) -> -0.031180158 | F57: =IF(F47="","",(F47-'2016'!F7)/'2016'!F7) -> -0.012063154 | G57: =IF(G47="","",(G47-#REF!)/#REF!) | H57: =IF(H47="","",(H47-#REF!)/#REF!) | I57: =IF(I47="","",(I47-#REF!)/#REF!) | J57: =J47-'2015'!J77 -> 15.976922 | K57: =K47-'2015'!K77 -> 49.426786 | L57: =L47-'2015'!L77 -> 169.69216 | M57: =IF(G57="","",M47-((1/Comparisons!#REF!)*1000000)) | N57: =IF(H57="","",N47-((1/Comparisons!#REF!)*1000000)) | O57: =IF(I57="","",O47-((1/Comparisons!#REF!)*1000000))
A58: T2b | B58: AI/PID/AO | C58: Interrupts | D58: =IF(D48="","",(D48-'2016'!D8)/'2016'!D8) -> 0.088231217 | E58: =IF(E48="","",(E48-'2016'!E8)/'2016'!E8) -> 0.037424272 | F58: =IF(F48="","",(F48-'2016'!F8)/'2016'!F8) -> 0.021206821 | G58: =IF(G48="","",(G48-#REF!)/#REF!) | H58: =IF(H48="","",(H48-#REF!)/#REF!) | I58: =IF(I48="","",(I48-#REF!)/#REF!) | J58: =J48-'2015'!J78 -> 63.423399 | K58: =K48-'2015'!K78 -> 94.188566 | L58: =L48-'2015'!L78 -> 213.9485 | M58: =IF(G58="","",M48-((1/Comparisons!#REF!)*1000000)) | N58: =IF(H58="","",N48-((1/Comparisons!#REF!)*1000000)) | O58: =IF(I58="","",O48-((1/Comparisons!#REF!)*1000000))
A59: T3 | B59: AI/AO/Local Logging | C59: Interrupts | D59: =IF(D49="","",(D49-'2016'!D9)/'2016'!D9) -> 0.016015422 | E59: =IF(E49="","",(E49-'2016'!E9)/'2016'!E9) -> -0.11276111 | F59: =IF(F49="","",(F49-'2016'!F9)/'2016'!F9) -> -0.043553629 | G59: =IF(G49="","",(G49-#REF!)/#REF!) | H59: =IF(H49="","",(H49-#REF!)/#REF!) | I59: =IF(I49="","",(I49-#REF!)/#REF!) | J59: =J49-'2015'!J79 -> 68.292202 | K59: =K49-'2015'!K79 -> 101.74822 | L59: =L49-'2015'!L79 -> 218.33533 | M59: =IF(G59="","",M49-((1/Comparisons!#REF!)*1000000)) | N59: =IF(H59="","",N49-((1/Comparisons!#REF!)*1000000)) | O59: =IF(I59="","",O49-((1/Comparisons!#REF!)*1000000))
A60: T4 | B60: AI/AO/Host Comm. | C60: Interrupts | D60: =IF(D50="","",(D50-'2016'!D10)/'2016'!D10) -> 0.082430028 | E60: =IF(E50="","",(E50-'2016'!E10)/'2016'!E10) -> -0.20177097 | F60: =IF(F50="","",(F50-'2016'!F10)/'2016'!F10) -> -0.098039216 | G60: =IF(G50="","",(G50-#REF!)/#REF!) | H60: =IF(H50="","",(H50-#REF!)/#REF!) | I60: =IF(I50="","",(I50-#REF!)/#REF!) | J60: =J50-'2015'!J80 -> 80.976651 | K60: =K50-'2015'!K80 -> 127.97677 | L60: =L50-'2015'!L80 -> 240.68468 | M60: =IF(G60="","",M50-((1/Comparisons!#REF!)*1000000)) | N60: =IF(H60="","",N50-((1/Comparisons!#REF!)*1000000)) | O60: =IF(I60="","",O50-((1/Comparisons!#REF!)*1000000))
A61: Result Improvement vs. LV RT 16.0 Rerun (with out UI)
A62: Test | D62: Number of Channels (%) | J62: Number of Channels, Difference in Period (uS)
A63: Acronym | B63: Description | C63: I/O Mode | D63: 1 | E63: 4 | F63: 16 | G63: 32 | H63: 64 | I63: 80 | J63: 1 | K63: 4 | L63: 16 | M63: 32 | N63: 64 | O63: 80
A64: T1a | B64: AI / AO | C64: Polling | D64: =IF(D45="","",(D45-'2016'!D298)/'2016'!D298) -> -0.038963384 | E64: =IF(E45="","",(E45-'2016'!E298)/'2016'!E298) -> -0.0037936267 | F64: =IF(F45="","",(F45-'2016'!F298)/'2016'!F298) -> 0 | G64: =IF(G54="","",(G54-#REF!)/#REF!) -> #REF! | H64: =IF(H54="","",(H54-#REF!)/#REF!) -> #REF! | I64: =IF(I54="","",(I54-#REF!)/#REF!) -> #REF! | J64: =J54-'2015'!J84 -> #VALUE! | K64: =K54-'2015'!K84 -> 4 | L64: =L54-'2015'!L84 -> 16 | M64: =IF(G64="","",M54-((1/Comparisons!#REF!)*1000000)) -> #REF! | N64: =IF(H64="","",N54-((1/Comparisons!#REF!)*1000000)) -> #REF! | O64: =IF(I64="","",O54-((1/Comparisons!#REF!)*1000000)) -> #REF!
A65: T1b | B65: AI / AO | C65: Interrupts | D65: =IF(D46="","",(D46-'2016'!D299)/'2016'!D299) -> 0.11077782 | E65: =IF(E46="","",(E46-'2016'!E299)/'2016'!E299) -> 0.095617148 | F65: =IF(F46="","",(F46-'2016'!F299)/'2016'!F299) -> 0.054105665 | G65: =IF(G55="","",(G55-#REF!)/#REF!) | H65: =IF(H55="","",(H55-#REF!)/#REF!) | I65: =IF(I55="","",(I55-#REF!)/#REF!) | J65: =J55-'2015'!J85 -> 21.489618 | K65: =K55-'2015'!K85 -> 42.774308 | L65: =L55-'2015'!L85 -> 139.32088 | M65: =IF(G65="","",M55-((1/Comparisons!#REF!)*1000000)) | N65: =IF(H65="","",N55-((1/Comparisons!#REF!)*1000000)) | O65: =IF(I65="","",O55-((1/Comparisons!#REF!)*1000000))
A66: T2a | B66: AI/PID/AO | C66: Polling | D66: =IF(D47="","",(D47-'2016'!D300)/'2016'!D300) -> -0.058627319 | E66: =IF(E47="","",(E47-'2016'!E300)/'2016'!E300) -> -0.026350389 | F66: =IF(F47="","",(F47-'2016'!F300)/'2016'!F300) -> -0.0085454869 | G66: =IF(G56="","",(G56-#REF!)/#REF!) | H66: =IF(H56="","",(H56-#REF!)/#REF!) | I66: =IF(I56="","",(I56-#REF!)/#REF!) | J66: =J56-'2015'!J86 -> 47.481163 | K66: =K56-'2015'!K86 -> 65.20923 | L66: =L56-'2015'!L86 -> 152.84098 | M66: =IF(G66="","",M56-((1/Comparisons!#REF!)*1000000)) | N66: =IF(H66="","",N56-((1/Comparisons!#REF!)*1000000)) | O66: =IF(I66="","",O56-((1/Comparisons!#REF!)*1000000))
A67: T2b | B67: AI/PID/AO | C67: Interrupts | D67: =IF(D48="","",(D48-'2016'!D301)/'2016'!D301) -> 0.061380383 | E67: =IF(E48="","",(E48-'2016'!E301)/'2016'!E301) -> 0.046422235 | F67: =IF(F48="","",(F48-'2016'!F301)/'2016'!F301) -> 0.026819081 | G67: =IF(G57="","",(G57-#REF!)/#REF!) | H67: =IF(H57="","",(H57-#REF!)/#REF!) | I67: =IF(I57="","",(I57-#REF!)/#REF!) | J67: =J57-'2015'!J87 -> -54.100162 | K67: =K57-'2015'!K87 -> -22.822329 | L67: =L57-'2015'!L87 -> 77.932209 | M67: =IF(G67="","",M57-((1/Comparisons!#REF!)*1000000)) | N67: =IF(H67="","",N57-((1/Comparisons!#REF!)*1000000)) | O67: =IF(I67="","",O57-((1/Comparisons!#REF!)*1000000))
A68: T3 | B68: AI/AO/Local Logging | C68: Interrupts | D68: =IF(D49="","",(D49-'2016'!D302)/'2016'!D302) -> 0.075588697 | E68: =IF(E49="","",(E49-'2016'!E302)/'2016'!E302) -> -0.09974887 | F68: =IF(F49="","",(F49-'2016'!F302)/'2016'!F302) -> -0.044381901 | G68: =IF(G58="","",(G58-#REF!)/#REF!) | H68: =IF(H58="","",(H58-#REF!)/#REF!) | I68: =IF(I58="","",(I58-#REF!)/#REF!) | J68: =J58-'2015'!J88 -> 43.258857 | K68: =K58-'2015'!K88 -> 67.975559 | L68: =L58-'2015'!L88 -> 161.05804 | M68: =IF(G68="","",M58-((1/Comparisons!#REF!)*1000000)) | N68: =IF(H68="","",N58-((1/Comparisons!#REF!)*1000000)) | O68: =IF(I68="","",O58-((1/Comparisons!#REF!)*1000000))
A69: T4 | B69: AI/AO/Host Comm. | C69: Interrupts | D69: =IF(D50="","",(D50-'2016'!D303)/'2016'!D303) -> 0.10605059 | E69: =IF(E50="","",(E50-'2016'!E303)/'2016'!E303) -> -0.19326295 | F69: =IF(F50="","",(F50-'2016'!F303)/'2016'!F303) -> -0.098039216 | G69: =IF(G59="","",(G59-#REF!)/#REF!) | H69: =IF(H59="","",(H59-#REF!)/#REF!) | I69: =IF(I59="","",(I59-#REF!)/#REF!) | J69: =J59-'2015'!J89 -> -4.3188929 | K69: =K59-'2015'!K89 -> 25.650515 | L69: =L59-'2015'!L89 -> 114.29871 | M69: =IF(G69="","",M59-((1/Comparisons!#REF!)*1000000)) | N69: =IF(H69="","",N59-((1/Comparisons!#REF!)*1000000)) | O69: =IF(I69="","",O59-((1/Comparisons!#REF!)*1000000))

Sheet 2018
A1: LV RT 2018 cRIO Single-Point Benchmark Results (Hz)
A2: cRIO-9033 LV RT 18.0a2, NI-RIO 18.0.0d32
A3: Test | D3: Number of Channels, Rate (Hz) | J3: Number of Channels, Period (uS)
A4: Case | B4: Description | C4: I/O Mode | D4: 1 | E4: 4 | F4: 16 | G4: 32 | H4: 64 | I4: 80 | J4: 1 | K4: 4 | L4: 16 | M4: 32 | N4: 64 | O4: 80
A5: T1a | B5: AI / AO | C5: Polling | D5: 43217 | E5: 20271 | F5: 5843 | J5: =IF(D6="","",(1/D6)*1000000) -> 56.170308 | K5: =IF(E5="","",(1/E5)*1000000) -> 49.331557 | L5: =IF(F5="","",(1/F5)*1000000) -> 171.14496 | M5: =IF(G5="","",(1/G5)*1000000) | N5: =IF(H5="","",(1/H5)*1000000) | O5: =IF(I5="","",(1/I5)*1000000)
A6: T1b | B6: AI / AO | C6: Interrupts | D6: 17803 | E6: 12343 | F6: 4995 | J6: =IF(#REF!="","",(1/#REF!)*1000000) -> #REF! | K6: =IF(E6="","",(1/E6)*1000000) -> 81.017581 | L6: =IF(F6="","",(1/F6)*1000000) -> 200.2002 | M6: =IF(G6="","",(1/G6)*1000000) | N6: =IF(H6="","",(1/H6)*1000000) | O6: =IF(I6="","",(1/I6)*1000000)
A7: T2a | B7: AI/PID/AO | C7: Polling | D7: 39956 | E7: 17773 | F7: 5628 | J7: =IF(D7="","",(1/D7)*1000000) -> 25.02753 | K7: =IF(E7="","",(1/E7)*1000000) -> 56.265121 | L7: =IF(F7="","",(1/F7)*1000000) -> 177.68301 | M7: =IF(G7="","",(1/G7)*1000000) | N7: =IF(H7="","",(1/H7)*1000000) | O7: =IF(I7="","",(1/I7)*1000000)
A8: T2b | B8: AI/PID/AO | C8: Interrupts | D8: 16332 | E8: 11762 | F8: 4828 | J8: =IF(D9="","",(1/D9)*1000000) -> 67.792014 | K8: =IF(E8="","",(1/E8)*1000000) -> 85.019554 | L8: =IF(F8="","",(1/F8)*1000000) -> 207.1251 | M8: =IF(G8="","",(1/G8)*1000000) | N8: =IF(H8="","",(1/H8)*1000000) | O8: =IF(I8="","",(1/I8)*1000000)
A9: T3 | B9: AI/AO/Local Logging | C9: Interrupts | D9: 14751 | E9: 10555 | F9: 4823 | J9: =IF(#REF!="","",(1/#REF!)*1000000) -> #REF! | K9: =IF(E9="","",(1/E9)*1000000) -> 94.741829 | L9: =IF(F9="","",(1/F9)*1000000) -> 207.33983 | M9: =IF(G9="","",(1/G9)*1000000) | N9: =IF(H9="","",(1/H9)*1000000) | O9: =IF(I9="","",(1/I9)*1000000)
A10: T4 | B10: AI/AO/Host Comm. | C10: Interrupts | D10: 12789 | E10: 8847 | F10: 4224 | J10: =IF(D10="","",(1/D10)*1000000) -> 78.192196 | K10: =IF(E10="","",(1/E10)*1000000) -> 113.03267 | L10: =IF(F10="","",(1/F10)*1000000) -> 236.74242 | M10: =IF(G10="","",(1/G10)*1000000) | N10: =IF(H10="","",(1/H10)*1000000) | O10: =IF(I10="","",(1/I10)*1000000)
A11: Worst of 10 iterations 9033_sp_online_int_reboots_18.0a2
A12: Result Improvement vs. LV RT 17.0 (with out UI)
A13: Test | D13: Number of Channels (%) | J13: Number of Channels, Difference in Period (uS)
A14: Acronym | B14: Description | C14: I/O Mode | D14: 1 | E14: 4 | F14: 16 | G14: 32 | H14: 64 | I14: 80 | J14: 1 | K14: 4 | L14: 16 | M14: 32 | N14: 64 | O14: 80
A15: T1a | B15: AI / AO | C15: Polling | D15: =IF(D5="","",(D5-'2017'!D488)/'2017'!D488) -> 0 | E15: =IF(E5="","",(E5-'2017'!E488)/'2017'!E488) -> 0.030501754 | F15: =IF(F5="","",(F5-'2017'!F488)/'2017'!F488) -> 0 | G15: =IF(G5="","",(G5-#REF!)/#REF!) | H15: =IF(H5="","",(H5-#REF!)/#REF!) | I15: =IF(I5="","",(I5-#REF!)/#REF!) | J15: =J5-'2015'!J35 -> 32.732442 | K15: =K5-'2015'!K35 -> 26.079529 | L15: =L5-'2015'!L35 -> 122.69769 | M15: =IF(G15="","",M5-((1/Comparisons!#REF!)*1000000)) | N15: =IF(H15="","",N5-((1/Comparisons!#REF!)*1000000)) | O15: =IF(I15="","",O5-((1/Comparisons!#REF!)*1000000))
A16: T1b | B16: AI / AO | C16: Interrupts | D16: =IF(D6="","",(D6-'2017'!D489)/'2017'!D489) -> 0.024456209 | E16: =IF(E6="","",(E6-'2017'!E489)/'2017'!E489) -> 0.016637839 | F16: =IF(F6="","",(F6-'2017'!F489)/'2017'!F489) -> 0 | G16: =IF(G6="","",(G6-#REF!)/#REF!) | H16: =IF(H6="","",(H6-#REF!)/#REF!) | I16: =IF(I6="","",(I6-#REF!)/#REF!) | J16: =J6-'2015'!J36 -> #REF! | K16: =K6-'2015'!K36 -> 15.606801 | L16: =L6-'2015'!L36 -> 118.31353 | M16: =IF(G16="","",M6-((1/Comparisons!#REF!)*1000000)) | N16: =IF(H16="","",N6-((1/Comparisons!#REF!)*1000000)) | O16: =IF(I16="","",O6-((1/Comparisons!#REF!)*1000000))
A17: T2a | B17: AI/PID/AO | C17: Polling | D17: =IF(D7="","",(D7-'2017'!D490)/'2017'!D490) -> -0.034389425 | E17: =IF(E7="","",(E7-'2017'!E490)/'2017'!E490) -> -0.011347833 | F17: =IF(F7="","",(F7-'2017'!F490)/'2017'!F490) -> 0.0069779925 | G17: =IF(G7="","",(G7-#REF!)/#REF!) | H17: =IF(H7="","",(H7-#REF!)/#REF!) | I17: =IF(I7="","",(I7-#REF!)/#REF!) | J17: =J7-'2015'!J37 -> 4.993071 | K17: =K7-'2015'!K37 -> 29.318207 | L17: =L7-'2015'!L37 -> 125.13717 | M17: =IF(G17="","",M7-((1/Comparisons!#REF!)*1000000)) | N17: =IF(H17="","",N7-((1/Comparisons!#REF!)*1000000)) | O17: =IF(I17="","",O7-((1/Comparisons!#REF!)*1000000))
A18: T2b | B18: AI/PID/AO | C18: Interrupts | D18: =IF(D8="","",(D8-'2017'!D491)/'2017'!D491) -> 0.01126935 | E18: =IF(E8="","",(E8-'2017'!E491)/'2017'!E491) -> 0.021627725 | F18: =IF(F8="","",(F8-'2017'!F491)/'2017'!F491) -> -0.0057660626 | G18: =IF(G8="","",(G8-#REF!)/#REF!) | H18: =IF(H8="","",(H8-#REF!)/#REF!) | I18: =IF(I8="","",(I8-#REF!)/#REF!) | J18: =J8-'2015'!J38 -> 2.1579894 | K18: =K8-'2015'!K38 -> 15.570287 | L18: =L8-'2015'!L38 -> 114.8997 | M18: =IF(G18="","",M8-((1/Comparisons!#REF!)*1000000)) | N18: =IF(H18="","",N8-((1/Comparisons!#REF!)*1000000)) | O18: =IF(I18="","",O8-((1/Comparisons!#REF!)*1000000))
A19: T3 | B19: AI/AO/Local Logging | C19: Interrupts | D19: =IF(D9="","",(D9-'2017'!D492)/'2017'!D492) -> 0.018574782 | E19: =IF(E9="","",(E9-'2017'!E492)/'2017'!E492) -> 0.0052380952 | F19: =IF(F9="","",(F9-'2017'!F492)/'2017'!F492) -> 0.0096294746 | G19: =IF(G9="","",(G9-#REF!)/#REF!) | H19: =IF(H9="","",(H9-#REF!)/#REF!) | I19: =IF(I9="","",(I9-#REF!)/#REF!) | J19: =J9-'2015'!J39 -> #REF! | K19: =K9-'2015'!K39 -> 21.588939 | L19: =L9-'2015'!L39 -> 115.11443 | M19: =IF(G19="","",M9-((1/Comparisons!#REF!)*1000000)) | N19: =IF(H19="","",N9-((1/Comparisons!#REF!)*1000000)) | O19: =IF(I19="","",O9-((1/Comparisons!#REF!)*1000000))
A20: T4 | B20: AI/AO/Host Comm. | C20: Interrupts | D20: =IF(D10="","",(D10-'2017'!D493)/'2017'!D493) -> -0.021574478 | E20: =IF(E10="","",(E10-'2017'!E493)/'2017'!E493) -> 0 | F20: =IF(F10="","",(F10-'2017'!F493)/'2017'!F493) -> -0.047146402 | G20: =IF(G10="","",(G10-#REF!)/#REF!) | H20: =IF(H10="","",(H10-#REF!)/#REF!) | I20: =IF(I10="","",(I10-#REF!)/#REF!) | J20: =J10-'2015'!J40 -> -17.428381 | K20: =K10-'2015'!K40 -> 35.955435 | L20: =L10-'2015'!L40 -> 146.17092 | M20: =IF(G20="","",M10-((1/Comparisons!#REF!)*1000000)) | N20: =IF(H20="","",N10-((1/Comparisons!#REF!)*1000000)) | O20: =IF(I20="","",O10-((1/Comparisons!#REF!)*1000000))
A23: LV RT 2018 cRIO Single-Point Benchmark Results (Hz)
A24: cRIO-9033 LV RT 18.0a11, NI-RIO 18.0.0d47
A25: Test | D25: Number of Channels, Rate (Hz) | J25: Number of Channels, Period (uS)
A26: Case | B26: Description | C26: I/O Mode | D26: 1 | E26: 4 | F26: 16 | G26: 32 | H26: 64 | I26: 80 | J26: 1 | K26: 4 | L26: 16 | M26: 32 | N26: 64 | O26: 80
A27: T1a | B27: AI / AO | C27: Polling | D27: 44589 | E27: 19447 | F27: 5843 | J27: =IF(D28="","",(1/D28)*1000000) -> 54.29766 | K27: =IF(E27="","",(1/E27)*1000000) -> 51.421813 | L27: =IF(F27="","",(1/F27)*1000000) -> 171.14496 | M27: =IF(G27="","",(1/G27)*1000000) | N27: =IF(H27="","",(1/H27)*1000000) | O27: =IF(I27="","",(1/I27)*1000000)
A28: T1b | B28: AI / AO | C28: Interrupts | D28: 18417 | E28: 11910 | F28: 4961 | J28: =IF(#REF!="","",(1/#REF!)*1000000) -> #REF! | K28: =IF(E28="","",(1/E28)*1000000) -> 83.963056 | L28: =IF(F28="","",(1/F28)*1000000) -> 201.57226 | M28: =IF(G28="","",(1/G28)*1000000) | N28: =IF(H28="","",(1/H28)*1000000) | O28: =IF(I28="","",(1/I28)*1000000)
A29: T2a | B29: AI/PID/AO | C29: Polling | D29: 39956 | E29: 17773 | F29: 5580 | J29: =IF(D29="","",(1/D29)*1000000) -> 25.02753 | K29: =IF(E29="","",(1/E29)*1000000) -> 56.265121 | L29: =IF(F29="","",(1/F29)*1000000) -> 179.21147 | M29: =IF(G29="","",(1/G29)*1000000) | N29: =IF(H29="","",(1/H29)*1000000) | O29: =IF(I29="","",(1/I29)*1000000)
A30: T2b | B30: AI/PID/AO | C30: Interrupts | D30: 16298 | E30: 11151 | F30: 4801 | J30: =IF(D31="","",(1/D31)*1000000) -> 66.449598 | K30: =IF(E30="","",(1/E30)*1000000) -> 89.678056 | L30: =IF(F30="","",(1/F30)*1000000) -> 208.28994 | M30: =IF(G30="","",(1/G30)*1000000) | N30: =IF(H30="","",(1/H30)*1000000) | O30: =IF(I30="","",(1/I30)*1000000)
A31: T3 | B31: AI/AO/Local Logging | C31: Interrupts | D31: 15049 | E31: 8295 | F31: 4765 | J31: =IF(#REF!="","",(1/#REF!)*1000000) -> #REF! | K31: =IF(E31="","",(1/E31)*1000000) -> 120.55455 | L31: =IF(F31="","",(1/F31)*1000000) -> 209.86359 | M31: =IF(G31="","",(1/G31)*1000000) | N31: =IF(H31="","",(1/H31)*1000000) | O31: =IF(I31="","",(1/I31)*1000000)
A32: T4 | B32: AI/AO/Host Comm. | C32: Interrupts | D32: 12740 | E32: 8817 | F32: 4224 | J32: =IF(D32="","",(1/D32)*1000000) -> 78.492936 | K32: =IF(E32="","",(1/E32)*1000000) -> 113.41726 | L32: =IF(F32="","",(1/F32)*1000000) -> 236.74242 | M32: =IF(G32="","",(1/G32)*1000000) | N32: =IF(H32="","",(1/H32)*1000000) | O32: =IF(I32="","",(1/I32)*1000000)
A33: Worst of 10 iterations 9033_sp_online_int_reboots_18.0a11
A34: Result Improvement vs. LV RT 17.0 (with out UI)
A35: Test | D35: Number of Channels (%) | J35: Number of Channels, Difference in Period (uS)
A36: Acronym | B36: Description | C36: I/O Mode | D36: 1 | E36: 4 | F36: 16 | G36: 32 | H36: 64 | I36: 80 | J36: 1 | K36: 4 | L36: 16 | M36: 32 | N36: 64 | O36: 80
A37: T1a | B37: AI / AO | C37: Polling | D37: =IF(D27="","",(D27-'2017'!D488)/'2017'!D488) -> 0.031746766 | E37: =IF(E27="","",(E27-'2017'!E488)/'2017'!E488) -> -0.011387321 | F37: =IF(F27="","",(F27-'2017'!F488)/'2017'!F488) -> 0 | G37: =IF(G27="","",(G27-#REF!)/#REF!) | H37: =IF(H27="","",(H27-#REF!)/#REF!) | I37: =IF(I27="","",(I27-#REF!)/#REF!) | J37: =J27-'2015'!J57 -> 57.081227 | K37: =K27-'2015'!K57 -> 54.731169 | L37: =L27-'2015'!L57 -> 174.01306 | M37: =IF(G37="","",M27-((1/Comparisons!#REF!)*1000000)) | N37: =IF(H37="","",N27-((1/Comparisons!#REF!)*1000000)) | O37: =IF(I37="","",O27-((1/Comparisons!#REF!)*1000000))
A38: T1b | B38: AI / AO | C38: Interrupts | D38: =IF(D28="","",(D28-'2017'!D489)/'2017'!D489) -> 0.059788238 | E38: =IF(E28="","",(E28-'2017'!E489)/'2017'!E489) -> -0.019026439 | F38: =IF(F28="","",(F28-'2017'!F489)/'2017'!F489) -> -0.0068068068 | G38: =IF(G28="","",(G28-#REF!)/#REF!) | H38: =IF(H28="","",(H28-#REF!)/#REF!) | I38: =IF(I28="","",(I28-#REF!)/#REF!) | J38: =J28-'2015'!J58 -> #REF! | K38: =K28-'2015'!K58 -> 96.166439 | L38: =L28-'2015'!L58 -> 213.04903 | M38: =IF(G38="","",M28-((1/Comparisons!#REF!)*1000000)) | N38: =IF(H38="","",N28-((1/Comparisons!#REF!)*1000000)) | O38: =IF(I38="","",O28-((1/Comparisons!#REF!)*1000000))
A39: T2a | B39: AI/PID/AO | C39: Polling | D39: =IF(D29="","",(D29-'2017'!D490)/'2017'!D490) -> -0.034389425 | E39: =IF(E29="","",(E29-'2017'!E490)/'2017'!E490) -> -0.011347833 | F39: =IF(F29="","",(F29-'2017'!F490)/'2017'!F490) -> -0.001610306 | G39: =IF(G29="","",(G29-#REF!)/#REF!) | H39: =IF(H29="","",(H29-#REF!)/#REF!) | I39: =IF(I29="","",(I29-#REF!)/#REF!) | J39: =J29-'2015'!J59 -> 40.72316 | K39: =K29-'2015'!K59 -> 69.812422 | L39: =L29-'2015'!L59 -> 185.10224 | M39: =IF(G39="","",M29-((1/Comparisons!#REF!)*1000000)) | N39: =IF(H39="","",N29-((1/Comparisons!#REF!)*1000000)) | O39: =IF(I39="","",O29-((1/Comparisons!#REF!)*1000000))
A40: T2b | B40: AI/PID/AO | C40: Interrupts | D40: =IF(D30="","",(D30-'2017'!D491)/'2017'!D491) -> 0.0091640867 | E40: =IF(E30="","",(E30-'2017'!E491)/'2017'!E491) -> -0.031442717 | F40: =IF(F30="","",(F30-'2017'!F491)/'2017'!F491) -> -0.011326194 | G40: =IF(G30="","",(G30-#REF!)/#REF!) | H40: =IF(H30="","",(H30-#REF!)/#REF!) | I40: =IF(I30="","",(I30-#REF!)/#REF!) | J40: =J30-'2015'!J60 -> 62.446061 | K40: =K30-'2015'!K60 -> 113.05286 | L40: =L30-'2015'!L60 -> 214.02971 | M40: =IF(G40="","",M30-((1/Comparisons!#REF!)*1000000)) | N40: =IF(H40="","",N30-((1/Comparisons!#REF!)*1000000)) | O40: =IF(I40="","",O30-((1/Comparisons!#REF!)*1000000))
A41: T3 | B41: AI/AO/Local Logging | C41: Interrupts | D41: =IF(D31="","",(D31-'2017'!D492)/'2017'!D492) -> 0.039152051 | E41: =IF(E31="","",(E31-'2017'!E492)/'2017'!E492) -> -0.21 | F41: =IF(F31="","",(F31-'2017'!F492)/'2017'!F492) -> -0.0025120368 | G41: =IF(G31="","",(G31-#REF!)/#REF!) | H41: =IF(H31="","",(H31-#REF!)/#REF!) | I41: =IF(I31="","",(I31-#REF!)/#REF!) | J41: =J31-'2015'!J61 -> #REF! | K41: =K31-'2015'!K61 -> 120.55455 | L41: =L31-'2015'!L61 -> 209.86359 | M41: =IF(G41="","",M31-((1/Comparisons!#REF!)*1000000)) | N41: =IF(H41="","",N31-((1/Comparisons!#REF!)*1000000)) | O41: =IF(I41="","",O31-((1/Comparisons!#REF!)*1000000))
A42: T4 | B42: AI/AO/Host Comm. | C42: Interrupts | D42: =IF(D32="","",(D32-'2017'!D493)/'2017'!D493) -> -0.025323235 | E42: =IF(E32="","",(E32-'2017'!E493)/'2017'!E493) -> -0.00339098 | F42: =IF(F32="","",(F32-'2017'!F493)/'2017'!F493) -> -0.047146402 | G42: =IF(G32="","",(G32-#REF!)/#REF!) | H42: =IF(H32="","",(H32-#REF!)/#REF!) | I42: =IF(I32="","",(I32-#REF!)/#REF!) | J42: =J32-'2015'!J62 -> 78.492936 | K42: =K32-'2015'!K62 -> 113.41726 | L42: =L32-'2015'!L62 -> 236.74242 | M42: =IF(G42="","",M32-((1/Comparisons!#REF!)*1000000)) | N42: =IF(H42="","",N32-((1/Comparisons!#REF!)*1000000)) | O42: =IF(I42="","",O32-((1/Comparisons!#REF!)*1000000))
A43: LV RT 2018 cRIO Single-Point Benchmark Results (Hz)
A44: cRIO-9033 LV RT 18.0b0, NI-RIO 18.0.0d60
A45: Test | D45: Number of Channels, Rate (Hz) | J45: Number of Channels, Period (uS)
A46: Case | B46: Description | C46: I/O Mode | D46: 1 | E46: 4 | F46: 16 | G46: 32 | H46: 64 | I46: 80 | J46: 1 | K46: 4 | L46: 16 | M46: 32 | N46: 64 | O46: 80
A47: T1a | B47: AI / AO | C47: Polling | D47: 44814 | E47: 20112 | F47: 5832 | J47: =IF(D48="","",(1/D48)*1000000) -> 55.878409 | K47: =IF(E47="","",(1/E47)*1000000) -> 49.721559 | L47: =IF(F47="","",(1/F47)*1000000) -> 171.46776 | M47: =IF(G47="","",(1/G47)*1000000) | N47: =IF(H47="","",(1/H47)*1000000) | O47: =IF(I47="","",(1/I47)*1000000)
A48: T1b | B48: AI / AO | C48: Interrupts | D48: 17896 | E48: 11886 | F48: 5032 | J48: =IF(#REF!="","",(1/#REF!)*1000000) -> #REF! | K48: =IF(E48="","",(1/E48)*1000000) -> 84.132593 | L48: =IF(F48="","",(1/F48)*1000000) -> 198.72814 | M48: =IF(G48="","",(1/G48)*1000000) | N48: =IF(H48="","",(1/H48)*1000000) | O48: =IF(I48="","",(1/I48)*1000000)
A49: T2a | B49: AI/PID/AO | C49: Polling | D49: 43215 | E49: 17725 | F49: 5608 | J49: =IF(D49="","",(1/D49)*1000000) -> 23.140113 | K49: =IF(E49="","",(1/E49)*1000000) -> 56.417489 | L49: =IF(F49="","",(1/F49)*1000000) -> 178.31669 | M49: =IF(G49="","",(1/G49)*1000000) | N49: =IF(H49="","",(1/H49)*1000000) | O49: =IF(I49="","",(1/I49)*1000000)
A50: T2b | B50: AI/PID/AO | C50: Interrupts | D50: 17981 | E50: 11708 | F50: 4789 | J50: =IF(#REF!="","",(1/#REF!)*1000000) -> #REF! | K50: =IF(E50="","",(1/E50)*1000000) -> 85.411684 | L50: =IF(F50="","",(1/F50)*1000000) -> 208.81186 | M50: =IF(G50="","",(1/G50)*1000000) | N50: =IF(H50="","",(1/H50)*1000000) | O50: =IF(I50="","",(1/I50)*1000000)
A51: T3 | B51: AI/AO/Local Logging | C51: Interrupts | D51: 13841 | E51: 10496 | F51: 4753 | J51: =IF(#REF!="","",(1/#REF!)*1000000) -> #REF! | K51: =IF(E51="","",(1/E51)*1000000) -> 95.27439 | L51: =IF(F51="","",(1/F51)*1000000) -> 210.39344 | M51: =IF(G51="","",(1/G51)*1000000) | N51: =IF(H51="","",(1/H51)*1000000) | O51: =IF(I51="","",(1/I51)*1000000)
A52: T4 | B52: AI/AO/Host Comm. | C52: Interrupts | D52: 12190 | E52: 8962 | F52: 4267 | J52: =IF(D52="","",(1/D52)*1000000) -> 82.034454 | K52: =IF(E52="","",(1/E52)*1000000) -> 111.58224 | L52: =IF(F52="","",(1/F52)*1000000) -> 234.35669 | M52: =IF(G52="","",(1/G52)*1000000) | N52: =IF(H52="","",(1/H52)*1000000) | O52: =IF(I52="","",(1/I52)*1000000)
A53: Worst of 10 iterations 9033_sp_online_int_reboots_18.0b0
A54: Result Improvement vs. LV RT 17.0 (with out UI)
A55: Test | D55: Number of Channels (%) | J55: Number of Channels, Difference in Period (uS)
A56: Acronym | B56: Description | C56: I/O Mode | D56: 1 | E56: 4 | F56: 16 | G56: 32 | H56: 64 | I56: 80 | J56: 1 | K56: 4 | L56: 16 | M56: 32 | N56: 64 | O56: 80
A57: T1a | B57: AI / AO | C57: Polling | D57: =IF(D47="","",(D47-'2017'!D488)/'2017'!D488) -> 0.036953051 | E57: =IF(E47="","",(E47-'2017'!E488)/'2017'!E488) -> 0.022418789 | F57: =IF(F47="","",(F47-'2017'!F488)/'2017'!F488) -> -0.0018825946 | G57: =IF(G47="","",(G47-#REF!)/#REF!) | H57: =IF(H47="","",(H47-#REF!)/#REF!) | I57: =IF(I47="","",(I47-#REF!)/#REF!) | J57: =J47-'2015'!J77 -> 47.249032 | K57: =K47-'2015'!K77 -> 42.883224 | L57: =L47-'2015'!L77 -> 161.59448 | M57: =IF(G57="","",M47-((1/Comparisons!#REF!)*1000000)) | N57: =IF(H57="","",N47-((1/Comparisons!#REF!)*1000000)) | O57: =IF(I57="","",O47-((1/Comparisons!#REF!)*1000000))
A58: T1b | B58: AI / AO | C58: Interrupts | D58: =IF(D48="","",(D48-'2017'!D489)/'2017'!D489) -> 0.029807803 | E58: =IF(E48="","",(E48-'2017'!E489)/'2017'!E489) -> -0.021003212 | F58: =IF(F48="","",(F48-'2017'!F489)/'2017'!F489) -> 0.0074074074 | G58: =IF(G48="","",(G48-#REF!)/#REF!) | H58: =IF(H48="","",(H48-#REF!)/#REF!) | I58: =IF(I48="","",(I48-#REF!)/#REF!) | J58: =J48-'2015'!J78 -> #REF! | K58: =K48-'2015'!K78 -> 84.132593 | L58: =L48-'2015'!L78 -> 198.58972 | M58: =IF(G58="","",M48-((1/Comparisons!#REF!)*1000000)) | N58: =IF(H58="","",N48-((1/Comparisons!#REF!)*1000000)) | O58: =IF(I58="","",O48-((1/Comparisons!#REF!)*1000000))
A59: T2a | B59: AI/PID/AO | C59: Polling | D59: =IF(D49="","",(D49-'2017'!D490)/'2017'!D490) -> 0.044370333 | E59: =IF(E49="","",(E49-'2017'!E490)/'2017'!E490) -> -0.014017912 | F59: =IF(F49="","",(F49-'2017'!F490)/'2017'!F490) -> 0.0033995348 | G59: =IF(G49="","",(G49-#REF!)/#REF!) | H59: =IF(H49="","",(H49-#REF!)/#REF!) | I59: =IF(I49="","",(I49-#REF!)/#REF!) | J59: =J49-'2015'!J79 -> 18.455595 | K59: =K49-'2015'!K79 -> 46.583478 | L59: =L49-'2015'!L79 -> 170.10014 | M59: =IF(G59="","",M49-((1/Comparisons!#REF!)*1000000)) | N59: =IF(H59="","",N49-((1/Comparisons!#REF!)*1000000)) | O59: =IF(I59="","",O49-((1/Comparisons!#REF!)*1000000))
A60: T2b | B60: AI/PID/AO | C60: Interrupts | D60: =IF(D50="","",(D50-'2017'!D491)/'2017'!D491) -> 0.11337461 | E60: =IF(E50="","",(E50-'2017'!E491)/'2017'!E491) -> 0.016937375 | F60: =IF(F50="","",(F50-'2017'!F491)/'2017'!F491) -> -0.013797364 | G60: =IF(G50="","",(G50-#REF!)/#REF!) | H60: =IF(H50="","",(H50-#REF!)/#REF!) | I60: =IF(I50="","",(I50-#REF!)/#REF!) | J60: =J50-'2015'!J80 -> #REF! | K60: =K50-'2015'!K80 -> 88.746798 | L60: =L50-'2015'!L80 -> 210.60499 | M60: =IF(G60="","",M50-((1/Comparisons!#REF!)*1000000)) | N60: =IF(H60="","",N50-((1/Comparisons!#REF!)*1000000)) | O60: =IF(I60="","",O50-((1/Comparisons!#REF!)*1000000))
