Workbook

Sheet 8.2
A2: LV 8.2 Results
A3: PXI-8196, LV RT 8.2, NI-DAQmx 8.3 (These results are from the archive ftp://ftp.ni.com/pub/devzone/tut/archives2007.pdf)
A4: Test | B4: Description | C4: I/O Mode | D4: 1ch | G4: 4ch | J4: 16ch
A5: T1 | B5: AI / AO | C5: Polling | D5: 94800 | G5: 61900 | J5: 29200
A6: T2a | B6: AI/PID/AO | C6: Polling | D6: 89700 | G6: 54600 | J6: 26400
A7: T2b | B7: AI/PID/AO | C7: Interrupts | D7: 39400 | G7: 24400 | J7: 16900
A8: T3 | B8: AI/AO/Local Logging | C8: Interrupts | D8: 30700 | G8: 21000 | J8: 14300
A9: T4 | B9: AI/AO/Host communication | C9: Interrupts | D9: 36200 | G9: 24300 | J9: 16300

Sheet 8.6
A2: LV RT 8.6.0 Single-Point Benchmark Results
A3: PXI-8196, LV RT 8.6.0 rc1, NI-DAQmx 8.7.2,
A4: Test | B4: Description | C4: I/O Mode | D4: Rate 1 Channel | E4: Compare 8.2 | F4: Additonal Jitter (us) | G4: Rate 4 Channel | H4: Compare 8.2 | I4: Additonal Jitter (us) | J4: Rate 16 Channel | K4: Compare 8.2 | L4: Additonal Jitter (us)
A5: T1 | B5: AI / AO | C5: Polling | D5: 94800 | E5: =(D5-'8.2'!D5)/'8.2'!D5 -> 0 | F5: =(1/D5-1/'8.2'!D5)*1000000 -> 0 | G5: 59900 | H5: =(G5-'8.2'!G5)/'8.2'!G5 -> -0.032310178 | I5: =(1/G5-1/'8.2'!G5)*1000000 -> 0.53940197 | J5: 28300 | K5: =(J5-'8.2'!J5)/'8.2'!J5 -> -0.030821918 | L5: =(1/J5-1/'8.2'!J5)*1000000 -> 1.0891137
A6: T2a | B6: AI/PID/AO | C6: Polling | D6: 92165 | E6: =(D6-'8.2'!D6)/'8.2'!D6 -> 0.027480491 | F6: =(1/D6-1/'8.2'!D6)*1000000 -> -0.29816623 | G6: 54800 | H6: =(G6-'8.2'!G6)/'8.2'!G6 -> 0.0036630037 | I6: =(1/G6-1/'8.2'!G6)*1000000 -> -0.066843133 | J6: 26400 | K6: =(J6-'8.2'!J6)/'8.2'!J6 -> 0 | L6: =(1/J6-1/'8.2'!J6)*1000000 -> 0
A7: T2b | B7: AI/PID/AO | C7: Interrupts | D7: 39500 | E7: =(D7-'8.2'!D7)/'8.2'!D7 -> 0.0025380711 | F7: =(1/D7-1/'8.2'!D7)*1000000 -> -0.064254964 | G7: 24500 | H7: =(G7-'8.2'!G7)/'8.2'!G7 -> 0.0040983607 | I7: =(1/G7-1/'8.2'!G7)*1000000 -> -0.16728003 | J7: 16200 | K7: =(J7-'8.2'!J7)/'8.2'!J7 -> -0.041420118 | L7: =(1/J7-1/'8.2'!J7)*1000000 -> 2.5567974
A8: T3 | B8: AI/AO/Local Logging | C8: Interrupts | D8: 31200 | E8: =(D8-'8.2'!D8)/'8.2'!D8 -> 0.016286645 | F8: =(1/D8-1/'8.2'!D8)*1000000 -> -0.52200785 | G8: 20800 | H8: =(G8-'8.2'!G8)/'8.2'!G8 -> -0.0095238095 | I8: =(1/G8-1/'8.2'!G8)*1000000 -> 0.45787546 | J8: 14200 | K8: =(J8-'8.2'!J8)/'8.2'!J8 -> -0.006993007 | L8: =(1/J8-1/'8.2'!J8)*1000000 -> 0.49246528
A9: T4 | B9: AI/AO/Host communication | C9: Interrupts | D9: 36443 | E9: =(D9-'8.2'!D9)/'8.2'!D9 -> 0.0067127072 | F9: =(1/D9-1/'8.2'!D9)*1000000 -> -0.18419744 | G9: 23496 | H9: =(G9-'8.2'!G9)/'8.2'!G9 -> -0.03308642 | I9: =(1/G9-1/'8.2'!G9)*1000000 -> 1.4081724 | J9: 15313 | K9: =(J9-'8.2'!J9)/'8.2'!J9 -> -0.060552147 | L9: =(1/J9-1/'8.2'!J9)*1000000 -> 3.9542968

Sheet 2009
A2: LV RT 2009 Single-Point Benchmark Results
A3: PXI-8110, LV RT 2009, NI-DAQmx 8.9.5 (PXI-6259 and PXI-6723) No SMP support
A4: Test | B4: Description | C4: I/O Mode | D4: Rate 1 Channel | E4: Compared to LV 8.6 8196 | F4: Additonal Jitter (us) | G4: Rate 4 Channel | H4: Compared to LV 8.6 8196 | I4: Additonal Jitter (us) | J4: Rate 16 Channel | K4: Compared to LV 8.6 8196 | L4: Additonal Jitter (us)
A5: T1 | B5: AI / AO | C5: Polling | D5: 145985 | E5: =(D5-'8.6'!D5)/'8.6'!D5 -> 0.53992616 | F5: =(1/D5-1/'8.6'!D5)*1000000 -> -3.6985044 | G5: 77220 | H5: =(G5-'8.6'!G5)/'8.6'!G5 -> 0.28914858 | I5: =(1/G5-1/'8.6'!G5)*1000000 -> -3.7444779 | J5: 32787 | K5: =(J5-'8.6'!J5)/'8.6'!J5 -> 0.15855124 | L5: =(1/J5-1/'8.6'!J5)*1000000 -> -4.8357958
A6: T2a | B6: AI/PID/AO | C6: Polling | D6: 136986 | E6: =(D6-'8.6'!D6)/'8.6'!D6 -> 0.48631259 | F6: =(1/D6-1/'8.6'!D6)*1000000 -> -3.5500897 | G6: 69930 | H6: =(G6-'8.6'!G6)/'8.6'!G6 -> 0.27609489 | I6: =(1/G6-1/'8.6'!G6)*1000000 -> -3.9481609 | J6: 30722 | K6: =(J6-'8.6'!J6)/'8.6'!J6 -> 0.16371212 | L6: =(1/J6-1/'8.6'!J6)*1000000 -> -5.3288237
A7: T2b | B7: AI/PID/AO | C7: Interrupts | D7: 35088 | E7: =(D7-'8.6'!D7)/'8.6'!D7 -> -0.1116962 | F7: =(1/D7-1/'8.6'!D7)*1000000 -> 3.1833163 | G7: 21231 | H7: =(G7-'8.6'!G7)/'8.6'!G7 -> -0.13342857 | I7: =(1/G7-1/'8.6'!G7)*1000000 -> 6.2846108 | J7: 18365 | K7: =(J7-'8.6'!J7)/'8.6'!J7 -> 0.13364198 | L7: =(1/J7-1/'8.6'!J7)*1000000 -> -7.2769929
A8: T3 | B8: AI/AO/Local Logging | C8: Interrupts | D8: 33003 | E8: =(D8-'8.6'!D8)/'8.6'!D8 -> 0.057788462 | F8: =(1/D8-1/'8.6'!D8)*1000000 -> -1.7510063 | G8: 19940 | H8: =(G8-'8.6'!G8)/'8.6'!G8 -> -0.041346154 | I8: =(1/G8-1/'8.6'!G8)*1000000 -> 2.0735283 | J8: 18993 | K8: =(J8-'8.6'!J8)/'8.6'!J8 -> 0.33753521 | L8: =(1/J8-1/'8.6'!J8)*1000000 -> -17.771559
A9: T4 | B9: AI/AO/Host communication | C9: Interrupts | D9: 30817 | E9: =(D9-'8.6'!D9)/'8.6'!D9 -> -0.15437807 | F9: =(1/D9-1/'8.6'!D9)*1000000 -> 5.00951 | G9: 10106 | H9: =(G9-'8.6'!G9)/'8.6'!G9 -> -0.56988424 | I9: =(1/G9-1/'8.6'!G9)*1000000 -> 56.390682 | J9: 8234 | K9: =(J9-'8.6'!J9)/'8.6'!J9 -> -0.46228695 | L9: =(1/J9-1/'8.6'!J9)*1000000 -> 56.143666
G10: Std Dev > 5000 | J10: Std Dev > 3000
A11: LV RT 2009 Single-Point Benchmark Results
A12: PXI-8110, LV RT 2009, NI-DAQmx 8.9.5 (PXI-6259 and PXI-6723) With SMP support (and CPU0 loaded)
A13: Test | B13: Description | C13: I/O Mode | D13: Rate 1 Channel | E13: Compared to LV 8.6 8196 | F13: Additonal Jitter (us) | G13: Rate 4 Channel | H13: Compared to LV 8.6 8196 | I13: Additonal Jitter (us) | J13: Rate 16 Channel | K13: Compared to LV 8.6 8196 | L13: Additonal Jitter (us)
A14: T1 | B14: AI / AO | C14: Polling | D14: 91324 | E14: =(D14-'8.6'!D5)/'8.6'!D5 -> -0.036666667 | F14: =(1/D14-1/'8.6'!D5)*1000000 -> 0.40150088 | G14: 62500 | H14: =(G14-'8.6'!G5)/'8.6'!G5 -> 0.043405676 | I14: =(1/G14-1/'8.6'!G5)*1000000 -> -0.69449082 | J14: 30166 | K14: =(J14-'8.6'!J5)/'8.6'!J5 -> 0.065936396 | L14: =(1/J14-1/'8.6'!J5)*1000000 -> -2.1857852
A15: T2a | B15: AI/PID/AO | C15: Polling | D15: 86207 | E15: =(D15-'8.6'!D6)/'8.6'!D6 -> -0.06464493 | F15: =(1/D15-1/'8.6'!D6)*1000000 -> 0.74988029 | G15: 53619 | H15: =(G15-'8.6'!G6)/'8.6'!G6 -> -0.021551095 | I15: =(1/G15-1/'8.6'!G6)*1000000 -> 0.40193019 | J15: 27322 | K15: =(J15-'8.6'!J6)/'8.6'!J6 -> 0.034924242 | L15: =(1/J15-1/'8.6'!J6)*1000000 -> -1.2782462
A16: T2b | B16: AI/PID/AO | C16: Interrupts | D16: 27322 | E16: =(D16-'8.6'!D7)/'8.6'!D7 -> -0.3083038 | F16: =(1/D16-1/'8.6'!D7)*1000000 -> 11.284086 | G16: 23557 | H16: =(G16-'8.6'!G7)/'8.6'!G7 -> -0.038489796 | I16: =(1/G16-1/'8.6'!G7)*1000000 -> 1.6339006 | J16: 14085 | K16: =(J16-'8.6'!J7)/'8.6'!J7 -> -0.13055556 | L16: =(1/J16-1/'8.6'!J7)*1000000 -> 9.26912
A17: T3 | B17: AI/AO/Local Logging | C17: Interrupts | D17: 73801 | E17: =(D17-'8.6'!D8)/'8.6'!D8 -> 1.3654167 | F17: =(1/D17-1/'8.6'!D8)*1000000 -> -18.50133 | G17: 31898 | H17: =(G17-'8.6'!G8)/'8.6'!G8 -> 0.53355769 | I17: =(1/G17-1/'8.6'!G8)*1000000 -> -16.726995 | J17: 8032 | K17: =(J17-'8.6'!J8)/'8.6'!J8 -> -0.4343662 | L17: =(1/J17-1/'8.6'!J8)*1000000 -> 54.079457
A18: T4 | B18: AI/AO/Host communication | C18: Interrupts | D18: 82644 | E18: =(D18-'8.6'!D9)/'8.6'!D9 -> 1.2677606 | F18: =(1/D18-1/'8.6'!D9)*1000000 -> -15.34002 | G18: 51282 | H18: =(G18-'8.6'!G9)/'8.6'!G9 -> 1.1825843 | I18: =(1/G18-1/'8.6'!G9)*1000000 -> -23.060416 | J18: 20387 | K18: =(J18-'8.6'!J9)/'8.6'!J9 -> 0.33135245 | L18: =(1/J18-1/'8.6'!J9)*1000000 -> -16.253124
A20: LV RT 2009 Single-Point Benchmark Results
A21: PXI-8110, LV RT 2009, NI-DAQmx 9.0 (PXI-6259 and PXI-6723) No SMP support
A22: Test | B22: Description | C22: I/O Mode | D22: Rate 1 Channel | E22: Compared to DAQ 8.95 | F22: Additonal Jitter (us) | G22: Rate 4 Channel | H22: Compared to DAQ 8.95 | I22: Additonal Jitter (us) | J22: Rate 16 Channel | K22: Compared to DAQ 8.95 | L22: Additonal Jitter (us)
A23: T1 | B23: AI / AO | C23: Polling | D23: 144928 | E23: =(D23-D5)/D5 -> -0.0072404699 | F23: =(1/D23-1/D5)*1000000 -> 0.049959083 | G23: 80000 | H23: =(G23-G5)/G5 -> 0.036001036 | I23: =(1/G23-1/G5)*1000000 -> -0.45001295 | J23: 32415 | K23: =(J23-J5)/J5 -> -0.01134596 | L23: =(1/J23-1/J5)*1000000 -> 0.35002191
A24: T2a | B24: AI/PID/AO | C24: Polling | D24: 135135 | E24: =(D24-D6)/D6 -> -0.01351233 | F24: =(1/D24-1/D6)*1000000 -> 0.09999134 | G24: 70423 | H24: =(G24-G6)/G6 -> 0.007049907 | I24: =(1/G24-1/G6)*1000000 -> -0.10010802 | J24: 30722 | K24: =(J24-J6)/J6 -> 0 | L24: =(1/J24-1/J6)*1000000 -> 0
A25: T2b | B25: AI/PID/AO | C25: Interrupts | D25: 34542 | E25: =(D25-D7)/D7 -> -0.015560876 | F25: =(1/D25-1/D7)*1000000 -> 0.45049145 | G25: 21231 | H25: =(G25-G7)/G7 -> 0 | I25: =(1/G25-1/G7)*1000000 -> 0 | J25: 18365 | K25: =(J25-J7)/J7 -> 0 | L25: =(1/J25-1/J7)*1000000 -> 0
A26: T3 | B26: AI/AO/Local Logging | C26: Interrupts | D26: 33389 | E26: =(D26-D8)/D8 -> 0.011695906 | F26: =(1/D26-1/D8)*1000000 -> -0.35029221 | G26: 20284 | H26: =(G26-G8)/G8 -> 0.017251755 | I26: =(1/G26-1/G8)*1000000 -> -0.85051051 | J26: 18002 | K26: =(J26-J8)/J8 -> -0.052177118 | L26: =(1/J26-1/J8)*1000000 -> 2.8984067
A27: T4 | B27: AI/AO/Host communication | C27: Interrupts | D27: 31447 | E27: =(D27-D9)/D9 -> 0.020443262 | F27: =(1/D27-1/D9)*1000000 -> -0.65008624 | G27: 20284 | H27: =(G27-G9)/G9 -> 1.0071245 | I27: =(1/G27-1/G9)*1000000 -> -49.651177 | J27: 17652 | K27: =(J27-J9)/J9 -> 1.143794 | L27: =(1/J27-1/J9)*1000000 -> -64.796852
A29: LV RT 2009 Single-Point Benchmark Results
A30: PXI-8110, LV RT 2009, NI-DAQmx 9.0 (PXI-6259 and PXI-6723) With SMP support (and CPU0 loaded)
A31: Test | B31: Description | C31: I/O Mode | D31: Rate 1 Channel | E31: Compared to DAQ 8.95 | F31: Additonal Jitter (us) | G31: Rate 4 Channel | H31: Compared to DAQ 8.95 | I31: Additonal Jitter (us) | J31: Rate 16 Channel | K31: Compared to DAQ 8.95 | L31: Additonal Jitter (us)
A32: T1 | B32: AI / AO | C32: Polling | D32: 94787 | E32: =(D32-D14)/D14 -> 0.037919933 | F32: =(1/D32-1/D14)*1000000 -> -0.40005416 | G32: 65147 | H32: =(G32-G14)/G14 -> 0.042352 | I32: =(1/G32-1/G14)*1000000 -> -0.65009901 | J32: 30166 | K32: =(J32-J14)/J14 -> 0 | L32: =(1/J32-1/J14)*1000000 -> 0
A33: T2a | B33: AI/PID/AO | C33: Polling | D33: 88496 | E33: =(D33-D15)/D15 -> 0.026552368 | F33: =(1/D33-1/D15)*1000000 -> -0.30004032 | G33: 59880 | H33: =(G33-G15)/G15 -> 0.11676831 | I33: =(1/G33-1/G15)*1000000 -> -1.9500386 | J33: 28209 | K33: =(J33-J15)/J15 -> 0.03246468 | L33: =(1/J33-1/J15)*1000000 -> -1.1508625
A34: T2b | B34: AI/PID/AO | C34: Interrupts | D34: 27322 | E34: =(D34-D16)/D16 -> 0 | F34: =(1/D34-1/D16)*1000000 -> 0 | G34: 23337 | H34: =(G34-G16)/G16 -> -0.00933905 | I34: =(1/G34-1/G16)*1000000 -> 0.40018211 | J34: 14503 | K34: =(J34-J16)/J16 -> 0.029676961 | L34: =(1/J34-1/J16)*1000000 -> -2.0462636
A35: T3 | B35: AI/AO/Local Logging | C35: Interrupts | D35: 75472 | E35: =(D35-D17)/D17 -> 0.02264197 | F35: =(1/D35-1/D17)*1000000 -> -0.3000049 | G35: 31898 | H35: =(G35-G17)/G17 -> 0 | I35: =(1/G35-1/G17)*1000000 -> 0 | J35: 8032 | K35: =(J35-J17)/J17 -> 0 | L35: =(1/J35-1/J17)*1000000 -> 0
A36: T4 | B36: AI/AO/Host communication | C36: Interrupts | D36: 82000 | E36: =(D36-D18)/D18 -> -0.0077924592 | F36: =(1/D36-1/D18)*1000000 -> 0.095029991 | G36: 59701 | H36: =(G36-G18)/G18 -> 0.16417066 | I36: =(1/G36-1/G18)*1000000 -> -2.7498813 | J36: 20387 | K36: =(J36-J18)/J18 -> 0 | L36: =(1/J36-1/J18)*1000000 -> 0
D37: T4: Omitted single outlier (69930) | J37: Omitted single outlier (2843)
A39: LV RT 2009 Single-Point Benchmark Results
A40: PXIe-8108, LV RT 2009, NI-DAQmx 9.0 (PXIe-6361 and PXI-6723) No SMP support
A41: Test | B41: Description | C41: I/O Mode | D41: Rate 1 Channel | E41: Compared to 8110 | F41: Additional Jitter (us) | G41: Rate 4 Channel | H41: Compared to 8110 | I41: Additional Jitter (us) | J41: Rate 16 Channel | K41: Compared to 8110 | L41: Additional Jitter (us)
A42: T1 | B42: AI / AO | C42: Polling | D42: 109769 | E42: =(D42-D23)/D23 -> -0.24259632 | F42: =(1/D42-1/D23)*1000000 -> 2.2100623 | G42: 81301 | H42: =(G42-G23)/G23 -> 0.0162625 | I42: =(1/G42-1/G23)*1000000 -> -0.20002829 | J42: 33245 | K42: =(J42-J23)/J23 -> 0.02560543 | L42: =(1/J42-1/J23)*1000000 -> -0.77020393
A43: T2a | B43: AI/PID/AO | C43: Polling | D43: 105485 | E43: =(D43-D24)/D24 -> -0.21941022 | F43: =(1/D43-1/D24)*1000000 -> 2.0800135 | G43: 72993 | H43: =(G43-G24)/G24 -> 0.036493759 | I43: =(1/G43-1/G24)*1000000 -> -0.49996245 | J43: 30553 | K43: =(J43-J24)/J24 -> -0.0055009439 | L43: =(1/J43-1/J24)*1000000 -> 0.18004595
A44: T2b | B44: AI/PID/AO | C44: Interrupts | D44: 39262 | E44: =(D44-D25)/D25 -> 0.13664524 | F44: =(1/D44-1/D25)*1000000 -> -3.4803434 | G44: 36846 | H44: =(G44-G25)/G25 -> 0.73548114 | I44: =(1/G44-1/G25)*1000000 -> -19.960949 | J44: 33245 | K44: =(J44-J25)/J25 -> 0.81023686 | L44: =(1/J44-1/J25)*1000000 -> -24.371691
A45: T3 | B45: AI/AO/Local Logging | C45: Interrupts | D45: 39200 | E45: =(D45-D26)/D26 -> 0.17403935 | F45: =(1/D45-1/D26)*1000000 -> -4.4397794 | G45: 37523 | H45: =(G45-G26)/G26 -> 0.84988168 | I45: =(1/G45-1/G26)*1000000 -> -22.64962 | J45: 33807 | K45: =(J45-J26)/J26 -> 0.877958 | L45: =(1/J45-1/J26)*1000000 -> -25.969711
A46: T4 | B46: AI/AO/Host communication | C46: Interrupts | D46: 38895 | E46: =(D46-D27)/D27 -> 0.23684294 | F46: =(1/D46-1/D27)*1000000 -> -6.0892902 | G46: 36846 | H46: =(G46-G27)/G27 -> 0.81650562 | I46: =(1/G46-1/G27)*1000000 -> -22.159953 | J46: 30423 | K46: =(J46-J27)/J27 -> 0.72348742 | L46: =(1/J46-1/J27)*1000000 -> -23.780936
H47: T4: Omitted single outlier (18457)
A49: LV RT 2009 Single-Point Benchmark Results
A50: PXIe-8108, LV RT 2009, NI-DAQmx 9.0 (PXIe-6361 and PXI-6723) With SMP support
A51: Test | B51: Description | C51: I/O Mode | D51: Rate 1 Channel | E51: Compared to 8110 | F51: Additional Jitter (us) | G51: Rate 4 Channel | H51: Compared to 8110 | I51: Additional Jitter (us) | J51: Rate 16 Channel | K51: Compared to 8110 | L51: Additional Jitter (us)
A52: T1 | B52: AI / AO | C52: Polling | D52: 99502 | E52: =(D52-D32)/D32 -> 0.049743108 | F52: =(1/D52-1/D32)*1000000 -> -0.49992069 | G52: 82781 | H52: =(G52-G32)/G32 -> 0.27068015 | I52: =(1/G52-1/G32)*1000000 -> -3.2698343 | J52: 33245 | K52: =(J52-J32)/J32 -> 0.10206855 | L52: =(1/J52-1/J32)*1000000 -> -3.0701926
A53: T2a | B53: AI/PID/AO | C53: Polling | D53: 96899 | E53: =(D53-D33)/D33 -> 0.094953444 | F53: =(1/D53-1/D33)*1000000 -> -0.97992182 | G53: 74906 | H53: =(G53-G33)/G33 -> 0.2509352 | I53: =(1/G53-1/G33)*1000000 -> -3.3500014 | J53: 32113 | K53: =(J53-J33)/J33 -> 0.13839555 | L53: =(1/J53-1/J33)*1000000 -> -4.3096424
A54: T2b | B54: AI/PID/AO | C54: Interrupts | D54: 38895 | E54: =(D54-D34)/D34 -> 0.42357807 | F54: =(1/D54-1/D34)*1000000 -> -10.890296 | G54: 37523 | H54: =(G54-G34)/G34 -> 0.60787591 | I54: =(1/G54-1/G34)*1000000 -> -16.200088 | J54: 31546 | K54: =(J54-J34)/J34 -> 1.1751362 | L54: =(1/J54-1/J34)*1000000 -> -37.251511
A55: T3 | B55: AI/AO/Local Logging | C55: Interrupts | D55: 89366 | E55: =(D55-D35)/D35 -> 0.18409476 | F55: =(1/D55-1/D35)*1000000 -> -2.060009 | G55: 74906 | H55: =(G55-G35)/G35 -> 1.3482977 | I55: =(1/G55-1/G35)*1000000 -> -17.999862 | J55: 31676 | K55: =(J55-J35)/J35 -> 2.9437251 | L55: =(1/J55-1/J35)*1000000 -> -92.932349
A56: T4 | B56: AI/AO/Host communication | C56: Interrupts | D56: 93458 | E56: =(D56-D36)/D36 -> 0.13973171 | F56: =(1/D56-1/D36)*1000000 -> -1.4951284 | G56: 73910 | H56: =(G56-G36)/G36 -> 0.23800271 | I56: =(1/G56-1/G36)*1000000 -> -3.2201693 | J56: 33102 | K56: =(J56-J36)/J36 -> 0.62368176 | L56: =(1/J56-1/J36)*1000000 -> -18.841211
A59: LV RT 2009 SP1 Single-Point Benchmark Results
A60: PXIe-8108, LV RT 2009 SP1, NI-DAQmx 9.0.2 (PXIe-6361 and PXIe-6363) No SMP support
A61: Test | B61: Description | C61: I/O Mode | D61: Rate 1 Channel | E61: Compared to 2009 w/o 6363 | F61: Additional Jitter (us) | G61: Rate 4 Channel | H61: Compared to 2009 w/o 6363 | I61: Additional Jitter (us) | J61: Rate 16 Channel | K61: Compared to 2009 w/o 6363 | L61: Additional Jitter (us)
A62: T1 | B62: AI / AO | C62: Polling | D62: 158983 | E62: =(D62-D42)/D42 -> 0.44834152 | F62: =(1/D62-1/D42)*1000000 -> -2.8200595 | G62: 100402 | H62: =(G62-G42)/G42 -> 0.23494176 | I62: =(1/G62-1/G42)*1000000 -> -2.3400108 | K62: =(J62-J42)/J42 -> -1 | L62: =(1/J62-1/J42)*1000000 -> #DIV/0!
A63: T2a | B63: AI/PID/AO | C63: Polling | D63: 151515 | E63: =(D63-D43)/D43 -> 0.43636536 | F63: =(1/D63-1/D43)*1000000 -> -2.8800143 | G63: 90662 | H63: =(G63-G43)/G43 -> 0.24206431 | I63: =(1/G63-1/G43)*1000000 -> -2.6699643 | K63: =(J63-J43)/J43 -> -1 | L63: =(1/J63-1/J43)*1000000 -> #DIV/0!
A64: T2b | B64: AI/PID/AO | C64: Interrupts | D64: 85397 | E64: =(D64-D44)/D44 -> 1.1750548 | F64: =(1/D64-1/D44)*1000000 -> -13.759907 | G64: 56497 | H64: =(G64-G44)/G44 -> 0.53332791 | I64: =(1/G64-1/G44)*1000000 -> -9.4399332 | K64: =(J64-J44)/J44 -> -1 | L64: =(1/J64-1/J44)*1000000 -> #DIV/0!
A65: T3 | B65: AI/AO/Local Logging | C65: Interrupts | D65: 84104 | E65: =(D65-D45)/D45 -> 1.1455102 | F65: =(1/D65-1/D45)*1000000 -> -13.620163 | G65: 59453 | H65: =(G65-G45)/G45 -> 0.58444154 | I65: =(1/G65-1/G45)*1000000 -> -9.8303121 | K65: =(J65-J45)/J45 -> -1 | L65: =(1/J65-1/J45)*1000000 -> #DIV/0!
A66: T4 | B66: AI/AO/Host communication | C66: Interrupts | D66: 82305 | E66: =(D66-D46)/D46 -> 1.1160818 | F66: =(1/D66-1/D46)*1000000 -> -13.560315 | G66: 60459 | H66: =(G66-G46)/G46 -> 0.64085654 | I66: =(1/G66-1/G46)*1000000 -> -10.599853 | K66: =(J66-J46)/J46 -> -1 | L66: =(1/J66-1/J46)*1000000 -> #DIV/0!
A68: LV RT 2009 SP1 Single-Point Benchmark Results
A69: PXIe-8108, LV RT 2009 SP1, NI-DAQmx 9.0.2 (PXIe-6361 and PXIe-6363) With SMP support
A70: Test | B70: Description | C70: I/O Mode | D70: Rate 1 Channel | E70: Compared to 2009 w/o 6363 | F70: Additional Jitter (us) | G70: Rate 4 Channel | H70: Compared to 2009 w/o 6363 | I70: Additional Jitter (us) | J70: Rate 16 Channel | K70: Compared to 2009 w/o 6363 | L70: Additional Jitter (us)
A71: T1 | B71: AI / AO | C71: Polling | D71: 148368 | E71: =(D71-D52)/D52 -> 0.49110571 | F71: =(1/D71-1/D52)*1000000 -> -3.3100514 | G71: 102564 | H71: =(G71-G52)/G52 -> 0.23897996 | I71: =(1/G71-1/G52)*1000000 -> -2.3300569 | K71: =(J71-J52)/J52 -> -1 | L71: =(1/J71-1/J52)*1000000 -> #DIV/0!
A72: T2a | B72: AI/PID/AO | C72: Polling | D72: 120337 | E72: =(D72-D53)/D53 -> 0.24188072 | F72: =(1/D72-1/D53)*1000000 -> -2.0100278 | G72: 95969 | H72: =(G72-G53)/G53 -> 0.28119243 | I72: =(1/G72-1/G53)*1000000 -> -2.9300339 | K72: =(J72-J53)/J53 -> -1 | L72: =(1/J72-1/J53)*1000000 -> #DIV/0!
A73: T2b | B73: AI/PID/AO | C73: Interrupts | D73: 56689 | E73: =(D73-D54)/D54 -> 0.45748811 | F73: =(1/D73-1/D54)*1000000 -> -8.070139 | G73: 42955 | H73: =(G73-G54)/G54 -> 0.14476454 | I73: =(1/G73-1/G54)*1000000 -> -3.3701442 | K73: =(J73-J54)/J54 -> -1 | L73: =(1/J73-1/J54)*1000000 -> #DIV/0!
A74: T3 | B74: AI/AO/Local Logging | C74: Interrupts | D74: 132979 | E74: =(D74-D55)/D55 -> 0.48802677 | F74: =(1/D74-1/D55)*1000000 -> -3.6699536 | G74: 89047 | H74: =(G74-G55)/G55 -> 0.18878328 | I74: =(1/G74-1/G55)*1000000 -> -2.1200408 | K74: =(J74-J55)/J55 -> -1 | L74: =(1/J74-1/J55)*1000000 -> #DIV/0!
A75: T4 | B75: AI/AO/Host communication | C75: Interrupts | D75: 131926 | E75: =(D75-D56)/D56 -> 0.41160735 | F75: =(1/D75-1/D56)*1000000 -> -3.1199866 | G75: 76161 | H75: =(G75-G56)/G56 -> 0.03045596 | I75: =(1/G75-1/G56)*1000000 -> -0.39988918 | K75: =(J75-J56)/J56 -> -1 | L75: =(1/J75-1/J56)*1000000 -> #DIV/0!
G76: T4 4ch: This number is about 20% higher about 2/3 of the time.
A78: LV RT 2009 SP1 Single-Point Benchmark Results
A79: PXI-8110, LV RT 2009 SP1, NI-DAQmx 9.1.0 (PXI-6071E and PXI-6723) No SMP support
A80: Test | B80: Description | C80: I/O Mode | D80: Rate 1 Channel | E80: Compared to 2009 w/o 6363 | F80: Additional Jitter (us) | G80: Rate 4 Channel | H80: Compared to 2009 w/o 6363 | I80: Additional Jitter (us) | J80: Rate 16 Channel | K80: Compared to 2009 w/o 6363 | L80: Additional Jitter (us)
A81: T1 | B81: AI / AO | C81: Polling | D81: 140845 | E81: =(D81-D62)/D62 -> -0.11408767 | F81: =(1/D81-1/D62)*1000000 -> 0.81002286 | H81: =(G81-G62)/G62 -> -1 | I81: =(1/G81-1/G62)*1000000 -> #DIV/0! | K81: =(J81-J62)/J62 -> #DIV/0! | L81: =(1/J81-1/J62)*1000000 -> #DIV/0!
A82: T2a | B82: AI/PID/AO | C82: Polling | E82: =(D82-D63)/D63 -> -1 | F82: =(1/D82-1/D63)*1000000 -> #DIV/0! | G82: 71685 | H82: =(G82-G63)/G63 -> -0.20931592 | I82: =(1/G82-1/G63)*1000000 -> 2.9199403 | K82: =(J82-J63)/J63 -> #DIV/0! | L82: =(1/J82-1/J63)*1000000 -> #DIV/0!
A83: T2b | B83: AI/PID/AO | C83: Interrupts | E83: =(D83-D64)/D64 -> -1 | F83: =(1/D83-1/D64)*1000000 -> #DIV/0! | H83: =(G83-G64)/G64 -> -1 | I83: =(1/G83-1/G64)*1000000 -> #DIV/0! | J83: 19940 | K83: =(J83-J64)/J64 -> #DIV/0! | L83: =(1/J83-1/J64)*1000000 -> #DIV/0!
A84: T3 | B84: AI/AO/Local Logging | C84: Interrupts | D84: 36496 | E84: =(D84-D65)/D65 -> -0.56606107 | F84: =(1/D84-1/D65)*1000000 -> 15.510222 | H84: =(G84-G65)/G65 -> -1 | I84: =(1/G84-1/G65)*1000000 -> #DIV/0! | K84: =(J84-J65)/J65 -> #DIV/0! | L84: =(1/J84-1/J65)*1000000 -> #DIV/0!
A85: T4 | B85: AI/AO/Host communication | C85: Interrupts | E85: =(D85-D66)/D66 -> -1 | F85: =(1/D85-1/D66)*1000000 -> #DIV/0! | G85: 22573 | H85: =(G85-G66)/G66 -> -0.62663954 | I85: =(1/G85-1/G66)*1000000 -> 27.760579 | K85: =(J85-J66)/J66 -> #DIV/0! | L85: =(1/J85-1/J66)*1000000 -> #DIV/0!
A87: LV RT 2009 SP1 Single-Point Benchmark Results
A88: PXI-8110, LV RT 2009 SP1, NI-DAQmx 9.1.0 (PXI-6071E and PXI-6723) With SMP support (CPU0 not loaded CAR 207623)
A89: Test | B89: Description | C89: I/O Mode | D89: Rate 1 Channel | E89: Compared to 2009 w/o 6363 | F89: Additional Jitter (us) | G89: Rate 4 Channel | H89: Compared to 2009 w/o 6363 | I89: Additional Jitter (us) | J89: Rate 16 Channel | K89: Compared to 2009 w/o 6363 | L89: Additional Jitter (us)
A90: T1 | B90: AI / AO | C90: Polling | D90: 56657 | E90: =(D90-D71)/D71 -> -0.61813194 | F90: =(1/D90-1/D71)*1000000 -> 10.910072 | H90: =(G90-G71)/G71 -> -1 | I90: =(1/G90-1/G71)*1000000 -> #DIV/0! | K90: =(J90-J71)/J71 -> #DIV/0! | L90: =(1/J90-1/J71)*1000000 -> #DIV/0!
A91: T2a | B91: AI/PID/AO | C91: Polling | E91: =(D91-D72)/D72 -> -1 | F91: =(1/D91-1/D72)*1000000 -> #DIV/0! | H91: =(G91-G72)/G72 -> -1 | I91: =(1/G91-1/G72)*1000000 -> #DIV/0! | K91: =(J91-J72)/J72 -> #DIV/0! | L91: =(1/J91-1/J72)*1000000 -> #DIV/0!
A92: T2b | B92: AI/PID/AO | C92: Interrupts | E92: =(D92-D73)/D73 -> -1 | F92: =(1/D92-1/D73)*1000000 -> #DIV/0! | H92: =(G92-G73)/G73 -> -1 | I92: =(1/G92-1/G73)*1000000 -> #DIV/0! | K92: =(J92-J73)/J73 -> #DIV/0! | L92: =(1/J92-1/J73)*1000000 -> #DIV/0!
A93: T3 | B93: AI/AO/Local Logging | C93: Interrupts | E93: =(D93-D74)/D74 -> -1 | F93: =(1/D93-1/D74)*1000000 -> #DIV/0! | H93: =(G93-G74)/G74 -> -1 | I93: =(1/G93-1/G74)*1000000 -> #DIV/0! | K93: =(J93-J74)/J74 -> #DIV/0! | L93: =(1/J93-1/J74)*1000000 -> #DIV/0!
A94: T4 | B94: AI/AO/Host communication | C94: Interrupts | E94: =(D94-D75)/D75 -> -1 | F94: =(1/D94-1/D75)*1000000 -> #DIV/0! | H94: =(G94-G75)/G75 -> -1 | I94: =(1/G94-1/G75)*1000000 -> #DIV/0! | K94: =(J94-J75)/J75 -> #DIV/0! | L94: =(1/J94-1/J75)*1000000 -> #DIV/0!

Sheet 2010
A1: LV RT 2010b29 Single-Point Benchmark Results
A2: PXI-8110, LV RT 2010, NI-DAQmx 9.1.0 (PXI-6071E and PXI-6723) No SMP support
A3: Test | B3: Description | C3: I/O Mode | D3: Rate 1 Channel | E3: Compared to LV 2009 SP1 | F3: Additonal Jitter (us) | G3: Rate 4 Channel | H3: Compared to LV 2009 SP1 | I3: Additonal Jitter (us) | J3: Rate 16 Channel | K3: Compared to LV 2009 SP1 | L3: Additonal Jitter (us)
A4: T1 | B4: AI / AO | C4: Polling | D4: 148148 | E4: =(D4-'2009'!D81)/'2009'!D81 -> 0.051851326 | G4: 79051 | H4: =(G4-'2009'!G81)/'2009'!G81 -> #DIV/0! | J4: 33389 | K4: =(J4-'2009'!J81)/'2009'!J81 -> #DIV/0!
A5: T2a | B5: AI/PID/AO | C5: Polling | D5: 131579 | E5: =(D5-'2009'!D82)/'2009'!D82 -> #DIV/0! | G5: 70671 | H5: =(G5-'2009'!G82)/'2009'!G82 -> -0.014145219 | J5: 31696 | K5: =(J5-'2009'!J82)/'2009'!J82 -> #DIV/0!
A6: T2b | B6: AI/PID/AO | C6: Interrupts | D6: 38095 | E6: =(D6-'2009'!D83)/'2009'!D83 -> #DIV/0! | G6: 23557 | H6: =(G6-'2009'!G83)/'2009'!G83 -> #DIV/0! | J6: 20284 | K6: =(J6-'2009'!J83)/'2009'!J83 -> 0.017251755
A7: T3 | B7: AI/AO/Local Logging | C7: Interrupts | D7: 35714 | E7: =(D7-'2009'!D84)/'2009'!D84 -> -0.021427006 | G7: 23557 | H7: =(G7-'2009'!G84)/'2009'!G84 -> #DIV/0! | J7: 20921 | K7: =(J7-'2009'!J84)/'2009'!J84 -> #DIV/0!
A8: T4 | B8: AI/AO/Host communication | C8: Interrupts | D8: 35087 | E8: =(D8-'2009'!D85)/'2009'!D85 -> #DIV/0! | G8: 22573 | H8: =(G8-'2009'!G85)/'2009'!G85 -> 0 | J8: 20202 | K8: =(J8-'2009'!J85)/'2009'!J85 -> #DIV/0!
A10: LV RT 2010b29 Single-Point Benchmark Results
A11: PXI-8110, LV RT 2010, NI-DAQmx 9.1.0 (PXI-6071E and PXI-6723) With SMP support (CPU0 loaded)
A12: Test | B12: Description | C12: I/O Mode | D12: Rate 1 Channel | E12: Compared to LV 2009 SP1 | F12: Additonal Jitter (us) | G12: Rate 4 Channel | H12: Compared to LV 2009 SP1 | I12: Additonal Jitter (us) | J12: Rate 16 Channel | K12: Compared to LV 2009 SP1 | L12: Additonal Jitter (us)
A13: T1 | B13: AI / AO | C13: Polling | D13: 161290 | E13: =(D13-'2009'!D32)/'2009'!D32 -> 0.70160465 | G13: 80972 | H13: =(G13-'2009'!G32)/'2009'!G32 -> 0.24291218 | J13: 34542 | K13: =(J13-'2009'!J32)/'2009'!J32 -> 0.14506398
A14: T2a | B14: AI/PID/AO | C14: Polling | D14: 148148 | E14: =(D14-'2009'!D33)/'2009'!D33 -> 0.67406436 | G14: 84746 | H14: =(G14-'2009'!G33)/'2009'!G33 -> 0.41526386 | J14: 33389 | K14: =(J14-'2009'!J33)/'2009'!J33 -> 0.18362934
A15: T2b | B15: AI/PID/AO | C15: Interrupts | D15: 31696 | E15: =(D15-'2009'!D34)/'2009'!D34 -> 0.16009077 | G15: 27322 | H15: =(G15-'2009'!G34)/'2009'!G34 -> 0.17075888 | J15: 17376 | K15: =(J15-'2009'!J34)/'2009'!J34 -> 0.19809695
A16: T3 | B16: AI/AO/Local Logging | C16: Interrupts | D16: 123457 | E16: =(D16-'2009'!D35)/'2009'!D35 -> 0.63579871 | G16: 42463 | H16: =(G16-'2009'!G35)/'2009'!G35 -> 0.33121199 | J16: 10309 | K16: =(J16-'2009'!J35)/'2009'!J35 -> 0.28349104
A17: T4 | B17: AI/AO/Host communication | C17: Interrupts | D17: 127389 | E17: =(D17-'2009'!D36)/'2009'!D36 -> 0.55352439 | G17: 72464 | H17: =(G17-'2009'!G36)/'2009'!G36 -> 0.21378201 | J17: 22497 | K17: =(J17-'2009'!J36)/'2009'!J36 -> 0.10349733
A19: LV RT 2010rc8 Single-Point Benchmark Results
A20: PXIe-8108, LV RT 2010, NI-DAQmx 9.1.5 (PXIe-6361 and PXIe-6363) No SMP support
A21: Test | B21: Description | C21: I/O Mode | D21: Rate 1 Channel | E21: Vs. LV09SP1, Dmx9.02 | F21: Additonal Jitter (us) | G21: Rate 4 Channel | H21: Vs. LV09SP1, Dmx9.02 | I21: Additonal Jitter (us) | J21: Rate 16 Channel
A22: T1 | B22: AI / AO | C22: Polling | D22: 160256 | E22: =(D22-'2009'!D62)/'2009'!D62 -> 0.0080071454 | G22: 99305 | H22: =(G22-'2009'!G62)/'2009'!G62 -> -0.010926077
A23: T2a | B23: AI/PID/AO | C23: Polling | D23: 152439 | E23: =(D23-'2009'!D63)/'2009'!D63 -> 0.0060984061 | G23: 84746 | H23: =(G23-'2009'!G63)/'2009'!G63 -> -0.065253359
A24: T2b | B24: AI/PID/AO | C24: Interrupts | D24: 85034 | E24: =(D24-'2009'!D64)/'2009'!D64 -> -0.0042507348 | G24: 56497 | H24: =(G24-'2009'!G64)/'2009'!G64 -> 0
A25: T3 | B25: AI/AO/Local Logging | C25: Interrupts | D25: 78370 | E25: =(D25-'2009'!D65)/'2009'!D65 -> -0.068177495 | G25: 55494 | H25: =(G25-'2009'!G65)/'2009'!G65 -> -0.066590416
A26: T4 | B26: AI/AO/Host communication | C26: Interrupts | D26: 77519 | E26: =(D26-'2009'!D66)/'2009'!D66 -> -0.058149566 | G26: 51546 | H26: =(G26-'2009'!G66)/'2009'!G66 -> -0.14742222
A28: LV RT 2010rc2 Single-Point Benchmark Results
A29: PXIe-8108, LV RT 2010, NI-DAQmx 9.1.5 (PXIe-6361 and PXIe-6363) With SMP support
A30: Test | B30: Description | C30: I/O Mode | D30: Rate 1 Channel | E30: Vs. LV09SP1, Dmx9.02 | F30: Additonal Jitter (us) | G30: Rate 4 Channel | H30: Vs. LV09SP1, Dmx9.02 | I30: Additonal Jitter (us) | J30: Rate 16 Channel
A31: T1 | B31: AI / AO | C31: Polling | D31: 156495 | E31: =(D31-'2009'!D71)/'2009'!D71 -> 0.054775962 | G31: 101937 | H31: =(G31-'2009'!G71)/'2009'!G71 -> -0.0061132561
A32: T2a | B32: AI/PID/AO | C32: Polling | D32: 153139 | E32: =(D32-'2009'!D72)/'2009'!D72 -> 0.27258449 | G32: 95057 | H32: =(G32-'2009'!G72)/'2009'!G72 -> -0.0095030687
A33: T2b | B33: AI/PID/AO | C33: Interrupts | D33: 60096 | E33: =(D33-'2009'!D73)/'2009'!D73 -> 0.060099843 | G33: 43611 | H33: =(G33-'2009'!G73)/'2009'!G73 -> 0.015271796
A34: T3 | B34: AI/AO/Local Logging | C34: Interrupts | D34: 125313 | E34: =(D34-'2009'!D74)/'2009'!D74 -> -0.0576482 | G34: 94162 | H34: =(G34-'2009'!G74)/'2009'!G74 -> 0.057441576
A35: T4 | B35: AI/AO/Host communication | C35: Interrupts | D35: 145349 | E35: =(D35-'2009'!D75)/'2009'!D75 -> 0.10174643 | G35: 82102 | H35: =(G35-'2009'!G75)/'2009'!G75 -> 0.078005803
A37: LV RT 2010rc2 Single-Point Benchmark Results
A38: PXI-8110, LV RT 2010, NI-DAQmx 9.1.5 (PXI-6071E and PXI-6723) No SMP support
A39: Test | B39: Description | C39: I/O Mode | D39: Rate 1 Channel | E39: Vs. LV09, Dmx9.0 | F39: Additonal Jitter (us) | G39: Rate 4 Channel | H39: Vs. LV09, Dmx9.0 | I39: Additonal Jitter (us) | J39: Rate 16 Channel | K39: Vs. LV09, Dmx9.0 | L39: Additonal Jitter (us)
A40: T1 | B40: AI / AO | C40: Polling | D40: 161290 | E40: =(D40-'2009'!D23)/'2009'!D23 -> 0.11289744 | G40: 80972 | H40: =(G40-'2009'!G23)/'2009'!G23 -> 0.01215 | J40: 31299 | K40: =(J40-'2009'!J23)/'2009'!J23 -> -0.034428505
A41: T2a | B41: AI/PID/AO | C41: Polling | D41: 150376 | E41: =(D41-'2009'!D24)/'2009'!D24 -> 0.11278351 | G41: 76046 | H41: =(G41-'2009'!G24)/'2009'!G24 -> 0.079846073 | J41: 32258 | K41: =(J41-'2009'!J24)/'2009'!J24 -> 0.049996745
A42: T2b | B42: AI/PID/AO | C42: Interrupts | D42: 45045 | E42: =(D42-'2009'!D25)/'2009'!D25 -> 0.30406462 | G42: 30166 | H42: =(G42-'2009'!G25)/'2009'!G25 -> 0.42084687 | J42: 24155 | K42: =(J42-'2009'!J25)/'2009'!J25 -> 0.31527362
A43: T3 | B43: AI/AO/Local Logging | C43: Interrupts | D43: 41494 | E43: =(D43-'2009'!D26)/'2009'!D26 -> 0.24274462 | G43: 28209 | H43: =(G43-'2009'!G26)/'2009'!G26 -> 0.39070203 | J43: 21231 | K43: =(J43-'2009'!J26)/'2009'!J26 -> 0.17936896
A44: T4 | B44: AI/AO/Host communication | C44: Interrupts | D44: 40984 | E44: =(D44-'2009'!D27)/'2009'!D27 -> 0.30327217 | G44: 29197 | H44: =(G44-'2009'!G27)/'2009'!G27 -> 0.43941037 | J44: 21053 | K44: =(J44-'2009'!J27)/'2009'!J27 -> 0.19266939
A45: Note: compared against 2009 with PXI-6259 and PXI-6723.
A46: LV RT 2010rc8 Single-Point Benchmark Results
A47: PXI-8110, LV RT 2010, NI-DAQmx 9.1.5 (PXI-6071E and PXI-6723) With SMP support
A48: Test | B48: Description | C48: I/O Mode | D48: Rate 1 Channel | E48: Vs. LV09, Dmx9.0 | F48: Additonal Jitter (us) | G48: Rate 4 Channel | H48: Vs. LV09, Dmx9.0 | I48: Additonal Jitter (us) | J48: Rate 16 Channel | K48: Vs. LV09, Dmx9.0 | L48: Additonal Jitter (us)
A49: T1 | B49: AI / AO | C49: Polling | D49: 178571 | E49: =(D49-'2009'!D32)/'2009'!D32 -> 0.88391868 | G49: 86382 | H49: =(G49-'2009'!G32)/'2009'!G32 -> 0.32595515 | J49: 31696 | K49: =(J49-'2009'!J32)/'2009'!J32 -> 0.050719353
A50: T2a | B50: AI/PID/AO | C50: Polling | D50: 170940 | E50: =(D50-'2009'!D33)/'2009'!D33 -> 0.93161273 | G50: 80972 | H50: =(G50-'2009'!G33)/'2009'!G33 -> 0.35223781 | J50: 33389 | K50: =(J50-'2009'!J33)/'2009'!J33 -> 0.18362934
A51: T2b | B51: AI/PID/AO | C51: Interrupts | D51: 27701 | E51: =(D51-'2009'!D34)/'2009'!D34 -> 0.013871605 | G51: 27701 | H51: =(G51-'2009'!G34)/'2009'!G34 -> 0.18699919 | J51: 18365 | K51: =(J51-'2009'!J34)/'2009'!J34 -> 0.26628973
A52: T3 | B52: AI/AO/Local Logging | C52: Interrupts | D52: 120482 | E52: =(D52-'2009'!D35)/'2009'!D35 -> 0.59638011 | G52: 73801 | H52: =(G52-'2009'!G35)/'2009'!G35 -> 1.313656 | J52: 31696 | K52: =(J52-'2009'!J35)/'2009'!J35 -> 2.9462151
A53: T4 | B53: AI/AO/Host communication | C53: Interrupts | D53: 104712 | E53: =(D53-'2009'!D36)/'2009'!D36 -> 0.27697561 | G53: 50251 | H53: =(G53-'2009'!G36)/'2009'!G36 -> -0.15828881 | J53: 15060 | K53: =(J53-'2009'!J36)/'2009'!J36 -> -0.26129396
A54: Note: compared against 2009 with PXI-6259 and PXI-6723.
A55: LV RT 2010rc8 Single-Point Benchmark Results
A56: PXI-8110, LV RT 2010, NI-DAQmx 9.1.5 (PXI-6071E and PXI-6723) With SMP support (CPU0 loaded)
A57: Test | B57: Description | C57: I/O Mode | D57: Rate 1 Channel | E57: Vs. LV09, Dmx9.0 | F57: Additonal Jitter (us) | G57: Rate 4 Channel | H57: Vs. LV09, Dmx9.0 | I57: Additonal Jitter (us) | J57: Rate 16 Channel | K57: Vs. LV09, Dmx9.0 | L57: Additonal Jitter (us)
A58: T1 | B58: AI / AO | C58: Polling | D58: 181818 | E58: =(D58-'2009'!D32)/'2009'!D32 -> 0.91817443 | G58: 81633 | H58: =(G58-'2009'!G32)/'2009'!G32 -> 0.25305847 | J58: 31696 | K58: =(J58-'2009'!J32)/'2009'!J32 -> 0.050719353
A59: T2a | B59: AI/PID/AO | C59: Polling | D59: 173913 | E59: =(D59-'2009'!D33)/'2009'!D33 -> 0.96520747 | G59: 80972 | H59: =(G59-'2009'!G33)/'2009'!G33 -> 0.35223781 | J59: 33003 | K59: =(J59-'2009'!J33)/'2009'!J33 -> 0.16994576
A60: T2b | B60: AI/PID/AO | C60: Interrupts | D60: 36036 | E60: =(D60-'2009'!D34)/'2009'!D34 -> 0.31893712 | G60: 29197 | H60: =(G60-'2009'!G34)/'2009'!G34 -> 0.2511034 | J60: 26385 | K60: =(J60-'2009'!J34)/'2009'!J34 -> 0.81927877
A61: T3 | B61: AI/AO/Local Logging | C61: Interrupts | D61: 129032 | E61: =(D61-'2009'!D35)/'2009'!D35 -> 0.70966716 | G61: 80972 | H61: =(G61-'2009'!G35)/'2009'!G35 -> 1.5384664 | J61: 30722 | K61: =(J61-'2009'!J35)/'2009'!J35 -> 2.8249502
A62: T4 | B62: AI/AO/Host communication | C62: Interrupts | D62: 122699 | E62: =(D62-'2009'!D36)/'2009'!D36 -> 0.49632927 | G62: 46838 | H62: =(G62-'2009'!G36)/'2009'!G36 -> -0.21545703 | J62: 11416 | K62: =(J62-'2009'!J36)/'2009'!J36 -> -0.44003532
A63: Note: compared against 2009 with PXI-6259 and PXI-6723.
A65: LV RT 2010 SP1 Single-Point Benchmark Results
A66: PXIe-8108, LV RT 2010 SP1, NI-DAQmx 9.2.3.31 (PXIe-6361 and PXIe-6363) With SMP support
A67: Test | B67: Description | C67: I/O Mode | D67: Rate 1 Channel | E67: Vs. LV10, Dmx9.02 | F67: Additonal Jitter (us) | G67: Rate 4 Channel | H67: Vs. LV10, Dmx9.02 | I67: Additonal Jitter (us) | J67: Rate 16 Channel
A68: T1 | B68: AI / AO | C68: Polling | D68: 144509 | E68: =(D68-D31)/D31 -> -0.076590306 | G68: 111982 | H68: =(G68-G31)/G31 -> 0.098541256 | J68: 36644
A69: T2a | B69: AI/PID/AO | C69: Polling | D69: 143885 | E69: =(D69-D32)/D32 -> -0.060428761 | G69: 106157 | H69: =(G69-G32)/G32 -> 0.11677204 | J69: 32113
A70: T2b | B70: AI/PID/AO | C70: Interrupts | D70: 65445 | E70: =(D70-D33)/D33 -> 0.089007588 | G70: 56497 | H70: =(G70-G33)/G33 -> 0.29547591 | J70: 28176
A71: T3 | B71: AI/AO/Local Logging | C71: Polling | D71: 155520 | E71: =(D71-D34)/D34 -> 0.2410524 | G71: 107758 | H71: =(G71-G34)/G34 -> 0.14438946 | J71: 35473
A72: T4 | B72: AI/AO/Host communication | C72: Polling | D72: 141643 | E72: =(D72-D35)/D35 -> -0.025497251 | G72: 101214 | H72: =(G72-G35)/G35 -> 0.23278361 | J72: 36469
A75: LV RT 2010 SP1 Single-Point Benchmark Results
A76: PXIe-8108, LV RT 2010, NI-DAQmx 9.1.5 (PXIe-6361 and PXIe-6363) No SMP support
A77: Test | B77: Description | C77: I/O Mode | D77: Rate 1 Channel | E77: Vs. LV10, Dmx9.02 | F77: Additonal Jitter (us) | G77: Rate 4 Channel | H77: Vs. LV10, Dmx9.02 | I77: Additonal Jitter (us) | J77: DAQmx Rate 16 Channel
A78: T1 | B78: AI / AO | C78: Polling | D78: 156006 | E78: =(D78-D22)/D22 -> -0.026520068 | G78: 107875 | H78: =(G78-G22)/G22 -> 0.086299783 | J78: 36846
A79: T2a | B79: AI/PID/AO | C79: Polling | D79: 147059 | E79: =(D79-D23)/D23 -> -0.035292806 | G79: 100402 | H79: =(G79-G23)/G23 -> 0.18474028 | J79: 35075
A80: T2b | B80: AI/PID/AO | C80: Interrupts | D80: 92507 | E80: =(D80-D24)/D24 -> 0.087882494 | G80: 79239 | H80: =(G80-G24)/G24 -> 0.40253465 | J80: 32808
A81: T3 | B81: AI/AO/Local Logging | C81: Interrupts | D81: 80645 | E81: =(D81-D25)/D25 -> 0.029028965 | G81: 74627 | H81: =(G81-G25)/G25 -> 0.34477601 | J81: 32113
A82: T4 | B82: AI/AO/Host communication | C82: Interrupts | D82: 79681 | E82: =(D82-D26)/D26 -> 0.027889937 | G82: 72046 | H82: =(G82-G26)/G26 -> 0.39770302 | J82: 32103

Sheet 2011
A1: LV RT 2011 Single-Point Benchmark Results
A2: PXIe-8108, LV RT 2011b103, NI-DAQmx 9.3.5b16 (PXIe-6361 and PXIe-6363) With SMP support
A3: Test | B3: Description | C3: I/O Mode | D3: Rate 1ch Min | E3: Vs. LV10.1, Dmx9.1.5 | F3: Additonal Jitter (us) | G3: Rate 4ch Min | H3: Vs. LV10.1, Dmx9.1.5 | I3: Additonal Jitter (us) | J3: Rate 16ch Min | K3: Vs. LV10.1, Dmx9.1.5
A4: T1 | B4: AI / AO | C4: Polling | D4: 145773 | E4: =(D4-'2010'!D68)/'2010'!D68 -> 0.0087468601 | G4: 101420 | H4: =(G4-'2010'!G68)/'2010'!G68 -> -0.09431873 | J4: 37523 | K4: =(J4-'2010'!J68)/'2010'!J68 -> 0.023987556
A5: T2a | B5: AI/PID/AO | C5: Polling | D5: 150602 | E5: =(D5-'2010'!D69)/'2010'!D69 -> 0.046683115 | G5: 101626 | H5: =(G5-'2010'!G69)/'2010'!G69 -> -0.042682065 | J5: 35112 | K5: =(J5-'2010'!J69)/'2010'!J69 -> 0.09338897
A6: T2b | B6: AI/PID/AO | C6: Interrupts | D6: 56529 | E6: =(D6-'2010'!D70)/'2010'!D70 -> -0.13623653 | G6: 49554 | H6: =(G6-'2010'!G70)/'2010'!G70 -> -0.12289148 | J6: 26240 | K6: =(J6-'2010'!J70)/'2010'!J70 -> -0.06871096
A7: T3 | B7: AI/AO/Local Logging | C7: Polling | D7: 144509 | E7: =(D7-'2010'!D71)/'2010'!D71 -> -0.070801183 | G7: 101010 | H7: =(G7-'2010'!G71)/'2010'!G71 -> -0.062621801 | J7: 35804 | K7: =(J7-'2010'!J71)/'2010'!J71 -> 0.0093310405
A8: T4 | B8: AI/AO/Host communication | C8: Polling | D8: 139665 | E8: =(D8-'2010'!D72)/'2010'!D72 -> -0.013964686 | G8: 96899 | H8: =(G8-'2010'!G72)/'2010'!G72 -> -0.042632442 | J8: 36010 | K8: =(J8-'2010'!J72)/'2010'!J72 -> -0.012586032
A10: LV RT 2011 Single-Point Benchmark Results
A11: PXIe-8108, LV RT 2011b103, NI-DAQmx 9.3.5b16 (PXIe-6361 and PXIe-6363) No SMP support
A12: Test | B12: Description | C12: I/O Mode | D12: Rate 1 Channel | E12: Vs. LV10.1, Dmx9.1.5 | F12: Additonal Jitter (us) | G12: Rate 4 Channel | H12: Vs. LV10.1, Dmx9.1.5 | I12: Additonal Jitter (us) | J12: DAQmx Rate 16 Channel | K12: Vs. LV10.1, Dmx9.1.5
A13: T1 | B13: AI / AO | C13: Polling | D13: 150602 | E13: =(D13-'2010'!D78)/'2010'!D78 -> -0.034639693 | G13: 103627 | H13: =(G13-'2010'!G78)/'2010'!G78 -> -0.039378911 | J13: 36470 | K13: =(J13-'2010'!J78)/'2010'!J78 -> -0.010204636
A14: T2a | B14: AI/PID/AO | C14: Polling | D14: 144092 | E14: =(D14-'2010'!D79)/'2010'!D79 -> -0.020175576 | G14: 93197 | H14: =(G14-'2010'!G79)/'2010'!G79 -> -0.071761519 | J14: 33944 | K14: =(J14-'2010'!J79)/'2010'!J79 -> -0.032245189
A15: T2b | B15: AI/PID/AO | C15: Interrupts | D15: 83752 | E15: =(D15-'2010'!D80)/'2010'!D80 -> -0.094641487 | G15: 72254 | H15: =(G15-'2010'!G80)/'2010'!G80 -> -0.088151037 | J15: 31676 | K15: =(J15-'2010'!J80)/'2010'!J80 -> -0.03450378
A16: T3 | B16: AI/AO/Local Logging | C16: Interrupts | D16: 74129 | E16: =(D16-'2010'!D81)/'2010'!D81 -> -0.080798562 | G16: 67797 | H16: =(G16-'2010'!G81)/'2010'!G81 -> -0.091521835 | J16: 32113 | K16: =(J16-'2010'!J81)/'2010'!J81 -> 0
A17: T4 | B17: AI/AO/Host communication | C17: Interrupts | D17: 71073 | E17: =(D17-'2010'!D82)/'2010'!D82 -> -0.10803077 | G17: 66711 | H17: =(G17-'2010'!G82)/'2010'!G82 -> -0.074049913 | J17: 31536 | K17: =(J17-'2010'!J82)/'2010'!J82 -> -0.017661901
A20: LV RT 2011 SP1 Single-Point Benchmark Results
A21: PXIe-8108, LV RT 2011.1a1, NI-DAQmx 9.4.0 (PXIe-6361 and PXIe-6363) With SMP support
A22: Test | B22: Description | C22: I/O Mode | D22: Rate 1 Channel | E22: Vs. LV10.1, Dmx9.1.5 | F22: Vs. LV11, Dmx9.3.5 | G22: Rate 4 Channel | H22: Vs. LV10.1, Dmx9.1.5 | I22: Vs. LV11, Dmx9.3.5 | J22: Rate 16 Channel | K22: Vs. LV10.1, Dmx9.1.5 | L22: Vs. LV11, Dmx9.3.5
A23: T1 | B23: AI / AO | C23: Polling | D23: 169779 | E23: =(D23-'2010'!D68)/'2010'!D68 -> 0.174868 | F23: =(D23-D4)/D4 -> 0.1646807 | G23: 112486 | H23: =(G23-'2010'!G68)/'2010'!G68 -> 0.0045007233 | I23: =(G23-G4)/G4 -> 0.10911063 | J23: 37523 | K23: =(J23-'2010'!J68)/'2010'!J68 -> 0.023987556 | L23: =(J23-J4)/J4 -> 0
A24: T2a | B24: AI/PID/AO | C24: Polling | D24: 144509 | E24: =(D24-'2010'!D69)/'2010'!D69 -> 0.0043367967 | F24: =(D24-D5)/D5 -> -0.04045763 | G24: 103520 | H24: =(G24-'2010'!G69)/'2010'!G69 -> -0.024840566 | I24: =(G24-G5)/G5 -> 0.018636963 | J24: 36166 | K24: =(J24-'2010'!J69)/'2010'!J69 -> 0.12621057 | L24: =(J24-J5)/J5 -> 0.030018227
A25: T2b | B25: AI/PID/AO | C25: Interrupts | D25: 61312 | E25: =(D25-'2010'!D70)/'2010'!D70 -> -0.063152265 | F25: =(D25-D6)/D6 -> 0.084611438 | G25: 54585 | H25: =(G25-'2010'!G70)/'2010'!G70 -> -0.033842505 | I25: =(G25-G6)/G6 -> 0.10152561 | J25: 27181 | K25: =(J25-'2010'!J70)/'2010'!J70 -> -0.035313742 | L25: =(J25-J6)/J6 -> 0.03586128
A26: T3 | B26: AI/AO/Local Logging | C26: Polling | D26: 143266 | E26: =(D26-'2010'!D71)/'2010'!D71 -> -0.078793724 | F26: =(D26-D7)/D7 -> -0.0086015404 | G26: 106157 | H26: =(G26-'2010'!G71)/'2010'!G71 -> -0.014857366 | I26: =(G26-G7)/G7 -> 0.050955351 | J26: 35651 | K26: =(J26-'2010'!J71)/'2010'!J71 -> 0.0050179009 | L26: =(J26-J7)/J7 -> -0.0042732656
A27: T4 | B27: AI/AO/Host communication | C27: Polling | D27: 139470 | E27: =(D27-'2010'!D72)/'2010'!D72 -> -0.015341386 | F27: =(D27-D8)/D8 -> -0.001396198 | G27: 100200 | H27: =(G27-'2010'!G72)/'2010'!G72 -> -0.010018377 | I27: =(G27-G8)/G8 -> 0.034066399 | J27: 33289 | K27: =(J27-'2010'!J72)/'2010'!J72 -> -0.087197346 | L27: =(J27-J8)/J8 -> -0.075562344
A29: LV RT 2011 SP1 Single-Point Benchmark Results
A30: PXIe-8108, LV RT 2011.1a1, NI-DAQmx 9.4.0 (PXIe-6361 and PXIe-6363) No SMP support
A31: Test | B31: Description | C31: I/O Mode | D31: Rate 1 Channel | E31: Vs. LV10.1, Dmx9.1.5 | F31: Vs. LV11, Dmx9.3.5 | G31: Rate 4 Channel | H31: Vs. LV10.1, Dmx9.1.5 | I31: Vs. LV11, Dmx9.3.5 | J31: DAQmx Rate 16 Channel | K31: Vs. LV10.1, Dmx9.1.5 | L31: Vs. LV11, Dmx9.3.5
A32: T1 | B32: AI / AO | C32: Polling | D32: 154083 | E32: =(D32-'2010'!D78)/'2010'!D78 -> -0.012326449 | F32: =(D32-D13)/D13 -> 0.023113903 | G32: 102041 | H32: =(G32-'2010'!G78)/'2010'!G78 -> -0.054081112 | I32: =(G32-G13)/G13 -> -0.015304892 | J32: 36166 | K32: =(J32-'2010'!J78)/'2010'!J78 -> -0.018455192 | L32: =(J32-J13)/J13 -> -0.0083356183
A33: T2a | B33: AI/PID/AO | C33: Polling | D33: 148810 | E33: =(D33-'2010'!D79)/'2010'!D79 -> 0.011906786 | F33: =(D33-D14)/D14 -> 0.03274297 | G33: 94073 | H33: =(G33-'2010'!G79)/'2010'!G79 -> -0.063036593 | I33: =(G33-G14)/G14 -> 0.0093994442 | J33: 34518 | K33: =(J33-'2010'!J79)/'2010'!J79 -> -0.015880257 | L33: =(J33-J14)/J14 -> 0.016910205
A34: T2b | B34: AI/PID/AO | C34: Interrupts | D34: 85690 | E34: =(D34-'2010'!D80)/'2010'!D80 -> -0.073691721 | F34: =(D34-D15)/D15 -> 0.023139746 | G34: 72569 | H34: =(G34-'2010'!G80)/'2010'!G80 -> -0.084175722 | I34: =(G34-G15)/G15 -> 0.0043596202 | J34: 31676 | K34: =(J34-'2010'!J80)/'2010'!J80 -> -0.03450378 | L34: =(J34-J15)/J15 -> 0
A35: T3 | B35: AI/AO/Local Logging | C35: Interrupts | D35: 73910 | E35: =(D35-'2010'!D81)/'2010'!D81 -> -0.083514167 | F35: =(D35-D16)/D16 -> -0.0029543094 | G35: 66711 | H35: =(G35-'2010'!G81)/'2010'!G81 -> -0.10607421 | I35: =(G35-G16)/G16 -> -0.016018408 | J35: 31114 | K35: =(J35-'2010'!J81)/'2010'!J81 -> -0.031108897 | L35: =(J35-J16)/J16 -> -0.031108897
A36: T4 | B36: AI/AO/Host communication | C36: Interrupts | D36: 72833 | E36: =(D36-'2010'!D82)/'2010'!D82 -> -0.085942697 | F36: =(D36-D17)/D17 -> 0.024763272 | G36: 68446 | H36: =(G36-'2010'!G82)/'2010'!G82 -> -0.049968076 | I36: =(G36-G17)/G17 -> 0.026007705 | J36: 32531 | K36: =(J36-'2010'!J82)/'2010'!J82 -> 0.013332087 | L36: =(J36-J17)/J17 -> 0.031551243

Sheet 2012
A1: PXIe-8108, LV RT 2012a11, NI-DAQmx 9.4.0 (PXIe-6361 and PXIe-6363) With SMP support
A2: Test | B2: Description | C2: I/O Mode | D2: Rate 1ch Min | E2: vs. LV11.1, Dmx9.4 | F2: vs. LV11, Dmx9.3.5 | G2: Rate 1ch Max | H2: Rate 4ch Min | I2: vs. LV11.1, Dmx9.4 | J2: vs. LV11, Dmx9.3.5 | K2: Rate 4ch Max | L2: Rate 16ch Min | M2: vs. LV11.1, Dmx9.4 | N2: vs. LV11, Dmx9.3.5 | O2: Rate 16ch Max
A3: T1 | B3: AI / AO | C3: Polling | D3: 144509 | E3: =(D3-'2011'!D23)/'2011'!D23 -> -0.14884055 | F3: =(D3-'2011'!D4)/'2011'!D4 -> -0.0086710159 | G3: 173913 | H3: 111234 | I3: =(H3-'2011'!G23)/'2011'!G23 -> -0.011130274 | J3: =(H3-'2011'!G4)/'2011'!G4 -> 0.096765924 | K3: 113766 | L3: 37161 | M3: =(L3-'2011'!J23)/'2011'!J23 -> -0.0096474163 | N3: =(L3-'2011'!J4)/'2011'!J4 -> -0.0096474163 | O3: 37836
A4: T2a | B4: AI/PID/AO | C4: Polling | D4: 168634 | E4: =(D4-'2011'!D24)/'2011'!D24 -> 0.16694462 | F4: =(D4-'2011'!D5)/'2011'!D5 -> 0.11973281 | G4: 171527 | H4: 103842 | I4: =(H4-'2011'!G24)/'2011'!G24 -> 0.00311051 | J4: =(H4-'2011'!G5)/'2011'!G5 -> 0.021805443 | K4: 105597 | L4: 36166 | M4: =(L4-'2011'!J24)/'2011'!J24 -> 0 | N4: =(L4-'2011'!J5)/'2011'!J5 -> 0.030018227 | O4: 36470
A5: T2b | B5: AI/PID/AO | C5: Interrupts | D5: 68681 | E5: =(D5-'2011'!D25)/'2011'!D25 -> 0.12018854 | F5: =(D5-'2011'!D6)/'2011'!D6 -> 0.21496931 | G5: 69638 | H5: 57670 | I5: =(H5-'2011'!G25)/'2011'!G25 -> 0.056517358 | J5: =(H5-'2011'!G6)/'2011'!G6 -> 0.16378093 | K5: 60533 | L5: 28177 | M5: =(L5-'2011'!J25)/'2011'!J25 -> 0.036643243 | N5: =(L5-'2011'!J6)/'2011'!J6 -> 0.073818598 | O5: 29283
A6: T3 | B6: AI/AO/Local Logging | C6: Polling | D6: 135501 | E6: =(D6-'2011'!D26)/'2011'!D26 -> -0.05419988 | F6: =(D6-'2011'!D7)/'2011'!D7 -> -0.062335218 | G6: 162338 | H6: 104603 | I6: =(H6-'2011'!G26)/'2011'!G26 -> -0.014638696 | J6: =(H6-'2011'!G7)/'2011'!G7 -> 0.035570736 | K6: 108932 | L6: 35650 | M6: =(L6-'2011'!J26)/'2011'!J26 -> -2.8049704e-05 | N6: =(L6-'2011'!J7)/'2011'!J7 -> -0.0043011954 | O6: 36643
A7: T4 | B7: AI/AO/Host communication | C7: Polling | D7: 121507 | E7: =(D7-'2011'!D27)/'2011'!D27 -> -0.12879472 | F7: =(D7-'2011'!D8)/'2011'!D8 -> -0.1300111 | G7: 138504 | H7: 102669 | I7: =(H7-'2011'!G27)/'2011'!G27 -> 0.024640719 | J7: =(H7-'2011'!G8)/'2011'!G8 -> 0.059546538 | K7: 103842 | L7: 36470 | M7: =(L7-'2011'!J27)/'2011'!J27 -> 0.095557091 | N7: =(L7-'2011'!J8)/'2011'!J8 -> 0.012774229 | O7: 37679
A9: PXIe-8108, LV RT 2012a11, NI-DAQmx 9.4.0 (PXIe-6361 and PXIe-6363) No SMP support
A10: Test | B10: Description | C10: I/O Mode | D10: Rate 1ch Min | E10: vs. LV11.1, Dmx9.4 | F10: vs. LV11, Dmx9.3.5 | G10: Rate 1ch Max | H10: Rate 4ch Min | I10: vs. LV11.1, Dmx9.4 | J10: vs. LV11, Dmx9.3.5 | K10: Rate 4ch Max | L10: Rate 16ch Min | M10: vs. LV11.1, Dmx9.4 | N10: vs. LV11, Dmx9.3.5 | O10: Rate 16ch Max
A11: T1 | B11: AI / AO | C11: Polling | D11: 151515 | E11: =(D11-'2011'!D32)/'2011'!D32 -> -0.016666342 | F11: =(D11-'2011'!D13)/'2011'!D13 -> 0.0060623365 | G11: 154083 | H11: 102669 | I11: =(H11-'2011'!G32)/'2011'!G32 -> 0.0061543889 | J11: =(H11-'2011'!G13)/'2011'!G13 -> -0.0092446949 | K11: 104603 | L11: 36166 | M11: =(L11-'2011'!J32)/'2011'!J32 -> 0 | N11: =(L11-'2011'!J13)/'2011'!J13 -> -0.0083356183 | O11: 36643
A12: T2a | B12: AI/PID/AO | C12: Polling | D12: 147059 | E12: =(D12-'2011'!D33)/'2011'!D33 -> -0.011766682 | F12: =(D12-'2011'!D14)/'2011'!D14 -> 0.020591011 | G12: 151515 | H12: 95785 | I12: =(H12-'2011'!G33)/'2011'!G33 -> 0.018198633 | J12: =(H12-'2011'!G14)/'2011'!G14 -> 0.027769134 | K12: 96712 | L12: 34376 | M12: =(L12-'2011'!J33)/'2011'!J33 -> -0.0041137957 | N12: =(L12-'2011'!J14)/'2011'!J14 -> 0.012726844 | O12: 34941
A13: T2b | B13: AI/PID/AO | C13: Interrupts | D13: 85470 | E13: =(D13-'2011'!D34)/'2011'!D34 -> -0.0025673941 | F13: =(D13-'2011'!D15)/'2011'!D15 -> 0.020512943 | G13: 87108 | H13: 71276 | I13: =(H13-'2011'!G34)/'2011'!G34 -> -0.017817525 | J13: =(H13-'2011'!G15)/'2011'!G15 -> -0.013535583 | K13: 73801 | L13: 31676 | M13: =(L13-'2011'!J34)/'2011'!J34 -> 0 | N13: =(L13-'2011'!J15)/'2011'!J15 -> 0 | O13: 32669
A14: T3 | B14: AI/AO/Local Logging | C14: Interrupts | D14: 73206 | E14: =(D14-'2011'!D35)/'2011'!D35 -> -0.0095250981 | F14: =(D14-'2011'!D16)/'2011'!D16 -> -0.012451267 | G14: 74184 | H14: 66269 | I14: =(H14-'2011'!G35)/'2011'!G35 -> -0.006625594 | J14: =(H14-'2011'!G16)/'2011'!G16 -> -0.02253787 | K14: 66800 | L14: 31114 | M14: =(L14-'2011'!J35)/'2011'!J35 -> 0 | N14: =(L14-'2011'!J16)/'2011'!J16 -> -0.031108897 | O14: 31546
A15: T4 | B15: AI/AO/Host communication | C15: Interrupts | D15: 71839 | E15: =(D15-'2011'!D36)/'2011'!D36 -> -0.01364766 | F15: =(D15-'2011'!D17)/'2011'!D17 -> 0.010777651 | G15: 76336 | H15: 62189 | I15: =(H15-'2011'!G36)/'2011'!G36 -> -0.09141513 | J15: =(H15-'2011'!G17)/'2011'!G17 -> -0.067784923 | K15: 68027
A17: PXIe-8108, LV RT 2012a40, NI-DAQmx 9.4.0 (PXIe-6361 and PXIe-6363) With SMP support
A18: Test | B18: Description | C18: I/O Mode | D18: Rate 1ch Min | E18: vs. LV11.1, Dmx9.4 | F18: vs. LV11, Dmx9.3.5 | G18: Rate 1ch Max | H18: Rate 4ch Min | I18: vs. LV11.1, Dmx9.4 | J18: vs. LV11, Dmx9.3.5 | K18: Rate 4ch Max | L18: Rate 16ch Min | M18: vs. LV11.1, Dmx9.4 | N18: vs. LV11, Dmx9.3.5 | O18: Rate 16ch Max
A19: T1 | B19: AI / AO | C19: Polling | D19: 169779 | E19: =(D19-'2011'!D23)/'2011'!D23 -> 0 | F19: =(D19-'2011'!D4)/'2011'!D4 -> 0.1646807 | G19: 174216 | H19: 109649 | I19: =(H19-'2011'!G23)/'2011'!G23 -> -0.025220916 | J19: =(H19-'2011'!G4)/'2011'!G4 -> 0.081137843 | K19: 112108 | L19: 38565 | M19: =(L19-'2011'!J23)/'2011'!J23 -> 0.027769635 | N19: =(L19-'2011'!J4)/'2011'!J4 -> 0.027769635 | O19: 38926
A20: T2a | B20: AI/PID/AO | C20: Polling | D20: 168919 | E20: =(D20-'2011'!D24)/'2011'!D24 -> 0.16891681 | F20: =(D20-'2011'!D5)/'2011'!D5 -> 0.12162521 | G20: 169204 | H20: CAR 333189 | I20: =(H20-'2011'!G24)/'2011'!G24 -> #VALUE! | J20: =(H20-'2011'!G5)/'2011'!G5 -> #VALUE! | M20: =(L20-'2011'!J24)/'2011'!J24 -> -1 | N20: =(L20-'2011'!J5)/'2011'!J5 -> -1
A21: T2b | B21: AI/PID/AO | C21: Interrupts | D21: 57803 | E21: =(D21-'2011'!D25)/'2011'!D25 -> -0.057231863 | F21: =(D21-'2011'!D6)/'2011'!D6 -> 0.022537105 | G21: 59312 | I21: =(H21-'2011'!G25)/'2011'!G25 -> -1 | J21: =(H21-'2011'!G6)/'2011'!G6 -> -1 | M21: =(L21-'2011'!J25)/'2011'!J25 -> -1 | N21: =(L21-'2011'!J6)/'2011'!J6 -> -1
A22: T3 | B22: AI/AO/Local Logging | C22: Polling | D22: 144092 | E22: =(D22-'2011'!D26)/'2011'!D26 -> 0.0057654991 | F22: =(D22-'2011'!D7)/'2011'!D7 -> -0.0028856334 | G22: 154799 | I22: =(H22-'2011'!G26)/'2011'!G26 -> -1 | J22: =(H22-'2011'!G7)/'2011'!G7 -> -1 | M22: =(L22-'2011'!J26)/'2011'!J26 -> -1 | N22: =(L22-'2011'!J7)/'2011'!J7 -> -1
A23: T4 | B23: AI/AO/Host communication | C23: Polling | D23: 137741 | E23: =(D23-'2011'!D27)/'2011'!D27 -> -0.012396931 | F23: =(D23-'2011'!D8)/'2011'!D8 -> -0.013775821 | G23: 140252 | H23: 84818 | I23: =(H23-'2011'!G27)/'2011'!G27 -> -0.15351297 | J23: =(H23-'2011'!G8)/'2011'!G8 -> -0.12467621 | K23: 104603 | L23: 36996 | M23: =(L23-'2011'!J27)/'2011'!J27 -> 0.11135811 | N23: =(L23-'2011'!J8)/'2011'!J8 -> 0.027381283 | O23: 37397
A25: PXIe-8108, LV RT 2012a40, NI-DAQmx 9.4.0 (PXIe-6361 and PXIe-6363) No SMP support
A26: Test | B26: Description | C26: I/O Mode | D26: Rate 1ch Min | E26: vs. LV11.1, Dmx9.4 | F26: vs. LV11, Dmx9.3.5 | G26: Rate 1ch Max | H26: Rate 4ch Min | I26: vs. LV11.1, Dmx9.4 | J26: vs. LV11, Dmx9.3.5 | K26: Rate 4ch Max | L26: Rate 16ch Min | M26: vs. LV11.1, Dmx9.4 | N26: vs. LV11, Dmx9.3.5 | O26: Rate 16ch Max
A27: T1 | B27: AI / AO | C27: Polling | E27: =(D27-'2011'!D32)/'2011'!D32 -> -1 | F27: =(D27-'2011'!D13)/'2011'!D13 -> -1 | I27: =(H27-'2011'!G32)/'2011'!G32 -> -1 | J27: =(H27-'2011'!G13)/'2011'!G13 -> -1 | M27: =(L27-'2011'!J32)/'2011'!J32 -> -1 | N27: =(L27-'2011'!J13)/'2011'!J13 -> -1
A28: T2a | B28: AI/PID/AO | C28: Polling | E28: =(D28-'2011'!D33)/'2011'!D33 -> -1 | F28: =(D28-'2011'!D14)/'2011'!D14 -> -1 | I28: =(H28-'2011'!G33)/'2011'!G33 -> -1 | J28: =(H28-'2011'!G14)/'2011'!G14 -> -1 | M28: =(L28-'2011'!J33)/'2011'!J33 -> -1 | N28: =(L28-'2011'!J14)/'2011'!J14 -> -1
A29: T2b | B29: AI/PID/AO | C29: Interrupts | E29: =(D29-'2011'!D34)/'2011'!D34 -> -1 | F29: =(D29-'2011'!D15)/'2011'!D15 -> -1 | I29: =(H29-'2011'!G34)/'2011'!G34 -> -1 | J29: =(H29-'2011'!G15)/'2011'!G15 -> -1 | M29: =(L29-'2011'!J34)/'2011'!J34 -> -1 | N29: =(L29-'2011'!J15)/'2011'!J15 -> -1
A30: T3 | B30: AI/AO/Local Logging | C30: Interrupts | E30: =(D30-'2011'!D35)/'2011'!D35 -> -1 | F30: =(D30-'2011'!D16)/'2011'!D16 -> -1 | I30: =(H30-'2011'!G35)/'2011'!G35 -> -1 | J30: =(H30-'2011'!G16)/'2011'!G16 -> -1 | M30: =(L30-'2011'!J35)/'2011'!J35 -> -1 | N30: =(L30-'2011'!J16)/'2011'!J16 -> -1
A31: T4 | B31: AI/AO/Host communication | C31: Interrupts | E31: =(D31-'2011'!D36)/'2011'!D36 -> -1 | F31: =(D31-'2011'!D17)/'2011'!D17 -> -1 | I31: =(H31-'2011'!G36)/'2011'!G36 -> -1 | J31: =(H31-'2011'!G17)/'2011'!G17 -> -1 | M31: =(L31-'2011'!J36)/'2011'!J36 -> -1 | N31: =(L31-'2011'!J17)/'2011'!J17 -> -1
A33: PXIe-8108, LV RT 2012b82, NI-DAQmx 9.5.5 (PXIe-6361 and PXIe-6363) With SMP support
A34: Test | B34: Description | C34: I/O Mode | D34: Rate 1ch Min | E34: vs. LV11.1, Dmx9.4 | F34: vs. LV11, Dmx9.3.5 | G34: Rate 1ch Max | H34: Rate 4ch Min | I34: vs. LV11.1, Dmx9.4 | J34: vs. LV11, Dmx9.3.5 | K34: Rate 4ch Max | L34: Rate 16ch Min | M34: vs. LV11.1, Dmx9.4 | N34: vs. LV11, Dmx9.3.5 | O34: Rate 16ch Max | P34: Avg:
A35: T1 | B35: AI / AO | C35: Polling | D35: 155280 | E35: =(D35-'2011'!D23)/'2011'!D23 -> -0.085399254 | F35: =(D35-'2011'!D4)/'2011'!D4 -> 0.065217839 | G35: 174216 | H35: 108578 | I35: =(H35-'2011'!G23)/'2011'!G23 -> -0.034742101 | J35: =(H35-'2011'!G4)/'2011'!G4 -> 0.070577795 | K35: 113122 | L35: 38095 | M35: =(L35-'2011'!J23)/'2011'!J23 -> 0.015243984 | N35: =(L35-'2011'!J4)/'2011'!J4 -> 0.015243984 | O35: 39108 | P35: =AVERAGE(E35:F35,I35:J35,M35:N35) -> 0.0076903743
A36: T2a | B36: AI/PID/AO | C36: Polling | D36: 162602 | E36: =(D36-'2011'!D24)/'2011'!D24 -> 0.12520327 | F36: =(D36-'2011'!D5)/'2011'!D5 -> 0.079680217 | G36: 170648 | H36: 98912 | I36: =(H36-'2011'!G24)/'2011'!G24 -> -0.044513138 | J36: =(H36-'2011'!G5)/'2011'!G5 -> -0.026705764 | K36: 105485 | L36: 36178 | M36: =(L36-'2011'!J24)/'2011'!J24 -> 0.00033180335 | N36: =(L36-'2011'!J5)/'2011'!J5 -> 0.030359991 | O36: 36873 | P36: =AVERAGE(E36:F36,I36:J36,M36:N36) -> 0.027392731
A37: T2b | B37: AI/PID/AO | C37: Interrupts | D37: 65531 | E37: =(D37-'2011'!D25)/'2011'!D25 -> 0.068811978 | F37: =(D37-'2011'!D6)/'2011'!D6 -> 0.1592457 | G37: 66534 | H37: 59952 | I37: =(H37-'2011'!G25)/'2011'!G25 -> 0.098323715 | J37: =(H37-'2011'!G6)/'2011'!G6 -> 0.2098317 | K37: 61350 | L37: 29291 | M37: =(L37-'2011'!J25)/'2011'!J25 -> 0.077627755 | N37: =(L37-'2011'!J6)/'2011'!J6 -> 0.11627287 | O37: 29595 | P37: =AVERAGE(E37:F37,I37:J37,M37:N37) -> 0.12168562
A38: T3 | B38: AI/AO/Local Logging | C38: Polling | D38: 126743 | E38: =(D38-'2011'!D26)/'2011'!D26 -> -0.11533092 | F38: =(D38-'2011'!D7)/'2011'!D7 -> -0.12294044 | G38: 148148 | H38: 99602 | I38: =(H38-'2011'!G26)/'2011'!G26 -> -0.061748165 | J38: =(H38-'2011'!G7)/'2011'!G7 -> -0.013939214 | K38: 102041 | L38: 36364 | M38: =(L38-'2011'!J26)/'2011'!J26 -> 0.019999439 | N38: =(L38-'2011'!J7)/'2011'!J7 -> 0.015640711 | O38: 37216 | P38: =AVERAGE(E38:F38,I38:J38,M38:N38) -> -0.046386432
A39: T4 | B39: AI/AO/Host communication | C39: Polling | D39: 123305 | E39: =(D39-'2011'!D27)/'2011'!D27 -> -0.11590306 | F39: =(D39-'2011'!D8)/'2011'!D8 -> -0.11713744 | G39: 136986 | H39: 95057 | I39: =(H39-'2011'!G27)/'2011'!G27 -> -0.051327345 | J39: =(H39-'2011'!G8)/'2011'!G8 -> -0.019009484 | K39: 102880 | L39: 36996 | M39: =IF(L39="","",(L39-'2011'!J27)/'2011'!J27) -> 0.11135811 | N39: =IF(L39="","",(L39-'2011'!J8)/'2011'!J8) -> 0.027381283 | O39: 38095 | P39: =AVERAGE(E39:F39,I39:J39,M39:N39) -> -0.027439656
P40: =AVERAGE(P35:P39) -> 0.016588527
D41: 1 Channel | H41: 4 Channel | L41: 16 Channel
A42: Test | B42: Description | C42: I/O Mode | D42: LV 2012, Dmx 9.5.5 | E42: LV 2011.1 Dmx 9.4 | F42: LV 2011, Dmx 9.3.5 | G42: 2012 Max | H42: LV 2012, Dmx 9.5.5 | I42: LV 2011.1 Dmx 9.4 | J42: LV 2011, Dmx 9.3.5 | K42: 2012 Max | L42: LV 2012, Dmx 9.5.5 | M42: LV 2011.1 Dmx 9.4 | N42: LV 2011, Dmx 9.3.5 | O42: 2012 Max
A43: T1 | B43: AI / AO | C43: Polling | D43: 155280 | E43: ='2011'!D23 -> 169779 | F43: ='2011'!D4 -> 145773 | G43: 174216 | H43: 108578 | I43: ='2011'!G23 -> 112486 | J43: ='2011'!G4 -> 101420 | K43: 113122 | L43: 38095 | M43: ='2011'!J23 -> 37523 | N43: ='2011'!J4 -> 37523 | O43: 39108
A44: T2a | B44: AI/PID/AO | C44: Polling | D44: 162602 | E44: ='2011'!D24 -> 144509 | F44: ='2011'!D5 -> 150602 | G44: 170648 | H44: 98912 | I44: ='2011'!G24 -> 103520 | J44: ='2011'!G5 -> 101626 | K44: 105485 | L44: 36178 | M44: ='2011'!J24 -> 36166 | N44: ='2011'!J5 -> 35112 | O44: 36873
A45: T2b | B45: AI/PID/AO | C45: Interrupts | D45: 65531 | E45: ='2011'!D25 -> 61312 | F45: ='2011'!D6 -> 56529 | G45: 66534 | H45: 59952 | I45: ='2011'!G25 -> 54585 | J45: ='2011'!G6 -> 49554 | K45: 61350 | L45: 29291 | M45: ='2011'!J25 -> 27181 | N45: ='2011'!J6 -> 26240 | O45: 29595
A46: T3 | B46: AI/AO/Local Logging | C46: Polling | D46: 126743 | E46: ='2011'!D26 -> 143266 | F46: ='2011'!D7 -> 144509 | G46: 148148 | H46: 99602 | I46: ='2011'!G26 -> 106157 | J46: ='2011'!G7 -> 101010 | K46: 102041 | L46: 36364 | M46: ='2011'!J26 -> 35651 | N46: ='2011'!J7 -> 35804 | O46: 37216
A47: T4 | B47: AI/AO/Host communication | C47: Polling | D47: 123305 | E47: ='2011'!D27 -> 139470 | F47: ='2011'!D8 -> 139665 | G47: 136986 | H47: 95057 | I47: ='2011'!G27 -> 100200 | J47: ='2011'!G8 -> 96899 | K47: 102880 | L47: 36996 | M47: ='2011'!J27 -> 33289 | N47: ='2011'!J8 -> 36010 | O47: 38095
A50: PXIe-8108, LV RT 2012b82, NI-DAQmx 9.5.5 (PXIe-6361 and PXIe-6363) No SMP support
A51: Test | B51: Description | C51: I/O Mode | D51: Rate 1ch Min | E51: vs. LV11.1, Dmx9.4 | F51: vs. LV11, Dmx9.3.5 | G51: Rate 1ch Max | H51: Rate 4ch Min | I51: vs. LV11.1, Dmx9.4 | J51: vs. LV11, Dmx9.3.5 | K51: Rate 4ch Max | L51: Rate 16ch Min | M51: vs. LV11.1, Dmx9.4 | N51: vs. LV11, Dmx9.3.5 | O51: Rate 16ch Max
A52: T1 | B52: AI / AO | C52: Polling | D52: 147059 | E52: =(D52-'2011'!D32)/'2011'!D32 -> -0.045585821 | F52: =(D52-'2011'!D13)/'2011'!D13 -> -0.023525584 | G52: 149254 | H52: 91241 | I52: =(H52-'2011'!G32)/'2011'!G32 -> -0.10583981 | J52: =(H52-'2011'!G13)/'2011'!G13 -> -0.11952483 | K52: 92851 | L52: 37051 | M52: =(L52-'2011'!J32)/'2011'!J32 -> 0.024470497 | N52: =(L52-'2011'!J13)/'2011'!J13 -> 0.015930902 | O52: 37216
A53: T2a | B53: AI/PID/AO | C53: Polling | D53: 141844 | E53: =(D53-'2011'!D33)/'2011'!D33 -> -0.04681137 | F53: =(D53-'2011'!D14)/'2011'!D14 -> -0.015601144 | G53: 146413 | H53: 80450 | I53: =(H53-'2011'!G33)/'2011'!G33 -> -0.14481307 | J53: =(H53-'2011'!G14)/'2011'!G14 -> -0.13677479 | K53: 82645 | L53: 34317 | M53: =(L53-'2011'!J33)/'2011'!J33 -> -0.0058230488 | N53: =(L53-'2011'!J14)/'2011'!J14 -> 0.010988687 | O53: 35112
A54: T2b | B54: AI/PID/AO | C54: Interrupts | D54: 84459 | E54: =(D54-'2011'!D34)/'2011'!D34 -> -0.014365737 | F54: =(D54-'2011'!D15)/'2011'!D15 -> 0.0084415895 | G54: 86655 | H54: 54025 | I54: =(H54-'2011'!G34)/'2011'!G34 -> -0.25553611 | J54: =(H54-'2011'!G15)/'2011'!G15 -> -0.25229053 | K54: 56883 | L54: 32563 | M54: =(L54-'2011'!J34)/'2011'!J34 -> 0.028002273 | N54: =(L54-'2011'!J15)/'2011'!J15 -> 0.028002273 | O54: 32884
A55: T3 | B55: AI/AO/Local Logging | C55: Interrupts | D55: 72886 | E55: =(D55-'2011'!D35)/'2011'!D35 -> -0.013854688 | F55: =(D55-'2011'!D16)/'2011'!D16 -> -0.016768066 | G55: 74019 | H55: 53533 | I55: =(H55-'2011'!G35)/'2011'!G35 -> -0.19753864 | J55: =(H55-'2011'!G16)/'2011'!G16 -> -0.21039279 | K55: 54526 | L55: 31736 | M55: =(L55-'2011'!J35)/'2011'!J35 -> 0.019991001 | N55: =(L55-'2011'!J16)/'2011'!J16 -> -0.011739794 | O55: 32154
A56: T4 | B56: AI/AO/Host communication | C56: Interrupts | D56: 71942 | E56: =(D56-'2011'!D36)/'2011'!D36 -> -0.012233466 | F56: =(D56-'2011'!D17)/'2011'!D17 -> 0.012226865 | G56: 73692 | H56: 52165 | I56: =(H56-'2011'!G36)/'2011'!G36 -> -0.23786635 | J56: =(H56-'2011'!G17)/'2011'!G17 -> -0.218045 | K56: 53735 | L56: 32584 | M56: =(L56-'2011'!J36)/'2011'!J36 -> 0.0016292152 | N56: =(L56-'2011'!J17)/'2011'!J17 -> 0.033231862 | O56: 33025
A59: PXIe-8108, LV RT 2012b82, NI-DAQmx 9.5.5 (PXIe-6361 and PXIe-6363) With SMP support
A60: Test | B60: Description | C60: I/O Mode | D60: Rate 1ch Min | E60: vs. LV11.1, Dmx9.4 | F60: vs. LV11, Dmx9.3.5 | G60: Rate 1ch Max | H60: Rate 4ch Min | I60: vs. LV11.1, Dmx9.4 | J60: vs. LV11, Dmx9.3.5 | K60: Rate 4ch Max | L60: Rate 16ch Min | M60: vs. LV11.1, Dmx9.4 | N60: vs. LV11, Dmx9.3.5 | O60: Rate 16ch Max
A61: T1 | B61: AI / AO | C61: Polling | D61: 161551 | E61: =(D61-'2011'!D23)/'2011'!D23 -> -0.048463002 | F61: =(D61-'2011'!D4)/'2011'!D4 -> 0.10823678 | G61: 168350 | H61: 111607 | I61: =(H61-'2011'!G23)/'2011'!G23 -> -0.0078143058 | J61: =(H61-'2011'!G4)/'2011'!G4 -> 0.1004437 | K61: 113123 | L61: 38241 | M61: =(L61-'2011'!J23)/'2011'!J23 -> 0.019134931 | N61: =(L61-'2011'!J4)/'2011'!J4 -> 0.019134931 | O61: 39108
A62: T2a | B62: AI/PID/AO | C62: Polling | D62: 157480 | E62: =(D62-'2011'!D24)/'2011'!D24 -> 0.089759115 | F62: =(D62-'2011'!D5)/'2011'!D5 -> 0.045670044 | G62: 162866 | H62: 101112 | I62: =(H62-'2011'!G24)/'2011'!G24 -> -0.023261206 | J62: =(H62-'2011'!G5)/'2011'!G5 -> -0.0050577608 | K62: 105042 | L62: 36536 | M62: =(L62-'2011'!J24)/'2011'!J24 -> 0.010230603 | N62: =(L62-'2011'!J5)/'2011'!J5 -> 0.040555935 | O62: 36860
A63: T2b | B63: AI/PID/AO | C63: Interrupts | D63: 61881 | E63: =(D63-'2011'!D25)/'2011'!D25 -> 0.0092804019 | F63: =(D63-'2011'!D6)/'2011'!D6 -> 0.094677068 | G63: 64475 | H63: 59382 | I63: =(H63-'2011'!G25)/'2011'!G25 -> 0.087881286 | J63: =(H63-'2011'!G6)/'2011'!G6 -> 0.1983291 | K63: 59952 | L63: 28177 | M63: =(L63-'2011'!J25)/'2011'!J25 -> 0.036643243 | N63: =(L63-'2011'!J6)/'2011'!J6 -> 0.073818598 | O63: 29429
A64: T3 | B64: AI/AO/Local Logging | C64: Polling | D64: 137741 | E64: =(D64-'2011'!D26)/'2011'!D26 -> -0.038564628 | F64: =(D64-'2011'!D7)/'2011'!D7 -> -0.046834453 | G64: 148368 | H64: 101215 | I64: =(H64-'2011'!G26)/'2011'!G26 -> -0.046553689 | J64: =(H64-'2011'!G7)/'2011'!G7 -> 0.002029502 | K64: 104493 | L64: 35842 | M64: =(L64-'2011'!J26)/'2011'!J26 -> 0.0053574935 | N64: =(L64-'2011'!J7)/'2011'!J7 -> 0.0010613339 | O64: 36711
A65: T4 | B65: AI/AO/Host communication | C65: Polling | D65: 130208 | E65: =(D65-'2011'!D27)/'2011'!D27 -> -0.066408547 | F65: =(D65-'2011'!D8)/'2011'!D8 -> -0.067712025 | G65: 136426 | H65: 96805 | I65: =(H65-'2011'!G27)/'2011'!G27 -> -0.033882236 | J65: =(H65-'2011'!G8)/'2011'!G8 -> -0.00097008225 | K65: 105820 | L65: 36873 | M65: =(L65-'2011'!J27)/'2011'!J27 -> 0.10766319 | N65: =(L65-'2011'!J8)/'2011'!J8 -> 0.023965565 | O65: 37580
A67: PXIe-8108, LV RT 2012b82, NI-DAQmx 9.5.5 (PXIe-6361 and PXIe-6363) No SMP support
A68: Test | B68: Description | C68: I/O Mode | D68: Rate 1ch Min | E68: vs. LV11.1, Dmx9.4 | F68: vs. LV11, Dmx9.3.5 | G68: Rate 1ch Max | H68: Rate 4ch Min | I68: vs. LV11.1, Dmx9.4 | J68: vs. LV11, Dmx9.3.5 | K68: Rate 4ch Max | L68: Rate 16ch Min | M68: vs. LV11.1, Dmx9.4 | N68: vs. LV11, Dmx9.3.5 | O68: Rate 16ch Max
A69: T1 | B69: AI / AO | C69: Polling | D69: 146199 | E69: =(D69-'2011'!D32)/'2011'!D32 -> -0.051167228 | F69: =(D69-'2011'!D13)/'2011'!D13 -> -0.029236 | G69: 149701 | H69: 102041 | I69: =(H69-'2011'!G32)/'2011'!G32 -> 0 | J69: =(H69-'2011'!G13)/'2011'!G13 -> -0.015304892 | K69: 102881 | L69: 37051 | M69: =(L69-'2011'!J32)/'2011'!J32 -> 0.024470497 | N69: =(L69-'2011'!J13)/'2011'!J13 -> 0.015930902 | O69: 37216
A70: T2a | B70: AI/PID/AO | C70: Polling | D70: 141844 | E70: =(D70-'2011'!D33)/'2011'!D33 -> -0.04681137 | F70: =(D70-'2011'!D14)/'2011'!D14 -> -0.015601144 | G70: 142653 | H70: 93721 | I70: =(H70-'2011'!G33)/'2011'!G33 -> -0.003741775 | J70: =(H70-'2011'!G14)/'2011'!G14 -> 0.0056224986 | K70: 94967 | L70: 34880 | M70: =(L70-'2011'!J33)/'2011'!J33 -> 0.010487282 | N70: =(L70-'2011'!J14)/'2011'!J14 -> 0.027574829 | O70: 35174
A71: T2b | B71: AI/PID/AO | C71: Interrupts | D71: 83056 | E71: =(D71-'2011'!D34)/'2011'!D34 -> -0.030738709 | F71: =(D71-'2011'!D15)/'2011'!D15 -> -0.0083102493 | G71: 86281 | H71: 72254 | I71: =(H71-'2011'!G34)/'2011'!G34 -> -0.0043406964 | J71: =(H71-'2011'!G15)/'2011'!G15 -> 0 | K71: 74184 | L71: 32723 | M71: =(L71-'2011'!J34)/'2011'!J34 -> 0.033053416 | N71: =(L71-'2011'!J15)/'2011'!J15 -> 0.033053416 | O71: 33003
A72: T3 | B72: AI/AO/Local Logging | C72: Interrupts | D72: 71994 | E72: =(D72-'2011'!D35)/'2011'!D35 -> -0.02592342 | F72: =(D72-'2011'!D16)/'2011'!D16 -> -0.028801144 | G72: 74683 | H72: 67159 | I72: =(H72-'2011'!G35)/'2011'!G35 -> 0.0067155342 | J72: =(H72-'2011'!G16)/'2011'!G16 -> -0.0094104459 | K72: 68352 | L72: 32000 | M72: =(L72-'2011'!J35)/'2011'!J35 -> 0.028475927 | N72: =(L72-'2011'!J16)/'2011'!J16 -> -0.0035188242 | O72: 32154
A73: T4 | B73: AI/AO/Host communication | C73: Interrupts | D73: 71942 | E73: =(D73-'2011'!D36)/'2011'!D36 -> -0.012233466 | F73: =(D73-'2011'!D17)/'2011'!D17 -> 0.012226865 | G73: 73421 | H73: 67889 | I73: =(H73-'2011'!G36)/'2011'!G36 -> -0.0081378021 | J73: =(H73-'2011'!G17)/'2011'!G17 -> 0.017658257 | K73: 68918 | L73: 33025 | M73: =(L73-'2011'!J36)/'2011'!J36 -> 0.015185515 | N73: =(L73-'2011'!J17)/'2011'!J17 -> 0.04721588 | O73: 33025
A76: PXIe-8108, LV RT 2012.1d53, NI-DAQmx 9.5.5 (PXIe-6361 and PXIe-6363) With SMP support
A77: Test | B77: Description | C77: I/O Mode | D77: Rate 1ch Min | E77: vs. LV11.1, Dmx9.4 | F77: vs. LV12, Dmx9.5.5 | G77: Rate 1ch Max | H77: Rate 4ch Min | I77: vs. LV11.1, Dmx9.4 | J77: vs. LV12, Dmx9.5.5 | K77: Rate 4ch Max | L77: Rate 16ch Min | M77: vs. LV11.1, Dmx9.4 | N77: vs. LV12, Dmx9.5.5 | O77: Rate 16ch Max
A78: T1 | B78: AI / AO | C78: Polling | D78: 162338 | E78: =(D78-'2011'!D23)/'2011'!D23 -> -0.043827564 | F78: =(D78-D61)/D61 -> 0.0048715266 | G78: 169779 | H78: 107875 | I78: =(H78-'2011'!G23)/'2011'!G23 -> -0.040991768 | J78: =(H78-H61)/H61 -> -0.033438763 | K78: 112108 | L78: 37679 | M78: =(L78-'2011'!J23)/'2011'!J23 -> 0.0041574501 | N78: =(L78-L61)/L61 -> -0.014696268 | O78: 38745
A79: T2a | B79: AI/PID/AO | C79: Polling | D79: 148810 | E79: =(D79-'2011'!D24)/'2011'!D24 -> 0.029762852 | F79: =(D79-D62)/D62 -> -0.05505461 | G79: 156495 | H79: 96805 | I79: =(H79-'2011'!G24)/'2011'!G24 -> -0.064866692 | J79: =(H79-H62)/H62 -> -0.042596329 | K79: 101626 | L79: 34518 | M79: =(L79-'2011'!J24)/'2011'!J24 -> -0.04556766 | N79: =(L79-L62)/L62 -> -0.055233195 | O79: 34807 | P79: 16ch crashed when run from ATS, but not manually
A80: T2b | B80: AI/PID/AO | C80: Interrupts | D80: 60314 | E80: =(D80-'2011'!D25)/'2011'!D25 -> -0.016277401 | F80: =(D80-D63)/D63 -> -0.025322797 | G80: 60606 | H80: 56915 | I80: =(H80-'2011'!G25)/'2011'!G25 -> 0.04268572 | J80: =(H80-H63)/H63 -> -0.041544576 | K80: 57372 | L80: 27910 | M80: =(L80-'2011'!J25)/'2011'!J25 -> 0.026820205 | N80: =(L80-L63)/L63 -> -0.0094758136 | O80: 27972
A81: T3 | B81: AI/AO/Local Logging | C81: Polling | D81: 132626 | E81: =(D81-'2011'!D26)/'2011'!D26 -> -0.074267447 | F81: =(D81-D64)/D64 -> -0.037134913 | G81: 149477 | H81: 100301 | I81: =(H81-'2011'!G26)/'2011'!G26 -> -0.055163578 | J81: =(H81-H64)/H64 -> -0.0090302821 | K81: 104603 | L81: 35676 | M81: =(L81-'2011'!J26)/'2011'!J26 -> 0.0007012426 | N81: =(L81-L64)/L64 -> -0.004631438 | O81: 37216
A82: T4 | B82: AI/AO/Host communication | C82: Polling | D82: 132100 | E82: =(D82-'2011'!D27)/'2011'!D27 -> -0.052842905 | F82: =(D82-D65)/D65 -> 0.014530597 | H82: 97656 | I82: =(H82-'2011'!G27)/'2011'!G27 -> -0.025389222 | J82: =(H82-H65)/H65 -> 0.0087908682 | L82: 34783 | M82: =(L82-'2011'!J27)/'2011'!J27 -> 0.04487969 | N82: =(L82-L65)/L65 -> -0.05668104
A83: Worst of 3
A84: PXIe-8108, LV RT 2012.1d53, NI-DAQmx 9.5.5 (PXIe-6361 and PXIe-6363) No SMP support
A85: Test | B85: Description | C85: I/O Mode | D85: Rate 1ch Min | E85: vs. LV11.1, Dmx9.4 | F85: vs. LV12, Dmx9.5.5 | G85: Rate 1ch Max | H85: Rate 4ch Min | I85: vs. LV11.1, Dmx9.4 | J85: vs. LV12, Dmx9.5.5 | K85: Rate 4ch Max | L85: Rate 16ch Min | M85: vs. LV11.1, Dmx9.4 | N85: vs. LV12, Dmx9.5.5 | O85: Rate 16ch Max
A86: T1 | B86: AI / AO | C86: Polling | D86: 145560 | E86: =(D86-'2011'!D32)/'2011'!D32 -> -0.055314344 | F86: =(D86-D69)/D69 -> -0.0043707549 | G86: 148368 | H86: 102775 | I86: =(H86-'2011'!G32)/'2011'!G32 -> 0.0071931871 | J86: =(H86-H69)/H69 -> 0.0071931871 | K86: 102881 | L86: 36697 | M86: =(L86-'2011'!J32)/'2011'!J32 -> 0.014682298 | N86: =(L86-L69)/L69 -> -0.009554398 | O86: 37216
A87: T2a | B87: AI/PID/AO | C87: Polling | D87: 140056 | E87: =(D87-'2011'!D33)/'2011'!D33 -> -0.058826692 | F87: =(D87-D70)/D70 -> -0.012605397 | G87: 143678 | H87: 91996 | I87: =(H87-'2011'!G33)/'2011'!G33 -> -0.022078599 | J87: =(H87-H70)/H70 -> -0.018405693 | K87: 93284 | L87: 33807 | M87: =(L87-'2011'!J33)/'2011'!J33 -> -0.020597949 | N87: =(L87-L70)/L70 -> -0.030762615 | O87: 34376 | P87: 16ch crashed when run from ATS, but not manually
A88: T2b | B88: AI/PID/AO | C88: Interrupts | D88: 83056 | E88: =(D88-'2011'!D34)/'2011'!D34 -> -0.030738709 | F88: =(D88-D71)/D71 -> 0 | G88: 84246 | H88: 67159 | I88: =(H88-'2011'!G34)/'2011'!G34 -> -0.074549739 | J88: =(H88-H71)/H71 -> -0.070515127 | K88: 72411 | L88: 31807 | M88: =(L88-'2011'!J34)/'2011'!J34 -> 0.0041356232 | N88: =(L88-L71)/L71 -> -0.027992543 | O88: 32404
A89: T3 | B89: AI/AO/Local Logging | C89: Interrupts | D89: 71994 | E89: =(D89-'2011'!D35)/'2011'!D35 -> -0.02592342 | F89: =(D89-D72)/D72 -> 0 | G89: 73314 | H89: 66445 | I89: =(H89-'2011'!G35)/'2011'!G35 -> -0.0039873484 | J89: =(H89-H72)/H72 -> -0.010631486 | K89: 67385 | L89: 31867 | M89: =(L89-'2011'!J35)/'2011'!J35 -> 0.024201324 | N89: =(L89-L72)/L72 -> -0.00415625 | O89: 32020
A90: T4 | B90: AI/AO/Host communication | C90: Interrupts | D90: 70621 | E90: =(D90-'2011'!D36)/'2011'!D36 -> -0.030370848 | F90: =(D90-D73)/D73 -> -0.018362014 | H90: 65660 | I90: =(H90-'2011'!G36)/'2011'!G36 -> -0.04070362 | J90: =(H90-H73)/H73 -> -0.032833007 | L90: 32531 | M90: =(L90-'2011'!J36)/'2011'!J36 -> 0 | N90: =(L90-L73)/L73 -> -0.014958365
A91: Worst of 3

Sheet 2013
A1: PXIe-8108, LV RT 2013, NI-DAQmx 9.5.5 (PXIe-6361 and PXIe-6363) With SMP support
A2: Test | B2: Description | C2: I/O Mode | D2: Rate 1ch Min | E2: vs. LV11.1, Dmx9.4 | F2: vs. LV12.1, Dmx9.5.5 | G2: Rate 1ch Max | H2: Rate 4ch Min | I2: vs. LV11.1, Dmx9.4 | J2: vs. LV12.1, Dmx9.5.5 | K2: Rate 4ch Max | L2: Rate 16ch Min | M2: vs. LV11.1, Dmx9.4 | N2: vs. LV12.1, Dmx9.5.5 | O2: Rate 16ch Max
A3: T1 | B3: AI / AO | C3: Polling | D3: 148368 | E3: =(D3-'2011'!D23)/'2011'!D23 -> -0.126111 | F3: =(D3-'2012'!D78)/'2012'!D78 -> -0.086055021 | G3: 176056 | H3: 111607 | I3: =(H3-'2011'!G23)/'2011'!G23 -> -0.0078143058 | J3: =(H3-'2012'!H78)/'2012'!H78 -> 0.034595597 | K3: 113636 | L3: 38745 | M3: =(L3-'2011'!J23)/'2011'!J23 -> 0.032566692 | N3: =(L3-'2012'!L78)/'2012'!L78 -> 0.028291621 | O3: 39093
A4: T2a | B4: AI/PID/AO | C4: Polling | D4: 143678 | E4: =(D4-'2011'!D24)/'2011'!D24 -> -0.0057505069 | F4: =(D4-'2012'!D79)/'2012'!D79 -> -0.03448693 | G4: 171233 | H4: 101626 | I4: =(H4-'2011'!G24)/'2011'!G24 -> -0.018295981 | J4: =(H4-'2012'!H79)/'2012'!H79 -> 0.049801147 | K4: 106724 | L4: 35336 | M4: =(L4-'2011'!J24)/'2011'!J24 -> -0.022949732 | N4: =(L4-'2012'!L79)/'2012'!L79 -> 0.023697781 | O4: 37397
A5: T2b | B5: AI/PID/AO | C5: Interrupts | D5: 63573 | E5: =(D5-'2011'!D25)/'2011'!D25 -> 0.036876957 | F5: =(D5-'2012'!D80)/'2012'!D80 -> 0.054033889 | G5: 63939 | H5: 57937 | I5: =(H5-'2011'!G25)/'2011'!G25 -> 0.061408812 | J5: =(H5-'2012'!H80)/'2012'!H80 -> 0.017956602 | K5: 59880 | L5: 28433 | M5: =(L5-'2011'!J25)/'2011'!J25 -> 0.046061587 | N5: =(L5-'2012'!L80)/'2012'!L80 -> 0.018738803 | O5: 28994
A6: T3 | B6: AI/AO/Local Logging | C6: Polling | D6: 121212 | E6: =(D6-'2011'!D26)/'2011'!D26 -> -0.15393743 | F6: =(D6-'2012'!D81)/'2012'!D81 -> -0.086061557 | G6: 163399 | H6: 107875 | I6: =(H6-'2011'!G26)/'2011'!G26 -> 0.016183577 | J6: =(H6-'2012'!H81)/'2012'!H81 -> 0.075512707 | K6: 109529 | L6: 37369 | M6: =(L6-'2011'!J26)/'2011'!J26 -> 0.048189392 | N6: =(L6-'2012'!L81)/'2012'!L81 -> 0.047454872 | O6: 37397
A7: T4 | B7: AI/AO/Host communication | C7: Polling | D7: 134590 | E7: =(D7-'2011'!D27)/'2011'!D27 -> -0.034989603 | F7: =(D7-'2012'!D82)/'2012'!D82 -> 0.018849357 | G7: 141844 | H7: 82576 | I7: =(H7-'2011'!G27)/'2011'!G27 -> -0.17588822 | J7: =(H7-'2012'!H82)/'2012'!H82 -> -0.1544196 | K7: 95057 | L7: 35436 | M7: =(L7-'2011'!J27)/'2011'!J27 -> 0.064495779 | N7: =(L7-'2012'!L82)/'2012'!L82 -> 0.018773539 | O7: 36219
A8: Worst of 3 | C8: http://us-aus-rtweb1/Reports/RT/2013/performance/pharlap/rtperf-8108/sp_online_poll_smp/2012-12-18_20-28-52/HTML/2012-12-18_20-36-14_SinglePointBenchmarks_ATS.html
A9: Average: | B9: =AVERAGE(F3:F7,J3:J7,N3:N7) -> 0.0017788541
A10: PXIe-8108, LV RT 2013, NI-DAQmx 9.5.5 (PXIe-6361 and PXIe-6363) No SMP support
A11: Test | B11: Description | C11: I/O Mode | D11: Rate 1ch Min | E11: vs. LV11.1, Dmx9.4 | F11: vs. LV12.1, Dmx9.5.5 | G11: Rate 1ch Max | H11: Rate 4ch Min | I11: vs. LV11.1, Dmx9.4 | J11: vs. LV12.1, Dmx9.5.5 | K11: Rate 4ch Max | L11: Rate 16ch Min | M11: vs. LV11.1, Dmx9.4 | N11: vs. LV12.1, Dmx9.5.5 | O11: Rate 16ch Max
A12: T1 | B12: AI / AO | C12: Polling | D12: 157729 | E12: =(D12-'2011'!D32)/'2011'!D32 -> 0.023662571 | F12: =(D12-'2012'!D86)/'2012'!D86 -> 0.083601264 | G12: 160000 | H12: 104493 | I12: =(H12-'2011'!G32)/'2011'!G32 -> 0.024029557 | J12: =(H12-'2012'!H86)/'2012'!H86 -> 0.016716127 | K12: 105374 | L12: 37369 | M12: =(L12-'2011'!J32)/'2011'!J32 -> 0.033263286 | N12: =(L12-'2012'!L86)/'2012'!L86 -> 0.018312124 | O12: 37552
A13: T2a | B13: AI/PID/AO | C13: Polling | D13: 152905 | E13: =(D13-'2011'!D33)/'2011'!D33 -> 0.027518312 | F13: =(D13-'2012'!D87)/'2012'!D87 -> 0.091741875 | G13: 155763 | H13: 97087 | I13: =(H13-'2011'!G33)/'2011'!G33 -> 0.032038948 | J13: =(H13-'2012'!H87)/'2012'!H87 -> 0.055339363 | K13: 97087 | L13: 35174 | M13: =(L13-'2011'!J33)/'2011'!J33 -> 0.019004577 | N13: =(L13-'2012'!L87)/'2012'!L87 -> 0.040435413 | O13: 35753
A14: T2b | B14: AI/PID/AO | C14: Interrupts | D14: 89047 | E14: =(D14-'2011'!D34)/'2011'!D34 -> 0.0391761 | F14: =(D14-'2012'!D88)/'2012'!D88 -> 0.072132055 | G14: 90744 | H14: 72886 | I14: =(H14-'2011'!G34)/'2011'!G34 -> 0.0043682564 | J14: =(H14-'2012'!H88)/'2012'!H88 -> 0.085275242 | K14: 75301 | L14: 33167 | M14: =(L14-'2011'!J34)/'2011'!J34 -> 0.047070337 | N14: =(L14-'2012'!L88)/'2012'!L88 -> 0.042757883 | O14: 33167
A15: T3 | B15: AI/AO/Local Logging | C15: Interrupts | D15: 75245 | E15: =(D15-'2011'!D35)/'2011'!D35 -> 0.018062508 | F15: =(D15-'2012'!D89)/'2012'!D89 -> 0.045156541 | G15: 77042 | H15: 70126 | I15: =(H15-'2011'!G35)/'2011'!G35 -> 0.051190958 | J15: =(H15-'2012'!H89)/'2012'!H89 -> 0.055399202 | K15: 70621 | L15: 32404 | M15: =(L15-'2011'!J35)/'2011'!J35 -> 0.041460436 | N15: =(L15-'2012'!L89)/'2012'!L89 -> 0.016851288 | O15: 32520
A16: T4 | B16: AI/AO/Host communication | C16: Interrupts | D16: 74906 | E16: =(D16-'2011'!D36)/'2011'!D36 -> 0.028462373 | F16: =(D16-'2012'!D90)/'2012'!D90 -> 0.060676003 | G16: 75529 | H16: 52854 | I16: =(H16-'2011'!G36)/'2011'!G36 -> -0.22780002 | J16: =(H16-'2012'!H90)/'2012'!H90 -> -0.19503503 | K16: 53419 | L16: 30703 | M16: =(L16-'2011'!J36)/'2011'!J36 -> -0.056192555 | N16: =(L16-'2012'!L90)/'2012'!L90 -> -0.056192555 | O16: 32268 | P16: Had a 14k outlier but haven't been able to reproduce in another 20 runs.
A17: Worst of 3 | C17: http://us-aus-rtweb1/Reports/RT/2013/performance/pharlap/rtperf-8108/sp_online_poll_nosmp/2012-12-18_10-13-27/HTML/2012-12-18_10-18-37_SinglePointBenchmarks_ATS.html
A18: Average: | B18: =AVERAGE(F12:F16,J12:J16,N12:N16) -> 0.028877786
C20: Reruns: | D20: 2012 | E20: 2013
C21: T1 1 | D21: 154559 | E21: 159236
C22: T3 1 | D22: 114548 | E22: 129701
C23: T4 4 | D23: 99404 | E23: 103413
C24: T4 4 (noSMP) | E24: 67613
A26: PXIe-8108, LV RT 2013b75, NI-DAQmx 9.5.5 (PXIe-6361 and PXIe-6363) With SMP support
A27: Test | B27: Description | C27: I/O Mode | D27: Rate 1ch Min | E27: vs. LV11.1, Dmx9.4 | F27: vs. LV12.1, Dmx9.5.5 | G27: Rate 1ch Max | H27: Rate 4ch Min | I27: vs. LV11.1, Dmx9.4 | J27: vs. LV12.1, Dmx9.5.5 | K27: Rate 4ch Max | L27: Rate 16ch Min | M27: vs. LV11.1, Dmx9.4 | N27: vs. LV12.1, Dmx9.5.5 | O27: Rate 16ch Max
A28: T1 | B28: AI / AO | C28: Polling | D28: 173611 | E28: =(D28-'2011'!D23)/'2011'!D23 -> 0.022570518 | F28: =(D28-'2012'!D78)/'2012'!D78 -> 0.069441536 | G28: 179211 | H28: 108696 | I28: =(H28-'2011'!G23)/'2011'!G23 -> -0.033693082 | J28: =(H28-'2012'!H78)/'2012'!H78 -> 0.0076106605 | K28: 114025 | L28: 39277 | M28: =(L28-'2011'!J23)/'2011'!J23 -> 0.046744663 | N28: =(L28-'2012'!L78)/'2012'!L78 -> 0.042410892 | O28: 39463
A29: T2a | B29: AI/PID/AO | C29: Polling | D29: 171821 | E29: =(D29-'2011'!D24)/'2011'!D24 -> 0.18899861 | F29: =(D29-'2012'!D79)/'2012'!D79 -> 0.15463343 | G29: 172414 | H29: 103199 | I29: =(H29-'2011'!G24)/'2011'!G24 -> -0.0031008501 | J29: =(H29-'2012'!H79)/'2012'!H79 -> 0.066050307 | K29: 107411 | L29: 37216 | M29: =(L29-'2011'!J24)/'2011'!J24 -> 0.029032793 | N29: =(L29-'2012'!L79)/'2012'!L79 -> 0.078162118 | O29: 37552
A30: T2b | B30: AI/PID/AO | C30: Interrupts | D30: 64061 | E30: =(D30-'2011'!D25)/'2011'!D25 -> 0.044836247 | F30: =(D30-'2012'!D80)/'2012'!D80 -> 0.06212488 | G30: 66534 | H30: 57937 | I30: =(H30-'2011'!G25)/'2011'!G25 -> 0.061408812 | J30: =(H30-'2012'!H80)/'2012'!H80 -> 0.017956602 | K30: 59880 | L30: 29394 | M30: =(L30-'2011'!J25)/'2011'!J25 -> 0.081417166 | N30: =(L30-'2012'!L80)/'2012'!L80 -> 0.053170906 | O30: 29429
A31: T3 | B31: AI/AO/Local Logging | C31: Polling | D31: 152207 | E31: =(D31-'2011'!D26)/'2011'!D26 -> 0.062408387 | F31: =(D31-'2012'!D81)/'2012'!D81 -> 0.14764073 | G31: 159744 | H31: 100000 | I31: =(H31-'2011'!G26)/'2011'!G26 -> -0.057999001 | J31: =(H31-'2012'!H81)/'2012'!H81 -> -0.0030009671 | K31: 107411 | L31: 36023 | M31: =(L31-'2011'!J26)/'2011'!J26 -> 0.01043449 | N31: =(L31-'2012'!L81)/'2012'!L81 -> 0.0097264267 | O31: 38095
A32: T4 | B32: AI/AO/Host communication | C32: Polling | E32: =(D32-'2011'!D27)/'2011'!D27 -> -1 | F32: =(D32-'2012'!D82)/'2012'!D82 -> -1 | I32: =(H32-'2011'!G27)/'2011'!G27 -> -1 | J32: =(H32-'2012'!H82)/'2012'!H82 -> -1 | M32: =(L32-'2011'!J27)/'2011'!J27 -> -1 | N32: =(L32-'2012'!L82)/'2012'!L82 -> -1
A33: Worst of 3 | C33: http://us-aus-rtweb1.natinst.com/Reports/RT/2013/performance/pharlap/rtperf-8108/sp_online_poll_smp/2013-04-12_18-18-20/HTML/2013-04-12_18-25-44_SinglePointBenchmarks_ATS.html
A34: Average: | B34: =AVERAGE(F28:F32,J28:J32,N28:N32) -> -0.15293817
A35: PXIe-8108, LV RT 2013b75, NI-DAQmx 9.5.5 (PXIe-6361 and PXIe-6363) No SMP support
A36: Test | B36: Description | C36: I/O Mode | D36: Rate 1ch Min | E36: vs. LV11.1, Dmx9.4 | F36: vs. LV12.1, Dmx9.5.5 | G36: Rate 1ch Max | H36: Rate 4ch Min | I36: vs. LV11.1, Dmx9.4 | J36: vs. LV12.1, Dmx9.5.5 | K36: Rate 4ch Max | L36: Rate 16ch Min | M36: vs. LV11.1, Dmx9.4 | N36: vs. LV12.1, Dmx9.5.5 | O36: Rate 16ch Max
A37: T1 | B37: AI / AO | C37: Polling | D37: 154799 | E37: =(D37-'2011'!D32)/'2011'!D32 -> 0.0046468462 | F37: =(D37-'2012'!D86)/'2012'!D86 -> 0.063472108 | G37: 157233 | H37: 100402 | I37: =(H37-'2011'!G32)/'2011'!G32 -> -0.016062171 | J37: =(H37-'2012'!H86)/'2012'!H86 -> -0.023089273 | K37: 104932 | L37: 37216 | M37: =(L37-'2011'!J32)/'2011'!J32 -> 0.029032793 | N37: =(L37-'2012'!L86)/'2012'!L86 -> 0.014142845 | O37: 37552
A38: T2a | B38: AI/PID/AO | C38: Polling | D38: 151976 | E38: =(D38-'2011'!D33)/'2011'!D33 -> 0.021275452 | F38: =(D38-'2012'!D87)/'2012'!D87 -> 0.085108814 | G38: 153374 | H38: 94073 | I38: =(H38-'2011'!G33)/'2011'!G33 -> 0 | J38: =(H38-'2012'!H87)/'2012'!H87 -> 0.022577069 | K38: 97087 | L38: 35398 | M38: =(L38-'2011'!J33)/'2011'!J33 -> 0.025493945 | N38: =(L38-'2012'!L87)/'2012'!L87 -> 0.04706126 | O38: 35753
A39: T2b | B39: AI/PID/AO | C39: Interrupts | D39: 85837 | E39: =(D39-'2011'!D34)/'2011'!D34 -> 0.0017154861 | F39: =(D39-'2012'!D88)/'2012'!D88 -> 0.033483433 | G39: 87951 | H39: 70077 | I39: =(H39-'2011'!G34)/'2011'!G34 -> -0.034339732 | J39: =(H39-'2012'!H88)/'2012'!H88 -> 0.043449128 | K39: 73965 | L39: 32478 | M39: =(L39-'2011'!J34)/'2011'!J34 -> 0.025318853 | N39: =(L39-'2012'!L88)/'2012'!L88 -> 0.021095985 | O39: 33289
A40: T3 | B40: AI/AO/Local Logging | C40: Interrupts | D40: 76278 | E40: =(D40-'2011'!D35)/'2011'!D35 -> 0.032038966 | F40: =(D40-'2012'!D89)/'2012'!D89 -> 0.059504959 | G40: 76628 | H40: 69252 | I40: =(H40-'2011'!G35)/'2011'!G35 -> 0.03808967 | J40: =(H40-'2012'!H89)/'2012'!H89 -> 0.042245466 | K40: 69930 | L40: 32584 | M40: =(L40-'2011'!J35)/'2011'!J35 -> 0.047245613 | N40: =(L40-'2012'!L89)/'2012'!L89 -> 0.022499765 | O40: 32723
A41: T4 | B41: AI/AO/Host communication | C41: Interrupts | E41: =(D41-'2011'!D36)/'2011'!D36 -> -1 | F41: =(D41-'2012'!D90)/'2012'!D90 -> -1 | I41: =(H41-'2011'!G36)/'2011'!G36 -> -1 | J41: =(H41-'2012'!H90)/'2012'!H90 -> -1 | M41: =(L41-'2011'!J36)/'2011'!J36 -> -1 | N41: =(L41-'2012'!L90)/'2012'!L90 -> -1
A42: Worst of 3 | C42: http://us-aus-rtweb1.natinst.com/Reports/RT/2013/performance/pharlap/rtperf-8108/sp_online_poll_nosmp/2013-04-12_08-38-40/HTML/2013-04-12_08-45-28_SinglePointBenchmarks_ATS.html
A43: Average: | B43: =AVERAGE(F37:F41,J37:J41,N37:N41) -> -0.1712299 | C43: 4/11 Stack
A45: PXIe-8108, LV RT 2013rc4, NI-DAQmx 9.5.5 (PXIe-6361 and PXIe-6363) With SMP support | Q45: RC12 rerun
A46: Test | B46: Description | C46: I/O Mode | D46: Rate 1ch Min | E46: vs. LV11.1, Dmx9.4 | F46: vs. LV12.1, Dmx9.5.5 | G46: Rate 1ch Max | H46: Rate 4ch Min | I46: vs. LV11.1, Dmx9.4 | J46: vs. LV12.1, Dmx9.5.5 | K46: Rate 4ch Max | L46: Rate 16ch Min | M46: vs. LV11.1, Dmx9.4 | N46: vs. LV12.1, Dmx9.5.5 | O46: Rate 16ch Max | Q46: 1ch | R46: 4ch
A47: T1 | B47: AI / AO | C47: Polling | D47: 165017 | E47: =(D47-'2011'!D23)/'2011'!D23 -> -0.028048227 | F47: =(D47-'2012'!D78)/'2012'!D78 -> 0.016502606 | G47: 173611 | H47: 105820 | I47: =(H47-'2011'!G23)/'2011'!G23 -> -0.059260708 | J47: =(H47-'2012'!H78)/'2012'!H78 -> -0.019049826 | K47: 108578 | L47: 38595 | M47: =(L47-'2011'!J23)/'2011'!J23 -> 0.028569144 | N47: =(L47-'2012'!L78)/'2012'!L78 -> 0.024310624 | O47: 39463
A48: T2a | B48: AI/PID/AO | C48: Polling | D48: 168067 | E48: =(D48-'2011'!D24)/'2011'!D24 -> 0.16302099 | F48: =(D48-'2012'!D79)/'2012'!D79 -> 0.12940663 | G48: 170068 | H48: 91575 | I48: =(H48-'2011'!G24)/'2011'!G24 -> -0.11538833 | J48: =(H48-'2012'!H79)/'2012'!H79 -> -0.054026135 | K48: 97087 | L48: 36900 | M48: =(L48-'2011'!J24)/'2011'!J24 -> 0.020295305 | N48: =(L48-'2012'!L79)/'2012'!L79 -> 0.069007474 | O48: 37397 | R48: 103199
A49: T2b | B49: AI/PID/AO | C49: Interrupts | D49: 63371 | E49: =(D49-'2011'!D25)/'2011'!D25 -> 0.033582333 | F49: =(D49-'2012'!D80)/'2012'!D80 -> 0.05068475 | G49: 63654 | H49: 45045 | I49: =(H49-'2011'!G25)/'2011'!G25 -> -0.17477329 | J49: =(H49-'2012'!H80)/'2012'!H80 -> -0.20855662 | K49: 45434 | L49: 26903 | M49: =(L49-'2011'!J25)/'2011'!J25 -> -0.010227733 | N49: =(L49-'2012'!L80)/'2012'!L80 -> -0.036080258 | O49: 27840 | Q49: 64516 | R49: 57803
A50: T3 | B50: AI/AO/Local Logging | C50: Polling | D50: 131926 | E50: =(D50-'2011'!D26)/'2011'!D26 -> -0.079153463 | F50: =(D50-'2012'!D81)/'2012'!D81 -> -0.0052779998 | G50: 157978 | H50: 98912 | I50: =(H50-'2011'!G26)/'2011'!G26 -> -0.068247972 | J50: =(H50-'2012'!H81)/'2012'!H81 -> -0.013848317 | K50: 101937 | L50: 37369 | M50: =(L50-'2011'!J26)/'2011'!J26 -> 0.048189392 | N50: =(L50-'2012'!L81)/'2012'!L81 -> 0.047454872 | O50: 37908 | R50: 101112
A51: T4 | B51: AI/AO/Host communication | C51: Polling | D51: 133869 | E51: =(D51-'2011'!D27)/'2011'!D27 -> -0.040159174 | F51: =(D51-'2012'!D82)/'2012'!D82 -> 0.01339137 | G51: 136986 | H51: 90498 | I51: =(H51-'2011'!G27)/'2011'!G27 -> -0.096826347 | J51: =(H51-'2012'!H82)/'2012'!H82 -> -0.073298108 | K51: 96432 | L51: 36563 | M51: =(L51-'2011'!J27)/'2011'!J27 -> 0.098350807 | N51: =(L51-'2012'!L82)/'2012'!L82 -> 0.051174424 | O51: 37951
A52: Worst of 3 | C52: http://us-aus-rtweb1.natinst.com/Reports/RT/2013/performance/pharlap/rtperf-8108/sp_online_poll_smp/2013-05-15_02-21-08/HTML/2013-05-15_02-28-33_SinglePointBenchmarks_ATS.html
A53: PXIe-8108, LV RT 2013rc4, NI-DAQmx 9.5.5 (PXIe-6361 and PXIe-6363) No SMP support | Q53: RC12 rerun
A54: Test | B54: Description | C54: I/O Mode | D54: Rate 1ch Min | E54: vs. LV11.1, Dmx9.4 | F54: vs. LV12.1, Dmx9.5.5 | G54: Rate 1ch Max | H54: Rate 4ch Min | I54: vs. LV11.1, Dmx9.4 | J54: vs. LV12.1, Dmx9.5.5 | K54: Rate 4ch Max | L54: Rate 16ch Min | M54: vs. LV11.1, Dmx9.4 | N54: vs. LV12.1, Dmx9.5.5 | O54: Rate 16ch Max | Q54: 1ch | R54: 4ch
A55: T1 | B55: AI / AO | C55: Polling | D55: 154321 | E55: =(D55-'2011'!D32)/'2011'!D32 -> 0.0015446221 | F55: =(D55-'2012'!D86)/'2012'!D86 -> 0.060188239 | G55: 156986 | H55: 94340 | I55: =(H55-'2011'!G32)/'2011'!G32 -> -0.075469664 | J55: =(H55-'2012'!H86)/'2012'!H86 -> -0.082072488 | K55: 95420 | L55: 37189 | M55: =(L55-'2011'!J32)/'2011'!J32 -> 0.028286236 | N55: =(L55-'2012'!L86)/'2012'!L86 -> 0.01340709 | O55: 37552
A56: T2a | B56: AI/PID/AO | C56: Polling | D56: 151057 | E56: =(D56-'2011'!D33)/'2011'!D33 -> 0.015099792 | F56: =(D56-'2012'!D87)/'2012'!D87 -> 0.078547153 | G56: 151286 | H56: 86207 | I56: =(H56-'2011'!G33)/'2011'!G33 -> -0.083615915 | J56: =(H56-'2012'!H87)/'2012'!H87 -> -0.062926649 | K56: 87032 | L56: 35461 | M56: =(L56-'2011'!J33)/'2011'!J33 -> 0.02731908 | N56: =(L56-'2012'!L87)/'2012'!L87 -> 0.048924779 | O56: 35689 | R56: 95057
A57: T2b | B57: AI/PID/AO | C57: Interrupts | D57: 84531 | E57: =(D57-'2011'!D34)/'2011'!D34 -> -0.013525499 | F57: =(D57-'2012'!D88)/'2012'!D88 -> 0.017759102 | G57: 90253 | H57: 56338 | I57: =(H57-'2011'!G34)/'2011'!G34 -> -0.223663 | J57: =(H57-'2012'!H88)/'2012'!H88 -> -0.16112509 | K57: 57013 | L57: 33289 | M57: =(L57-'2011'!J34)/'2011'!J34 -> 0.050921834 | N57: =(L57-'2012'!L88)/'2012'!L88 -> 0.046593517 | O57: 33456 | Q57: 85251 | R57: 70621
A58: T3 | B58: AI/AO/Local Logging | C58: Interrupts | D58: 75930 | E58: =(D58-'2011'!D35)/'2011'!D35 -> 0.027330537 | F58: =(D58-'2012'!D89)/'2012'!D89 -> 0.054671223 | G58: 76923 | H58: 55066 | I58: =(H58-'2011'!G35)/'2011'!G35 -> -0.17455892 | J58: =(H58-'2012'!H89)/'2012'!H89 -> -0.17125442 | K58: 55340 | L58: 32425 | M58: =(L58-'2011'!J35)/'2011'!J35 -> 0.042135373 | N58: =(L58-'2012'!L89)/'2012'!L89 -> 0.017510277 | O58: 32723 | R58: 68776
A59: T4 | B59: AI/AO/Host communication | C59: Interrupts | D59: 75245 | E59: =(D59-'2011'!D36)/'2011'!D36 -> 0.033116856 | F59: =(D59-'2012'!D90)/'2012'!D90 -> 0.065476275 | G59: 76336 | H59: 53850 | I59: =(H59-'2011'!G36)/'2011'!G36 -> -0.2132484 | J59: =(H59-'2012'!H90)/'2012'!H90 -> -0.17986598 | K59: 54142 | L59: 32787 | M59: =(L59-'2011'!J36)/'2011'!J36 -> 0.0078694169 | N59: =(L59-'2012'!L90)/'2012'!L90 -> 0.0078694169 | O59: 33445
A60: Worst of 3 | C60: http://us-aus-rtweb1.natinst.com/Reports/RT/2013/performance/pharlap/rtperf-8108/sp_online_poll_nosmp/2013-05-14_16-30-59/HTML/2013-05-14_16-36-30_SinglePointBenchmarks_ATS.html
C61: 5/14 Stack
A63: PXIe-8108, LV RT 2013rc35, NI-DAQmx 9.7.5 (PXIe-6361 and PXIe-6363) With SMP support
A64: Test | B64: Description | C64: I/O Mode | D64: Rate 1ch Min | E64: vs. LV11.1, Dmx9.4 | F64: vs. LV12.1, Dmx9.5.5 | G64: Rate 1ch Max | H64: Rate 4ch Min | I64: vs. LV11.1, Dmx9.4 | J64: vs. LV12.1, Dmx9.5.5 | K64: Rate 4ch Max | L64: Rate 16ch Min | M64: vs. LV11.1, Dmx9.4 | N64: vs. LV12.1, Dmx9.5.5 | O64: Rate 16ch Max
A65: T1 | B65: AI / AO | C65: Polling | D65: 170358 | E65: =(D65-'2011'!D23)/'2011'!D23 -> 0.0034103158 | F65: =(D65-'2012'!D78)/'2012'!D78 -> 0.049403097 | G65: 173611 | H65: 110619 | I65: =(H65-'2011'!G23)/'2011'!G23 -> -0.016597621 | J65: =(H65-'2012'!H78)/'2012'!H78 -> 0.025436848 | K65: 112613 | L65: 39093 | M65: =(L65-'2011'!J23)/'2011'!J23 -> 0.041841004 | N65: =(L65-'2012'!L78)/'2012'!L78 -> 0.037527535 | O65: 39277
A66: T2a | B66: AI/PID/AO | C66: Polling | D66: 167224 | E66: =(D66-'2011'!D24)/'2011'!D24 -> 0.15718744 | F66: =(D66-'2012'!D79)/'2012'!D79 -> 0.12374168 | G66: 170649 | H66: 104932 | I66: =(H66-'2011'!G24)/'2011'!G24 -> 0.013639876 | J66: =(H66-'2012'!H79)/'2012'!H79 -> 0.083952275 | K66: 105042 | L66: 36860 | M66: =(L66-'2011'!J24)/'2011'!J24 -> 0.019189294 | N66: =(L66-'2012'!L79)/'2012'!L79 -> 0.067848659 | O66: 37216
A67: T2b | B67: AI/PID/AO | C67: Interrupts | D67: 64516 | E67: =(D67-'2011'!D25)/'2011'!D25 -> 0.052257307 | F67: =(D67-'2012'!D80)/'2012'!D80 -> 0.069668734 | G67: 65062 | H67: 57405 | I67: =(H67-'2011'!G25)/'2011'!G25 -> 0.051662545 | J67: =(H67-'2012'!H80)/'2012'!H80 -> 0.0086093297 | K67: 58480 | L67: 28498 | M67: =(L67-'2011'!J25)/'2011'!J25 -> 0.048452963 | N67: =(L67-'2012'!L80)/'2012'!L80 -> 0.021067718 | O67: 28686
A68: T3 | B68: AI/AO/Local Logging | C68: Polling | D68: 124224 | E68: =(D68-'2011'!D26)/'2011'!D26 -> -0.1329136 | F68: =(D68-'2012'!D81)/'2012'!D81 -> -0.063351077 | G68: 156495 | H68: 106496 | I68: =(H68-'2011'!G26)/'2011'!G26 -> 0.0031933834 | J68: =(H68-'2012'!H81)/'2012'!H81 -> 0.06176409 | K68: 108108 | L68: 37552 | M68: =(L68-'2011'!J26)/'2011'!J26 -> 0.053322487 | N68: =(L68-'2012'!L81)/'2012'!L81 -> 0.05258437 | O68: 37736
A69: T4 | B69: AI/AO/Host communication | C69: Polling | D69: 135870 | E69: =(D69-'2011'!D27)/'2011'!D27 -> -0.025812003 | F69: =(D69-'2012'!D82)/'2012'!D82 -> 0.028538986 | G69: 136986 | H69: 82988 | I69: =(H69-'2011'!G27)/'2011'!G27 -> -0.17177645 | J69: =(H69-'2012'!H82)/'2012'!H82 -> -0.1502007 | K69: 104058 | L69: 37411 | M69: =(L69-'2011'!J27)/'2011'!J27 -> 0.12382469 | N69: =(L69-'2012'!L82)/'2012'!L82 -> 0.07555415 | O69: 37580
A70: Worst of 3 | C70: http://us-aus-rtweb1/Reports/RT/2013/performance/pharlap/rtperf-8108/sp_online_poll_smp/2013-06-16_06-38-31/HTML/2013-06-16_06-45-49_SinglePointBenchmarks_ATS.html
A71: PXIe-8108, LV RT 2013rc35, NI-DAQmx 9.7.5 (PXIe-6361 and PXIe-6363) No SMP support
A72: Test | B72: Description | C72: I/O Mode | D72: Rate 1ch Min | E72: vs. LV11.1, Dmx9.4 | F72: vs. LV12.1, Dmx9.5.5 | G72: Rate 1ch Max | H72: Rate 4ch Min | I72: vs. LV11.1, Dmx9.4 | J72: vs. LV12.1, Dmx9.5.5 | K72: Rate 4ch Max | L72: Rate 16ch Min | M72: vs. LV11.1, Dmx9.4 | N72: vs. LV12.1, Dmx9.5.5 | O72: Rate 16ch Max
A73: T1 | B73: AI / AO | C73: Polling | D73: 149254 | E73: =(D73-'2011'!D32)/'2011'!D32 -> -0.031340252 | F73: =(D73-'2012'!D86)/'2012'!D86 -> 0.025377851 | G73: 154321 | H73: 102459 | I73: =(H73-'2011'!G32)/'2011'!G32 -> 0.0040963926 | J73: =(H73-'2012'!H86)/'2012'!H86 -> -0.0030746777 | K73: 104058 | L73: 36860 | M73: =(L73-'2011'!J32)/'2011'!J32 -> 0.019189294 | N73: =(L73-'2012'!L86)/'2012'!L86 -> 0.00444178 | O73: 37051
A74: T2a | B74: AI/PID/AO | C74: Polling | D74: 144928 | E74: =(D74-'2011'!D33)/'2011'!D33 -> -0.026086957 | F74: =(D74-'2012'!D87)/'2012'!D87 -> 0.034786086 | G74: 146843 | H74: 96154 | I74: =(H74-'2011'!G33)/'2011'!G33 -> 0.022121119 | J74: =(H74-'2012'!H87)/'2012'!H87 -> 0.045197617 | K74: 97087 | L74: 34831 | M74: =(L74-'2011'!J33)/'2011'!J33 -> 0.0090677328 | N74: =(L74-'2012'!L87)/'2012'!L87 -> 0.030289585 | O74: 35174
A75: T2b | B75: AI/PID/AO | C75: Interrupts | D75: 83472 | E75: =(D75-'2011'!D34)/'2011'!D34 -> -0.025884 | F75: =(D75-'2012'!D88)/'2012'!D88 -> 0.0050086688 | G75: 86580 | H75: 73153 | I75: =(H75-'2011'!G34)/'2011'!G34 -> 0.0080475134 | J75: =(H75-'2012'!H88)/'2012'!H88 -> 0.089250882 | K75: 73529 | L75: 33124 | M75: =(L75-'2011'!J34)/'2011'!J34 -> 0.045712843 | N75: =(L75-'2012'!L88)/'2012'!L88 -> 0.04140598 | O75: 33167
A76: T3 | B76: AI/AO/Local Logging | C76: Interrupts | D76: 75643 | E76: =(D76-'2011'!D35)/'2011'!D35 -> 0.023447436 | F76: =(D76-'2012'!D89)/'2012'!D89 -> 0.050684779 | G76: 75988 | H76: 69396 | I76: =(H76-'2011'!G35)/'2011'!G35 -> 0.040248235 | J76: =(H76-'2012'!H89)/'2012'!H89 -> 0.044412672 | K76: 69784 | L76: 32310 | M76: =(L76-'2011'!J35)/'2011'!J35 -> 0.038439288 | N76: =(L76-'2012'!L89)/'2012'!L89 -> 0.013901528 | O76: 32425
A77: T4 | B77: AI/AO/Host communication | C77: Interrupts | D77: 72516 | E77: =(D77-'2011'!D36)/'2011'!D36 -> -0.0043524227 | F77: =(D77-'2012'!D90)/'2012'!D90 -> 0.026833378 | G77: 74516 | H77: 67476 | I77: =(H77-'2011'!G36)/'2011'!G36 -> -0.014171756 | J77: =(H77-'2012'!H90)/'2012'!H90 -> 0.02765763 | K77: 69061 | L77: 32584 | M77: =(L77-'2011'!J36)/'2011'!J36 -> 0.0016292152 | N77: =(L77-'2012'!L90)/'2012'!L90 -> 0.0016292152 | O77: 32701
A78: Worst of 3 | C78: http://us-aus-rtweb1/Reports/RT/2013/performance/pharlap/rtperf-8108/sp_online_poll_nosmp/2013-06-15_21-14-52/HTML/2013-06-15_21-22-12_SinglePointBenchmarks_ATS.html
A80: PXIe-8108, LV RT 2013.1d58, NI-DAQmx 9.8 (PXIe-6361 and PXIe-6363) With SMP support
A81: Test | B81: Description | C81: I/O Mode | D81: Rate 1ch Min | E81: vs. LV12.1, Dmx9.5.5 | F81: vs. LV13, Dmx9.7.5 | G81: Rate 1ch Max | H81: Rate 4ch Min | I81: vs. LV12.1, Dmx9.5.5 | J81: vs. LV13, Dmx9.7.5 | K81: Rate 4ch Max | L81: Rate 16ch Min | M81: vs. LV12.1, Dmx9.5.5 | N81: vs. LV13, Dmx9.7.5 | O81: Rate 16ch Max
A82: T1 | B82: AI / AO | C82: Polling | D82: 166667 | E82: =(D82-'2012'!D78)/'2012'!D78 -> 0.026666585 | F82: =(D82-D65)/D65 -> -0.021666138 | G82: 172414 | H82: 110988 | I82: =(H82-'2012'!H78)/'2012'!H78 -> 0.028857474 | J82: =(H82-H65)/H65 -> 0.0033357741 | K82: 112108 | L82: 38373 | M82: =(L82-'2012'!L78)/'2012'!L78 -> 0.018418748 | N82: =(L82-L65)/L65 -> -0.01841762 | O82: 38745
A83: T2a | B83: AI/PID/AO | C83: Polling | D83: 167224 | E83: =(D83-'2012'!D79)/'2012'!D79 -> 0.12374168 | F83: =(D83-D66)/D66 -> 0 | G83: 167504 | H83: 101215 | I83: =(H83-'2012'!H79)/'2012'!H79 -> 0.045555498 | J83: =(H83-H66)/H66 -> -0.035422941 | K83: 104932 | L83: 36350 | M83: =(L83-'2012'!L79)/'2012'!L79 -> 0.053073759 | N83: =(L83-L66)/L66 -> -0.013836137 | O83: 36873
A84: T2b | B84: AI/PID/AO | C84: Interrupts | D84: 65020 | E84: =(D84-'2012'!D80)/'2012'!D80 -> 0.078025002 | F84: =(D84-D67)/D67 -> 0.0078120156 | G84: 65531 | H84: 57208 | I84: =(H84-'2012'!H80)/'2012'!H80 -> 0.0051480278 | J84: =(H84-H67)/H67 -> -0.0034317568 | K84: 59032 | L84: 28686 | M84: =(L84-'2012'!L80)/'2012'!L80 -> 0.027803655 | N84: =(L84-L67)/L67 -> 0.0065969542 | O84: 28827
A85: T3 | B85: AI/AO/Local Logging | C85: Polling | D85: 144718 | E85: =(D85-'2012'!D81)/'2012'!D81 -> 0.091173676 | F85: =(D85-D68)/D68 -> 0.16497617 | G85: 164474 | H85: 96805 | I85: =(H85-'2012'!H81)/'2012'!H81 -> -0.034855086 | J85: =(H85-H68)/H68 -> -0.090998723 | K85: 106045 | L85: 36711 | M85: =(L85-'2012'!L81)/'2012'!L81 -> 0.0290111 | N85: =(L85-L68)/L68 -> -0.022395611 | O85: 37397
A86: T4 | B86: AI/AO/Host communication | C86: Polling | D86: 132100 | E86: =(D86-'2012'!D82)/'2012'!D82 -> 0 | F86: =(D86-D69)/D69 -> -0.027747111 | G86: 141243 | H86: 104058 | I86: =(H86-'2012'!H82)/'2012'!H82 -> 0.065556648 | J86: =(H86-H69)/H69 -> 0.25389213 | K86: 105820 | L86: 36576 | M86: =(L86-'2012'!L82)/'2012'!L82 -> 0.05154817 | N86: =(L86-L69)/L69 -> -0.022319639 | O86: 37258
A87: Worst of 3 | C87: http://us-aus-rtweb1/Reports/RT/2013SP1/performance/pharlap/rtperf-8108/sp_online_poll_smp/2013-11-03_21-44-37/HTML/2013-11-03_21-52-32_SinglePointBenchmarks_ATS.html
A88: PXIe-8108, LV RT 2013.1d58, NI-DAQmx 9.8 (PXIe-6361 and PXIe-6363) No SMP support
A89: Test | B89: Description | C89: I/O Mode | D89: Rate 1ch Min | E89: vs. LV12.1, Dmx9.5.5 | F89: vs. LV13, Dmx9.7.5 | G89: Rate 1ch Max | H89: Rate 4ch Min | I89: vs. LV12.1, Dmx9.5.5 | J89: vs. LV13, Dmx9.7.5 | K89: Rate 4ch Max | L89: Rate 16ch Min | M89: vs. LV12.1, Dmx9.5.5 | N89: vs. LV13, Dmx9.7.5 | O89: Rate 16ch Max
A90: T1 | B90: AI / AO | C90: Polling | D90: 148368 | E90: =(D90-'2012'!D86)/'2012'!D86 -> 0.019291014 | F90: =(D90-D73)/D73 -> -0.0059361893 | G90: 149254 | H90: 102354 | I90: =(H90-'2012'!H86)/'2012'!H86 -> -0.0040963269 | J90: =(H90-H73)/H73 -> -0.0010248002 | K90: 103306 | L90: 37397 | M90: =(L90-'2012'!L86)/'2012'!L86 -> 0.019075129 | N90: =(L90-L73)/L73 -> 0.014568638 | O90: 37397
A91: T2a | B91: AI/PID/AO | C91: Polling | D91: 146199 | E91: =(D91-'2012'!D87)/'2012'!D87 -> 0.043861027 | F91: =(D91-D74)/D74 -> 0.0087698719 | G91: 148148 | H91: 94607 | I91: =(H91-'2012'!H87)/'2012'!H87 -> 0.028381669 | J91: =(H91-H74)/H74 -> -0.016088774 | K91: 95420 | L91: 34941 | M91: =(L91-'2012'!L87)/'2012'!L87 -> 0.033543349 | N91: =(L91-L74)/L74 -> 0.0031581063 | O91: 35174
A92: T2b | B92: AI/PID/AO | C92: Interrupts | D92: 85616 | E92: =(D92-'2012'!D88)/'2012'!D88 -> 0.030822578 | F92: =(D92-D75)/D75 -> 0.02568526 | G92: 88339 | H92: 71378 | I92: =(H92-'2012'!H88)/'2012'!H88 -> 0.062821066 | J92: =(H92-H75)/H75 -> -0.024264213 | K92: 73855 | L92: 32884 | M92: =(L92-'2012'!L88)/'2012'!L88 -> 0.033860471 | N92: =(L92-L75)/L75 -> -0.0072455018 | O92: 33289
A93: T3 | B93: AI/AO/Local Logging | C93: Interrupts | D93: 76278 | E93: =(D93-'2012'!D89)/'2012'!D89 -> 0.059504959 | F93: =(D93-D76)/D76 -> 0.0083946961 | G93: 77761 | H93: 69784 | I93: =(H93-'2012'!H89)/'2012'!H89 -> 0.050252088 | J93: =(H93-H76)/H76 -> 0.0055911004 | K93: 70274 | L93: 32425 | M93: =(L93-'2012'!L89)/'2012'!L89 -> 0.017510277 | N93: =(L93-L76)/L76 -> 0.0035592696 | O93: 32584
A94: T4 | B94: AI/AO/Host communication | C94: Interrupts | D94: 75245 | E94: =(D94-'2012'!D90)/'2012'!D90 -> 0.065476275 | F94: =(D94-D77)/D77 -> 0.037633074 | G94: 75529 | H94: 68074 | I94: =(H94-'2012'!H90)/'2012'!H90 -> 0.036765154 | J94: =(H94-H77)/H77 -> 0.0088624103 | K94: 70077 | L94: 32584 | M94: =(L94-'2012'!L90)/'2012'!L90 -> 0.0016292152 | N94: =(L94-L77)/L77 -> 0 | O94: 33025
A95: Worst of 3 | C95: http://us-aus-rtweb1/Reports/RT/2013SP1/performance/pharlap/rtperf-8108/sp_online_poll_nosmp/

Sheet 2014
A1: PXIe-8108, LV RT 2014a10, NI-DAQmx 9.8 (PXIe-6361 and PXIe-6363) With SMP support
A2: Test | B2: Description | C2: I/O Mode | D2: Rate 1ch Min | E2: vs. LV13.1, Dmx9.8 | F2: vs. LV12.1, Dmx9.5.5 | G2: Rate 1ch Max | H2: Rate 4ch Min | I2: vs. LV13.1, Dmx9.8 | J2: vs. LV12.1, Dmx9.5.5 | K2: Rate 4ch Max | L2: Rate 16ch Min | M2: vs. LV13.1, Dmx9.8 | N2: vs. LV12.1, Dmx9.5.5 | O2: Rate 16ch Max
A3: T1 | B3: AI / AO | C3: Polling | D3: 165017 | E3: =(D3-'2013'!D82)/'2013'!D82 -> -0.0098999802 | F3: =(D3-'2012'!D78)/'2012'!D78 -> 0.016502606 | G3: 171821 | H3: 110619 | I3: =(H3-'2013'!H82)/'2013'!H82 -> -0.0033246837 | J3: =(H3-'2012'!H78)/'2012'!H78 -> 0.025436848 | K3: 112108 | L3: 38775 | M3: =(L3-'2013'!L82)/'2013'!L82 -> 0.010476116 | N3: =(L3-'2012'!L78)/'2012'!L78 -> 0.029087821 | O3: 38926
A4: T2a | B4: AI/PID/AO | C4: Polling | D4: 165837 | E4: =(D4-'2013'!D83)/'2013'!D83 -> -0.008294264 | F4: =(D4-'2012'!D79)/'2012'!D79 -> 0.11442107 | G4: 167785 | H4: 104493 | I4: =(H4-'2013'!H83)/'2013'!H83 -> 0.032386504 | J4: =(H4-'2012'!H79)/'2012'!H79 -> 0.079417385 | K4: 105042 | L4: 35855 | M4: =(L4-'2013'!L83)/'2013'!L83 -> -0.013617607 | N4: =(L4-'2012'!L79)/'2012'!L79 -> 0.038733414 | O4: 37037
A5: T2b | B5: AI/PID/AO | C5: Interrupts | D5: 65833 | E5: =(D5-'2013'!D84)/'2013'!D84 -> 0.012503845 | F5: =(D5-'2012'!D80)/'2012'!D80 -> 0.09150446 | G5: 66225 | H5: 58005 | I5: =(H5-'2013'!H84)/'2013'!H84 -> 0.013931618 | J5: =(H5-'2012'!H80)/'2012'!H80 -> 0.019151366 | K5: 58480 | L5: 28777 | M5: =(L5-'2013'!L84)/'2013'!L84 -> 0.0031722792 | N5: =(L5-'2012'!L80)/'2012'!L80 -> 0.031064135 | O5: 29163
A6: T3 | B6: AI/AO/Local Logging | C6: Polling | D6: 156006 | E6: =(D6-'2013'!D85)/'2013'!D85 -> 0.077999972 | F6: =(D6-'2012'!D81)/'2012'!D81 -> 0.17628519 | G6: 161031 | H6: 104932 | I6: =(H6-'2013'!H85)/'2013'!H85 -> 0.083952275 | J6: =(H6-'2012'!H81)/'2012'!H81 -> 0.046171025 | K6: 108342 | L6: 37722 | M6: =(L6-'2013'!L85)/'2013'!L85 -> 0.02753943 | N6: =(L6-'2012'!L81)/'2012'!L81 -> 0.057349479 | O6: 38095
A7: T4 | B7: AI/AO/Host communication | C7: Polling | D7: 137552 | E7: =(D7-'2013'!D86)/'2013'!D86 -> 0.041271764 | F7: =(D7-'2012'!D82)/'2012'!D82 -> 0.041271764 | G7: 139470 | H7: 99405 | I7: =(H7-'2013'!H86)/'2013'!H86 -> -0.044715447 | J7: =(H7-'2012'!H82)/'2012'!H82 -> 0.017909806 | K7: 105485 | L7: 36914 | M7: =(L7-'2013'!L86)/'2013'!L86 -> 0.0092410324 | N7: =(L7-'2012'!L82)/'2012'!L82 -> 0.061265561 | O7: 37764
A8: Worst of 3 | C8: http://us-aus-rtweb1/Reports/RT/2014/performance/pharlap/rtperf-8108/sp_online_poll_smp/2013-11-23_03-01-57/HTML/2013-11-23_03-10-00_SinglePointBenchmarks_ATS.html
A10: PXIe-8108, LV RT 2014a10, NI-DAQmx 9.8 (PXIe-6361 and PXIe-6363) No SMP support
A11: Test | B11: Description | C11: I/O Mode | D11: Rate 1ch Min | E11: vs. LV13.1, Dmx9.8 | F11: vs. LV12.1, Dmx9.5.5 | G11: Rate 1ch Max | H11: Rate 4ch Min | I11: vs. LV13.1, Dmx9.8 | J11: vs. LV12.1, Dmx9.5.5 | K11: Rate 4ch Max | L11: Rate 16ch Min | M11: vs. LV13.1, Dmx9.8 | N11: vs. LV12.1, Dmx9.5.5 | O11: Rate 16ch Max
A12: T1 | B12: AI / AO | C12: Polling | D12: 152672 | E12: =(D12-'2013'!D90)/'2013'!D90 -> 0.029008951 | F12: =(D12-'2012'!D86)/'2012'!D86 -> 0.048859577 | G12: 154083 | H12: 100806 | I12: =(H12-'2013'!H90)/'2013'!H90 -> -0.015123981 | J12: =(H12-'2012'!H86)/'2012'!H86 -> -0.019158356 | K12: 103627 | L12: 36873 | M12: =(L12-'2013'!L90)/'2013'!L90 -> -0.014011819 | N12: =(L12-'2012'!L86)/'2012'!L86 -> 0.0047960324 | O12: 37552
A13: T2a | B13: AI/PID/AO | C13: Polling | D13: 144928 | E13: =(D13-'2013'!D91)/'2013'!D91 -> -0.0086936299 | F13: =(D13-'2012'!D87)/'2012'!D87 -> 0.034786086 | G13: 147492 | H13: 95057 | I13: =(H13-'2013'!H91)/'2013'!H91 -> 0.0047565191 | J13: =(H13-'2012'!H87)/'2012'!H87 -> 0.033273186 | K13: 95420 | L13: 35174 | M13: =(L13-'2013'!L91)/'2013'!L91 -> 0.0066683838 | N13: =(L13-'2012'!L87)/'2012'!L87 -> 0.040435413 | O13: 35286
A14: T2b | B14: AI/PID/AO | C14: Interrupts | D14: 82508 | E14: =(D14-'2013'!D92)/'2013'!D92 -> -0.036301626 | F14: =(D14-'2012'!D88)/'2012'!D88 -> -0.006597958 | G14: 86059 | H14: 71073 | I14: =(H14-'2013'!H92)/'2013'!H92 -> -0.0042730253 | J14: =(H14-'2012'!H88)/'2012'!H88 -> 0.058279605 | K14: 73099 | L14: 32680 | M14: =(L14-'2013'!L92)/'2013'!L92 -> -0.0062036249 | N14: =(L14-'2012'!L88)/'2012'!L88 -> 0.027446788 | O14: 32884
A15: T3 | B15: AI/AO/Local Logging | C15: Interrupts | D15: 75131 | E15: =(D15-'2013'!D93)/'2013'!D93 -> -0.015037101 | F15: =(D15-'2012'!D89)/'2012'!D89 -> 0.043573076 | G15: 76982 | H15: 69784 | I15: =(H15-'2013'!H93)/'2013'!H93 -> 0 | J15: =(H15-'2012'!H89)/'2012'!H89 -> 0.050252088 | K15: 69930 | L15: 32425 | M15: =(L15-'2013'!L93)/'2013'!L93 -> 0 | N15: =(L15-'2012'!L89)/'2012'!L89 -> 0.017510277 | O15: 32584
A16: T4 | B16: AI/AO/Host communication | C16: Interrupts | D16: 73801 | E16: =(D16-'2013'!D94)/'2013'!D94 -> -0.019190644 | F16: =(D16-'2012'!D90)/'2012'!D90 -> 0.045029099 | G16: 73855 | H16: 67751 | I16: =(H16-'2013'!H94)/'2013'!H94 -> -0.0047448365 | J16: =(H16-'2012'!H90)/'2012'!H90 -> 0.031845873 | K16: 70077 | L16: 32830 | M16: =(L16-'2013'!L94)/'2013'!L94 -> 0.0075497177 | N16: =(L16-'2012'!L90)/'2012'!L90 -> 0.009191233 | O16: 33156
A17: Worst of 3 | C17: http://us-aus-rtweb1/Reports/RT/2014/performance/pharlap/rtperf-8108/sp_online_poll_nosmp/2013-11-22_18-06-46/HTML/2013-11-22_18-14-41_SinglePointBenchmarks_ATS.html
A19: PXIe-8108, LV RT 2014b22, NI-DAQmx 9.8 (PXIe-6361 and PXIe-6363) With SMP support
A20: Test | B20: Description | C20: I/O Mode | D20: Rate 1ch Min | E20: vs. LV13.1, Dmx9.8 | F20: vs. LV12.1, Dmx9.5.5 | G20: Rate 1ch Max | H20: Rate 4ch Min | I20: vs. LV13.1, Dmx9.8 | J20: vs. LV12.1, Dmx9.5.5 | K20: Rate 4ch Max | L20: Rate 16ch Min | M20: vs. LV13.1, Dmx9.8 | N20: vs. LV12.1, Dmx9.5.5 | O20: Rate 16ch Max
A21: T1 | B21: AI / AO | C21: Polling | D21: 166667 | E21: =(D21-'2013'!D82)/'2013'!D82 -> 0 | F21: =(D21-'2012'!D78)/'2012'!D78 -> 0.026666585 | G21: 168634 | H21: 110132 | I21: =(H21-'2013'!H82)/'2013'!H82 -> -0.0077125455 | J21: =(H21-'2012'!H78)/'2012'!H78 -> 0.020922364 | K21: 112108 | L21: 38595 | M21: =(L21-'2013'!L82)/'2013'!L82 -> 0.0057853178 | N21: =(L21-'2012'!L78)/'2012'!L78 -> 0.024310624 | O21: 38775
A22: T2a | B22: AI/PID/AO | C22: Polling | D22: 159236 | E22: =(D22-'2013'!D83)/'2013'!D83 -> -0.047768263 | F22: =(D22-'2012'!D79)/'2012'!D79 -> 0.070062496 | G22: 162866 | H22: 104493 | I22: =(H22-'2013'!H83)/'2013'!H83 -> 0.032386504 | J22: =(H22-'2012'!H79)/'2012'!H79 -> 0.079417385 | K22: 105374 | L22: 36711 | M22: =(L22-'2013'!L83)/'2013'!L83 -> 0.0099312242 | N22: =(L22-'2012'!L79)/'2012'!L79 -> 0.06353207 | O22: 37037
A23: T2b | B23: AI/PID/AO | C23: Interrupts | D23: 64516 | E23: =(D23-'2013'!D84)/'2013'!D84 -> -0.0077514611 | F23: =(D23-'2012'!D80)/'2012'!D80 -> 0.069668734 | G23: 58480 | H23: 58479 | I23: =(H23-'2013'!H84)/'2013'!H84 -> 0.022217172 | J23: =(H23-'2012'!H80)/'2012'!H80 -> 0.027479575 | K23: 59952 | L23: 31566 | M23: =(L23-'2013'!L84)/'2013'!L84 -> 0.10039741 | N23: =(L23-'2012'!L80)/'2012'!L80 -> 0.13099248 | O23: 31847
A24: T3 | B24: AI/AO/Local Logging | C24: Polling | D24: 130208 | E24: =(D24-'2013'!D85)/'2013'!D85 -> -0.10026396 | F24: =(D24-'2012'!D81)/'2012'!D81 -> -0.018231719 | G24: 156250 | H24: 105374 | I24: =(H24-'2013'!H85)/'2013'!H85 -> 0.088518155 | J24: =(H24-'2012'!H81)/'2012'!H81 -> 0.050577761 | K24: 106724 | L24: 36377 | M24: =(L24-'2013'!L85)/'2013'!L85 -> -0.0090980905 | N24: =(L24-'2012'!L81)/'2012'!L81 -> 0.019649064 | O24: 37397
A25: T4 | B25: AI/AO/Host communication | C25: Polling | D25: 136612 | E25: =(D25-'2013'!D86)/'2013'!D86 -> 0.034155942 | F25: =(D25-'2012'!D82)/'2012'!D82 -> 0.034155942 | G25: 139665 | H25: 99108 | I25: =(H25-'2013'!H86)/'2013'!H86 -> -0.047569625 | J25: =(H25-'2012'!H82)/'2012'!H82 -> 0.014868518 | K25: 105485 | L25: 37580 | M25: =(L25-'2013'!L86)/'2013'!L86 -> 0.027449694 | N25: =(L25-'2012'!L82)/'2012'!L82 -> 0.080412845 | O25: 37951
A26: Worst of 3 | C26: http://us-aus-rtweb1.natinst.com/Reports/RT/2014/performance/pharlap/rtperf-8108/sp_online_poll_smp/2014-02-04_17-04-29/HTML/2014-02-04_17-12-41_SinglePointBenchmarks_ATS.html | D26: T3 an outlier
A28: PXIe-8108, LV RT 2014b22, NI-DAQmx 9.8 (PXIe-6361 and PXIe-6363) No SMP support
A29: Test | B29: Description | C29: I/O Mode | D29: Rate 1ch Min | E29: vs. LV13.1, Dmx9.8 | F29: vs. LV12.1, Dmx9.5.5 | G29: Rate 1ch Max | H29: Rate 4ch Min | I29: vs. LV13.1, Dmx9.8 | J29: vs. LV12.1, Dmx9.5.5 | K29: Rate 4ch Max | L29: Rate 16ch Min | M29: vs. LV13.1, Dmx9.8 | N29: vs. LV12.1, Dmx9.5.5 | O29: Rate 16ch Max
A30: T1 | B30: AI / AO | C30: Polling | D30: 151745 | E30: =(D30-'2013'!D90)/'2013'!D90 -> 0.022760973 | F30: =(D30-'2012'!D86)/'2012'!D86 -> 0.042491069 | G30: 153139 | H30: 103306 | I30: =(H30-'2013'!H90)/'2013'!H90 -> 0.0093010532 | J30: =(H30-'2012'!H86)/'2012'!H86 -> 0.0051666261 | K30: 104167 | L30: 36711 | M30: =(L30-'2013'!L90)/'2013'!L90 -> -0.018343717 | N30: =(L30-'2012'!L86)/'2012'!L86 -> 0.00038150258 | O30: 37216
A31: T2a | B31: AI/PID/AO | C31: Polling | D31: 147059 | E31: =(D31-'2013'!D91)/'2013'!D91 -> 0.0058823932 | F31: =(D31-'2012'!D87)/'2012'!D87 -> 0.050001428 | G31: 147493 | H31: 94607 | I31: =(H31-'2013'!H91)/'2013'!H91 -> 0 | J31: =(H31-'2012'!H87)/'2012'!H87 -> 0.028381669 | K31: 95420 | L31: 34710 | M31: =(L31-'2013'!L91)/'2013'!L91 -> -0.0066111445 | N31: =(L31-'2012'!L87)/'2012'!L87 -> 0.026710445 | O31: 35002
A32: T2b | B32: AI/PID/AO | C32: Interrupts | D32: 83893 | E32: =(D32-'2013'!D92)/'2013'!D92 -> -0.020124743 | F32: =(D32-'2012'!D88)/'2012'!D88 -> 0.010077538 | G32: 87719 | H32: 69109 | I32: =(H32-'2013'!H92)/'2013'!H92 -> -0.031788506 | J32: =(H32-'2012'!H88)/'2012'!H88 -> 0.029035572 | K32: 70922 | L32: 31807 | M32: =(L32-'2013'!L92)/'2013'!L92 -> -0.03275149 | N32: =(L32-'2012'!L88)/'2012'!L88 -> 0 | O32: 32723
A33: T3 | B33: AI/AO/Local Logging | C33: Interrupts | D33: 72886 | E33: =(D33-'2013'!D93)/'2013'!D93 -> -0.044468916 | F33: =(D33-'2012'!D89)/'2012'!D89 -> 0.012389921 | G33: 74850 | H33: 67705 | I33: =(H33-'2013'!H93)/'2013'!H93 -> -0.029791929 | J33: =(H33-'2012'!H89)/'2012'!H89 -> 0.018963052 | K33: 68353 | L33: 31736 | M33: =(L33-'2013'!L93)/'2013'!L93 -> -0.021249036 | N33: =(L33-'2012'!L89)/'2012'!L89 -> -0.0041108357 | O33: 32154
A34: T4 | B34: AI/AO/Host communication | C34: Interrupts | D34: 72464 | E34: =(D34-'2013'!D94)/'2013'!D94 -> -0.036959266 | F34: =(D34-'2012'!D90)/'2012'!D90 -> 0.026097053 | G34: 75529 | H34: 65920 | I34: =(H34-'2013'!H94)/'2013'!H94 -> -0.031642037 | J34: =(H34-'2012'!H90)/'2012'!H90 -> 0.0039597929 | K34: 67613 | L34: 27586 | M34: =(L34-'2013'!L94)/'2013'!L94 -> -0.15338817 | N34: =(L34-'2012'!L90)/'2012'!L90 -> -0.15200885 | O34: 31766
A35: Worst of 3 | C35: http://us-aus-rtweb1.natinst.com/Reports/RT/2014/performance/pharlap/rtperf-8108/sp_online_poll_nosmp/2014-02-04_08-19-29/HTML/2014-02-04_08-26-02_SinglePointBenchmarks_ATS.html
A38: PXIe-8108, LV RT 2013rc4, NI-DAQmx 9.5.5 (PXIe-6361 and PXIe-6363) With SMP support - HYPERVISOR 64
A39: Test | B39: Description | C39: I/O Mode | D39: Rate 1ch Min | E39: vs. LV13.1, Dmx9.4 | F39: vs. LV12.1, Dmx9.5.5 | G39: Rate 1ch Max | H39: Rate 4ch Min | I39: vs. LV13.1, Dmx9.4 | J39: vs. LV12.1, Dmx9.5.5 | K39: Rate 4ch Max | L39: Rate 16ch Min | M39: vs. LV13.1, Dmx9.4 | N39: vs. LV12.1, Dmx9.5.5 | O39: Rate 16ch Max
A40: T1 | B40: AI / AO | C40: Polling | D40: 70522 | E40: =(D40-'2013'!D82)/'2013'!D82 -> -0.57686885 | F40: =(D40-'2012'!D78)/'2012'!D78 -> -0.56558538 | G40: 87642 | H40: 55772 | I40: =(H40-'2013'!H82)/'2013'!H82 -> -0.49749522 | J40: =(H40-'2012'!H78)/'2012'!H78 -> -0.48299421 | K40: 77760.5 | L40: 35997 | M40: =(L40-'2013'!L82)/'2013'!L82 -> -0.061918536 | N40: =(L40-'2012'!L78)/'2012'!L78 -> -0.044640251 | O40: 36337
A41: T2a | B41: AI/PID/AO | C41: Polling | D41: 71994 | E41: =(D41-'2013'!D83)/'2013'!D83 -> -0.56947567 | F41: =(D41-'2012'!D79)/'2012'!D79 -> -0.51620187 | G41: 81967 | H41: 59524 | I41: =(H41-'2013'!H83)/'2013'!H83 -> -0.41190535 | J41: =(H41-'2012'!H79)/'2012'!H79 -> -0.38511441 | K41: 66313 | L41: 34602 | M41: =(L41-'2013'!L83)/'2013'!L83 -> -0.048088033 | N41: =(L41-'2012'!L79)/'2012'!L79 -> 0.0024335129 | O41: 34880
A42: T2b | B42: AI/PID/AO | C42: Interrupts | D42: 19227 | E42: =(D42-'2013'!D84)/'2013'!D84 -> -0.70429099 | F42: =(D42-'2012'!D80)/'2012'!D80 -> -0.68121829 | G42: 20016 | H42: 18416 | I42: =(H42-'2013'!H84)/'2013'!H84 -> -0.67808698 | J42: =(H42-'2012'!H80)/'2012'!H80 -> -0.67642976 | K42: 18972 | L42: 15728 | M42: =(L42-'2013'!L84)/'2013'!L84 -> -0.45171861 | N42: =(L42-'2012'!L80)/'2012'!L80 -> -0.43647438 | O42: 16044
A43: T3 | B43: AI/AO/Local Logging | C43: Polling | D43: 73046 | E43: =(D43-'2013'!D85)/'2013'!D85 -> -0.49525284 | F43: =(D43-'2012'!D81)/'2012'!D81 -> -0.44923318 | G43: 85763 | H43: 59952 | I43: =(H43-'2013'!H85)/'2013'!H85 -> -0.38069315 | J43: =(H43-'2012'!H81)/'2012'!H81 -> -0.40227914 | K43: 65104 | L43: 30003 | M43: =(L43-'2013'!L85)/'2013'!L85 -> -0.18272452 | N43: =(L43-'2012'!L81)/'2012'!L81 -> -0.15901446 | O43: 33580
A44: T4 | B44: AI/AO/Host communication | C44: Polling | D44: 74683 | E44: =(D44-'2013'!D86)/'2013'!D86 -> -0.43464799 | F44: =(D44-'2012'!D82)/'2012'!D82 -> -0.43464799 | G44: 76570 | H44: 64226 | I44: =(H44-'2013'!H86)/'2013'!H86 -> -0.38278652 | J44: =(H44-'2012'!H82)/'2012'!H82 -> -0.34232408 | K44: 67204 | L44: 34843 | M44: =(L44-'2013'!L86)/'2013'!L86 -> -0.047380796 | N44: =(L44-'2012'!L82)/'2012'!L82 -> 0.0017249806 | O44: 35361
A45: Worst of 3
A48: PXIe-8108, LV RT 2014b142, NI-DAQmx 9.8 (PXIe-6361 and PXIe-6363) With SMP support
A49: Test | B49: Description | C49: I/O Mode | D49: Rate 1ch Min | E49: vs. LV13.1, Dmx9.8 | F49: vs. LV12.1, Dmx9.5.5 | G49: Rate 1ch Max | H49: Rate 4ch Min | I49: vs. LV13.1, Dmx9.8 | J49: vs. LV12.1, Dmx9.5.5 | K49: Rate 4ch Max | L49: Rate 16ch Min | M49: vs. LV13.1, Dmx9.8 | N49: vs. LV12.1, Dmx9.5.5 | O49: Rate 16ch Max
A50: T1 | B50: AI / AO | C50: Polling | D50: 168350 | E50: =(D50-'2013'!D82)/'2013'!D82 -> 0.01009798 | F50: =(D50-'2012'!D78)/'2012'!D78 -> 0.037033843 | G50: 170648 | H50: 110011 | I50: =(H50-'2013'!H82)/'2013'!H82 -> -0.0088027535 | J50: =(H50-'2012'!H78)/'2012'!H78 -> 0.019800695 | K50: 112108 | L50: 38910 | M50: =(L50-'2013'!L82)/'2013'!L82 -> 0.013994215 | N50: =(L50-'2012'!L78)/'2012'!L78 -> 0.032670718 | O50: 39108
A51: T2a | B51: AI/PID/AO | C51: Polling | D51: 161812 | E51: =(D51-'2013'!D83)/'2013'!D83 -> -0.032363776 | F51: =(D51-'2012'!D79)/'2012'!D79 -> 0.08737316 | G51: 165837 | H51: 103199 | I51: =(H51-'2013'!H83)/'2013'!H83 -> 0.019601838 | J51: =(H51-'2012'!H79)/'2012'!H79 -> 0.066050307 | K51: 105042 | L51: 36350 | M51: =(L51-'2013'!L83)/'2013'!L83 -> 0 | N51: =(L51-'2012'!L79)/'2012'!L79 -> 0.053073759 | O51: 37037
A52: T2b | B52: AI/PID/AO | C52: Interrupts | D52: 63091 | E52: =(D52-'2013'!D84)/'2013'!D84 -> -0.029667795 | F52: =(D52-'2012'!D80)/'2012'!D80 -> 0.046042378 | G52: 64516 | H52: 55494 | I52: =(H52-'2013'!H84)/'2013'!H84 -> -0.029960845 | J52: =(H52-'2012'!H80)/'2012'!H80 -> -0.024967056 | K52: 58005 | L52: 28498 | M52: =(L52-'2013'!L84)/'2013'!L84 -> -0.0065537196 | N52: =(L52-'2012'!L80)/'2012'!L80 -> 0.021067718 | O52: 28588
A53: T3 | B53: AI/AO/Local Logging | C53: Polling | D53: 138696 | E53: =(D53-'2013'!D85)/'2013'!D85 -> -0.041611963 | F53: =(D53-'2012'!D81)/'2012'!D81 -> 0.045767798 | G53: 154321 | H53: 106496 | I53: =(H53-'2013'!H85)/'2013'!H85 -> 0.10010847 | J53: =(H53-'2012'!H81)/'2012'!H81 -> 0.06176409 | K53: 108225 | L53: 37552 | M53: =(L53-'2013'!L85)/'2013'!L85 -> 0.022908665 | N53: =(L53-'2012'!L81)/'2012'!L81 -> 0.05258437 | O53: 37736
A54: T4 | B54: AI/AO/Host communication | C54: Polling | D54: 136240 | E54: =(D54-'2013'!D86)/'2013'!D86 -> 0.031339894 | F54: =(D54-'2012'!D82)/'2012'!D82 -> 0.031339894 | G54: 143678 | H54: 103306 | I54: =(H54-'2013'!H86)/'2013'!H86 -> -0.0072267389 | J54: =(H54-'2012'!H82)/'2012'!H82 -> 0.057856148 | K54: 106270 | L54: 37230 | M54: =(L54-'2013'!L86)/'2013'!L86 -> 0.017880577 | N54: =(L54-'2012'!L82)/'2012'!L82 -> 0.070350459 | O54: 37722
A55: Worst of 3 | C55: http://us-aus-rtweb1.natinst.com/Reports/RT/2014/performance/pharlap/rtperf-8108/sp_online_poll_smp/2014-05-09_21-01-46/HTML/2014-05-09_21-10-42_SinglePointBenchmarks_ATS.html
A56: PXIe-8108, LV RT 2014b142, NI-DAQmx 9.8 (PXIe-6361 and PXIe-6363) No SMP support
A57: Test | B57: Description | C57: I/O Mode | D57: Rate 1ch Min | E57: vs. LV13.1, Dmx9.8 | F57: vs. LV12.1, Dmx9.5.5 | G57: Rate 1ch Max | H57: Rate 4ch Min | I57: vs. LV13.1, Dmx9.8 | J57: vs. LV12.1, Dmx9.5.5 | K57: Rate 4ch Max | L57: Rate 16ch Min | M57: vs. LV13.1, Dmx9.8 | N57: vs. LV12.1, Dmx9.5.5 | O57: Rate 16ch Max
A58: T1 | B58: AI / AO | C58: Polling | D58: 155763 | E58: =(D58-'2013'!D90)/'2013'!D90 -> 0.049842284 | F58: =(D58-'2012'!D86)/'2012'!D86 -> 0.070094806 | G58: 157233 | H58: 102354 | I58: =(H58-'2013'!H90)/'2013'!H90 -> 0 | J58: =(H58-'2012'!H86)/'2012'!H86 -> -0.0040963269 | K58: 104493 | L58: 37397 | M58: =(L58-'2013'!L90)/'2013'!L90 -> 0 | N58: =(L58-'2012'!L86)/'2012'!L86 -> 0.019075129 | O58: 37397
A59: T2a | B59: AI/PID/AO | C59: Polling | D59: 149254 | E59: =(D59-'2013'!D91)/'2013'!D91 -> 0.020896176 | F59: =(D59-'2012'!D87)/'2012'!D87 -> 0.065673731 | G59: 153374 | H59: 94967 | I59: =(H59-'2013'!H91)/'2013'!H91 -> 0.0038052153 | J59: =(H59-'2012'!H87)/'2012'!H87 -> 0.032294882 | K59: 96154 | L59: 34376 | M59: =(L59-'2013'!L91)/'2013'!L91 -> -0.016170115 | N59: =(L59-'2012'!L87)/'2012'!L87 -> 0.016830834 | O59: 34880
A60: T2b | B60: AI/PID/AO | C60: Interrupts | D60: 80450 | E60: =(D60-'2013'!D92)/'2013'!D92 -> -0.060339189 | F60: =(D60-'2012'!D88)/'2012'!D88 -> -0.031376421 | G60: 81433 | H60: 67568 | I60: =(H60-'2013'!H92)/'2013'!H92 -> -0.053377791 | J60: =(H60-'2012'!H88)/'2012'!H88 -> 0.0060900252 | K60: 68027 | L60: 31506 | M60: =(L60-'2013'!L92)/'2013'!L92 -> -0.041904878 | N60: =(L60-'2012'!L88)/'2012'!L88 -> -0.0094633257 | O60: 31566
A61: T3 | B61: AI/AO/Local Logging | C61: Interrupts | D61: 75988 | E61: =(D61-'2013'!D93)/'2013'!D93 -> -0.0038018826 | F61: =(D61-'2012'!D89)/'2012'!D89 -> 0.055476845 | G61: 76628 | H61: 68776 | I61: =(H61-'2013'!H93)/'2013'!H93 -> -0.014444572 | J61: =(H61-'2012'!H89)/'2012'!H89 -> 0.035081646 | K61: 69541 | L61: 32310 | M61: =(L61-'2013'!L93)/'2013'!L93 -> -0.0035466461 | N61: =(L61-'2012'!L89)/'2012'!L89 -> 0.013901528 | O61: 32310
A62: T4 | B62: AI/AO/Host communication | C62: Interrupts | D62: 74516 | E62: =(D62-'2013'!D94)/'2013'!D94 -> -0.0096883514 | F62: =(D62-'2012'!D90)/'2012'!D90 -> 0.055153566 | G62: 75358 | H62: 67159 | I62: =(H62-'2013'!H94)/'2013'!H94 -> -0.013441255 | J62: =(H62-'2012'!H90)/'2012'!H90 -> 0.022829729 | K62: 70077 | L62: 31766 | M62: =(L62-'2013'!L94)/'2013'!L94 -> -0.025104346 | N62: =(L62-'2012'!L90)/'2012'!L90 -> -0.023516031 | O62: 31766
A63: Worst of 3 | C63: http://us-aus-rtweb1.natinst.com/Reports/RT/2014/performance/pharlap/rtperf-8108/sp_online_poll_nosmp/2014-05-09_11-35-06/HTML/2014-05-09_11-40-53_SinglePointBenchmarks_ATS.html
A65: PXIe-8108, LV RT 2014.1d54, NI-DAQmx 14.1 (PXIe-6361 and PXIe-6363) With SMP support
A66: Test | B66: Description | C66: I/O Mode | D66: Rate 1ch Min | E66: vs. LV13.1, Dmx9.8 | F66: vs. LV14, Dmx9.8 | G66: Rate 1ch Max | H66: Rate 4ch Min | I66: vs. LV13.1, Dmx9.8 | J66: vs. LV14, Dmx9.8 | K66: Rate 4ch Max | L66: Rate 16ch Min | M66: vs. LV13.1, Dmx9.8 | N66: vs. LV14, Dmx9.8 | O66: Rate 16ch Max
A67: T1 | B67: AI / AO | C67: Polling | D67: 161812 | E67: =(D67-'2013'!D82)/'2013'!D82 -> -0.029129942 | F67: =(D67-D50)/D50 -> -0.038835759 | G67: 165016 | H67: 109649 | I67: =(H67-'2013'!H82)/'2013'!H82 -> -0.012064367 | J67: =(H67-H50)/H50 -> -0.00329058 | K67: 110988 | L67: 37369 | M67: =(L67-'2013'!L82)/'2013'!L82 -> -0.02616423 | N67: =(L67-L50)/L50 -> -0.039604215 | O67: 37721
A68: T2a | B68: AI/PID/AO | C68: Polling | D68: 157480 | E68: =(D68-'2013'!D83)/'2013'!D83 -> -0.058269148 | F68: =(D68-D51)/D51 -> -0.026771809 | G68: 162074 | H68: 100705 | I68: =(H68-'2013'!H83)/'2013'!H83 -> -0.0050387788 | J68: =(H68-H51)/H51 -> -0.024166901 | K68: 102459 | L68: 35223 | M68: =(L68-'2013'!L83)/'2013'!L83 -> -0.031004127 | N68: =(L68-L51)/L51 -> -0.031004127 | O68: 35689
A69: T2b | B69: AI/PID/AO | C69: Interrupts | D69: 62035 | E69: =(D69-'2013'!D84)/'2013'!D84 -> -0.045908951 | F69: =(D69-D52)/D52 -> -0.016737728 | G69: 63012 | H69: 55897 | I69: =(H69-'2013'!H84)/'2013'!H84 -> -0.022916375 | J69: =(H69-H52)/H52 -> 0.0072620463 | K69: 55897 | L69: 28082 | M69: =(L69-'2013'!L84)/'2013'!L84 -> -0.021055567 | N69: =(L69-L52)/L52 -> -0.014597516 | O69: 28122
A70: T3 | B70: AI/AO/Local Logging | C70: Polling | D70: 142450 | E70: =(D70-'2013'!D85)/'2013'!D85 -> -0.015671858 | F70: =(D70-D53)/D53 -> 0.02706639 | G70: 151286 | H70: 102775 | I70: =(H70-'2013'!H85)/'2013'!H85 -> 0.061670368 | J70: =(H70-H53)/H53 -> -0.034940279 | K70: 104058 | L70: 35398 | M70: =(L70-'2013'!L85)/'2013'!L85 -> -0.035765847 | N70: =(L70-L53)/L53 -> -0.05736046 | O70: 36166
A71: T4 | B71: AI/AO/Host communication | C71: Polling | D71: 127551 | E71: =(D71-'2013'!D86)/'2013'!D86 -> -0.034436033 | F71: =(D71-D54)/D54 -> -0.063777158 | G71: 131062 | H71: 101112 | I71: =(H71-'2013'!H86)/'2013'!H86 -> -0.028311134 | J71: =(H71-H54)/H54 -> -0.021237876 | K71: 103734 | L71: 36403 | M71: =(L71-'2013'!L86)/'2013'!L86 -> -0.0047298775 | N71: =(L71-L54)/L54 -> -0.022213269 | O71: 36738
A72: Worst of 3 | C72: http://us-aus-rtweb1.natinst.com/Reports/RT/2014/performance/pharlap/rtperf-8108/sp_online_poll_smp/2014-10-29_17-31-44/HTML/2014-10-29_17-39-55_SinglePointBenchmarks_ATS.html
A73: PXIe-8108, LV RT 2014.1d54, NI-DAQmx 14.1 (PXIe-6361 and PXIe-6363) No SMP support
A74: Test | B74: Description | C74: I/O Mode | D74: Rate 1ch Min | E74: vs. LV13.1, Dmx9.8 | F74: vs. LV14, Dmx9.8 | G74: Rate 1ch Max | H74: Rate 4ch Min | I74: vs. LV13.1, Dmx9.8 | J74: vs. LV14, Dmx9.8 | K74: Rate 4ch Max | L74: Rate 16ch Min | M74: vs. LV13.1, Dmx9.8 | N74: vs. LV14, Dmx9.8 | O74: Rate 16ch Max
A75: T1 | B75: AI / AO | C75: Polling | D75: 146412 | E75: =(D75-'2013'!D90)/'2013'!D90 -> -0.013183436 | F75: =(D75-D58)/D58 -> -0.060033512 | G75: 149476 | H75: 100300 | I75: =(H75-'2013'!H90)/'2013'!H90 -> -0.020067608 | J75: =(H75-H58)/H58 -> -0.020067608 | K75: 101214 | L75: 36443 | M75: =(L75-'2013'!L90)/'2013'!L90 -> -0.025510068 | N75: =(L75-L58)/L58 -> -0.025510068 | O75: 36616
A76: T2a | B76: AI/PID/AO | C76: Polling | D76: 140646 | E76: =(D76-'2013'!D91)/'2013'!D91 -> -0.037982476 | F76: =(D76-D59)/D59 -> -0.057673496 | G76: 143266 | H76: 88495 | I76: =(H76-'2013'!H91)/'2013'!H91 -> -0.064604099 | J76: =(H76-H59)/H59 -> -0.068149989 | K76: 91575 | L76: 33990 | M76: =(L76-'2013'!L91)/'2013'!L91 -> -0.027217309 | N76: =(L76-L59)/L59 -> -0.011228764 | O76: 34153
A77: T2b | B77: AI/PID/AO | C77: Interrupts | D77: 79872 | E77: =(D77-'2013'!D92)/'2013'!D92 -> -0.067090264 | F77: =(D77-D60)/D60 -> -0.0071845867 | G77: 83822 | H77: 67750 | I77: =(H77-'2013'!H92)/'2013'!H92 -> -0.050827986 | J77: =(H77-H60)/H60 -> 0.0026935828 | K77: 69930 | L77: 32000 | M77: =(L77-'2013'!L92)/'2013'!L92 -> -0.026882374 | N77: =(L77-L60)/L60 -> 0.015679553 | O77: 32154
A78: T3 | B78: AI/AO/Local Logging | C78: Interrupts | D78: 71377 | E78: =(D78-'2013'!D93)/'2013'!D93 -> -0.064251816 | F78: =(D78-D61)/D61 -> -0.060680634 | G78: 71839 | H78: 65316 | I78: =(H78-'2013'!H93)/'2013'!H93 -> -0.064026138 | J78: =(H78-H61)/H61 -> -0.050308247 | K78: 65659 | L78: 31289 | M78: =(L78-'2013'!L93)/'2013'!L93 -> -0.035034695 | N78: =(L78-L61)/L61 -> -0.031600124 | O78: 31735
A79: T4 | B79: AI/AO/Host communication | C79: Interrupts | D79: 68870 | E79: =(D79-'2013'!D94)/'2013'!D94 -> -0.084723237 | F79: =(D79-D62)/D62 -> -0.075768962 | G79: 71942 | H79: 65919 | I79: =(H79-'2013'!H94)/'2013'!H94 -> -0.031656727 | J79: =(H79-H62)/H62 -> -0.018463646 | K79: 65963 | L79: 31426 | M79: =(L79-'2013'!L94)/'2013'!L94 -> -0.035538915 | N79: =(L79-L62)/L62 -> -0.010703268 | O79: 31595
A80: Worst of 3 | C80: http://us-aus-rtweb1.natinst.com/Reports/RT/2014/performance/pharlap/rtperf-8108/sp_online_poll_nosmp/2014-11-06_09-25-42/HTML/2014-11-06_09-31-19_SinglePointBenchmarks_ATS.html

Sheet 2015
A1: PXIe-8108, LV RT 2015a38, NI-DAQmx 14.1 (PXIe-6361 and PXIe-6363) With SMP support
A2: Test | B2: Description | C2: I/O Mode | D2: Rate 1ch Min | E2: vs. LV13.1, Dmx9.8 | F2: vs. LV14.1, Dmx14.1 | G2: Rate 1ch Max | H2: Rate 4ch Min | I2: vs. LV13.1, Dmx9.8 | J2: vs. LV14.1, Dmx14.1 | K2: Rate 4ch Max | L2: Rate 16ch Min | M2: vs. LV13.1, Dmx9.8 | N2: vs. LV14.1, Dmx14.1 | O2: Rate 16ch Max
A3: T1 | B3: AI / AO | C3: Polling | D3: 149925 | E3: =(D3-'2013'!D82)/'2013'!D82 -> -0.1004518 | F3: =(D3-'2014'!D67)/'2014'!D67 -> -0.073461795 | G3: 157728 | H3: 106951 | I3: =(H3-'2013'!H82)/'2013'!H82 -> -0.036373302 | J3: =(H3-'2014'!H67)/'2014'!H67 -> -0.024605788 | K3: 109170 | L3: 37735 | M3: =(L3-'2013'!L82)/'2013'!L82 -> -0.016626274 | N3: =(L3-'2014'!L67)/'2014'!L67 -> 0.0097942145 | O3: 38095
A4: T2a | B4: AI/PID/AO | C4: Polling | D4: 149253 | E4: =(D4-'2013'!D83)/'2013'!D83 -> -0.10746663 | F4: =(D4-'2014'!D68)/'2014'!D68 -> -0.052241554 | G4: 153609 | H4: 102880 | I4: =(H4-'2013'!H83)/'2013'!H83 -> 0.016450131 | J4: =(H4-'2014'!H68)/'2014'!H68 -> 0.021597736 | K4: 102880 | L4: 35752 | M4: =(L4-'2013'!L83)/'2013'!L83 -> -0.016451169 | N4: =(L4-'2014'!L68)/'2014'!L68 -> 0.015018596 | O4: 35868
A5: T2b | B5: AI/PID/AO | C5: Interrupts | D5: 61199 | E5: =(D5-'2013'!D84)/'2013'!D84 -> -0.058766533 | F5: =(D5-'2014'!D69)/'2014'!D69 -> -0.013476263 | G5: 63011 | H5: 54112 | I5: =(H5-'2013'!H84)/'2013'!H84 -> -0.054118305 | J5: =(H5-'2014'!H69)/'2014'!H69 -> -0.031933735 | K5: 55897 | L5: 28042 | M5: =(L5-'2013'!L84)/'2013'!L84 -> -0.022449976 | N5: =(L5-'2014'!L69)/'2014'!L69 -> -0.0014244 | O5: 28587
A6: T3 | B6: AI/AO/Local Logging | C6: Polling | D6: 127064 | E6: =(D6-'2013'!D85)/'2013'!D85 -> -0.12198897 | F6: =(D6-'2014'!D70)/'2014'!D70 -> -0.10800983 | G6: 134228 | H6: 103199 | I6: =(H6-'2013'!H85)/'2013'!H85 -> 0.066050307 | J6: =(H6-'2014'!H70)/'2014'!H70 -> 0.0041255169 | K6: 104166 | L6: 36697 | M6: =(L6-'2013'!L85)/'2013'!L85 -> -0.00038135709 | N6: =(L6-'2014'!L70)/'2014'!L70 -> 0.036696989 | O6: 36710
A7: T4 | B7: AI/AO/Host communication | C7: Polling | D7: 128534 | E7: =(D7-'2013'!D86)/'2013'!D86 -> -0.026994701 | F7: =(D7-'2014'!D71)/'2014'!D71 -> 0.0077067212 | G7: 131578 | H7: 99800 | I7: =(H7-'2013'!H86)/'2013'!H86 -> -0.040919487 | J7: =(H7-'2014'!H71)/'2014'!H71 -> -0.01297571 | K7: 104058 | L7: 36469 | M7: =(L7-'2013'!L86)/'2013'!L86 -> -0.0029254156 | N7: =(L7-'2014'!L71)/'2014'!L71 -> 0.0018130374 | O7: 36576
A8: Worst of 3 | C8: http://us-aus-rtweb1.natinst.com/Reports/RT/2015/performance/pharlap/rtperf-8108/sp_online_poll_smp/2015-01-09_15-07-19/HTML/2015-01-09_15-15-36_SinglePointBenchmarks_ATS.html#TSsummary
A10: PXIe-8108, LV RT 2015a38, NI-DAQmx14.1 (PXIe-6361 and PXIe-6363) No SMP support
A11: Test | B11: Description | C11: I/O Mode | D11: Rate 1ch Min | E11: vs. LV13.1, Dmx9.8 | F11: vs. LV14.1, Dmx14.1 | G11: Rate 1ch Max | H11: Rate 4ch Min | I11: vs. LV13.1, Dmx9.8 | J11: vs. LV14.1, Dmx14.1 | K11: Rate 4ch Max | L11: Rate 16ch Min | M11: vs. LV13.1, Dmx9.8 | N11: vs. LV14.1, Dmx14.1 | O11: Rate 16ch Max
A12: T1 | B12: AI / AO | C12: Polling | D12: 144300 | E12: =(D12-'2013'!D90)/'2013'!D90 -> -0.027418311 | F12: =(D12-'2014'!D75)/'2014'!D75 -> -0.014425047 | G12: 146198 | H12: 100300 | I12: =(H12-'2013'!H90)/'2013'!H90 -> -0.020067608 | J12: =(H12-'2014'!H75)/'2014'!H75 -> 0 | K12: 101626 | L12: 35460 | M12: =(L12-'2013'!L90)/'2013'!L90 -> -0.051795599 | N12: =(L12-'2014'!L75)/'2014'!L75 -> -0.02697363 | O12: 36271
A13: T2a | B13: AI/PID/AO | C13: Polling | D13: 138121 | E13: =(D13-'2013'!D91)/'2013'!D91 -> -0.055253456 | F13: =(D13-'2014'!D76)/'2014'!D76 -> -0.017952875 | G13: 141442 | H13: 91240 | I13: =(H13-'2013'!H91)/'2013'!H91 -> -0.035589333 | J13: =(H13-'2014'!H76)/'2014'!H76 -> 0.031018702 | K13: 92506 | L13: 34036 | M13: =(L13-'2013'!L91)/'2013'!L91 -> -0.025900804 | N13: =(L13-'2014'!L76)/'2014'!L76 -> 0.0013533392 | O13: 34036
A14: T2b | B14: AI/PID/AO | C14: Interrupts | D14: 77279 | E14: =(D14-'2013'!D92)/'2013'!D92 -> -0.097376659 | F14: =(D14-'2014'!D77)/'2014'!D77 -> -0.032464443 | G14: 78003 | H14: 64516 | I14: =(H14-'2013'!H92)/'2013'!H92 -> -0.096136064 | J14: =(H14-'2014'!H77)/'2014'!H77 -> -0.047734317 | K14: 64808 | L14: 30978 | M14: =(L14-'2013'!L92)/'2013'!L92 -> -0.057961319 | N14: =(L14-'2014'!L77)/'2014'!L77 -> -0.0319375 | O14: 31436
A15: T3 | B15: AI/AO/Local Logging | C15: Interrupts | D15: 69783 | E15: =(D15-'2013'!D93)/'2013'!D93 -> -0.08514906 | F15: =(D15-'2014'!D78)/'2014'!D78 -> -0.022332124 | G15: 70921 | H15: 64766 | I15: =(H15-'2013'!H93)/'2013'!H93 -> -0.071907601 | J15: =(H15-'2014'!H78)/'2014'!H78 -> -0.0084206014 | K15: 65061 | L15: 31133 | M15: =(L15-'2013'!L93)/'2013'!L93 -> -0.039845798 | N15: =(L15-'2014'!L78)/'2014'!L78 -> -0.0049857777 | O15: 31436
A16: T4 | B16: AI/AO/Host communication | C16: Interrupts | D16: 69108 | E16: =(D16-'2013'!D94)/'2013'!D94 -> -0.081560237 | F16: =(D16-'2014'!D79)/'2014'!D79 -> 0.0034557863 | G16: 70077 | H16: 62383 | I16: =(H16-'2013'!H94)/'2013'!H94 -> -0.0836002 | J16: =(H16-'2014'!H79)/'2014'!H79 -> -0.05364159 | K16: 64432 | L16: 31298 | M16: =(L16-'2013'!L94)/'2013'!L94 -> -0.039467223 | N16: =(L16-'2014'!L79)/'2014'!L79 -> -0.0040730605 | O16: 31595
A17: Worst of 3 | C17: http://us-aus-rtweb1.natinst.com/Reports/RT/2015/performance/pharlap/rtperf-8108/sp_online_poll_nosmp/2015-01-09_05-26-24/HTML/2015-01-09_05-31-40_SinglePointBenchmarks_ATS.html
A19: PXIe-8108, LV RT 2015b14, NI-DAQmx 14.1 (PXIe-6361 and PXIe-6363) With SMP support
A20: Test | B20: Description | C20: I/O Mode | D20: Rate 1ch Min | E20: vs. LV13.1, Dmx9.8 | F20: vs. LV14.1, Dmx14.1 | G20: Rate 1ch Max | H20: Rate 4ch Min | I20: vs. LV13.1, Dmx9.8 | J20: vs. LV14.1, Dmx14.1 | K20: Rate 4ch Max | L20: Rate 16ch Min | M20: vs. LV13.1, Dmx9.8 | N20: vs. LV14.1, Dmx14.1 | O20: Rate 16ch Max
A21: T1 | B21: AI / AO | C21: Polling | D21: 160771 | E21: =(D21-'2013'!D82)/'2013'!D82 -> -0.035375929 | F21: =(D21-'2014'!D67)/'2014'!D67 -> -0.0064333918 | G21: 162866 | H21: 109529 | I21: =(H21-'2013'!H82)/'2013'!H82 -> -0.013145565 | J21: =(H21-'2014'!H67)/'2014'!H67 -> -0.0010944012 | K21: 111607 | L21: 36900 | M21: =(L21-'2013'!L82)/'2013'!L82 -> -0.038386365 | N21: =(L21-'2014'!L67)/'2014'!L67 -> -0.01255051 | O21: 37735
A22: T2a | B22: AI/PID/AO | C22: Polling | D22: 147928 | E22: =(D22-'2013'!D83)/'2013'!D83 -> -0.11539014 | F22: =(D22-'2014'!D68)/'2014'!D68 -> -0.060655321 | G22: 160513 | H22: 99304 | I22: =(H22-'2013'!H83)/'2013'!H83 -> -0.018880601 | J22: =(H22-'2014'!H68)/'2014'!H68 -> -0.013911921 | K22: 101214 | L22: 35574 | M22: =(L22-'2013'!L83)/'2013'!L83 -> -0.021348006 | N22: =(L22-'2014'!L68)/'2014'!L68 -> 0.0099650796 | O22: 36036
A23: T2b | B23: AI/PID/AO | C23: Interrupts | D23: 62421 | E23: =(D23-'2013'!D84)/'2013'!D84 -> -0.039972316 | F23: =(D23-'2014'!D69)/'2014'!D69 -> 0.0062222939 | G23: 62932 | H23: 54854 | I23: =(H23-'2013'!H84)/'2013'!H84 -> -0.041148091 | J23: =(H23-'2014'!H69)/'2014'!H69 -> -0.01865932 | K23: 55865 | L23: 28409 | M23: =(L23-'2013'!L84)/'2013'!L84 -> -0.0096562783 | N23: =(L23-'2014'!L69)/'2014'!L69 -> 0.01164447 | O23: 28546
A24: T3 | B24: AI/AO/Local Logging | C24: Polling | D24: 135501 | E24: =(D24-'2013'!D85)/'2013'!D85 -> -0.063689382 | F24: =(D24-'2014'!D70)/'2014'!D70 -> -0.048782029 | G24: 141643 | H24: 101522 | I24: =(H24-'2013'!H85)/'2013'!H85 -> 0.048726822 | J24: =(H24-'2014'!H70)/'2014'!H70 -> -0.012191681 | K24: 104058 | L24: 36536 | M24: =(L24-'2013'!L85)/'2013'!L85 -> -0.0047669636 | N24: =(L24-'2014'!L70)/'2014'!L70 -> 0.032148709 | O24: 36859
A25: T4 | B25: AI/AO/Host communication | C25: Polling | D25: 134408 | E25: =(D25-'2013'!D86)/'2013'!D86 -> 0.017471612 | F25: =(D25-'2014'!D71)/'2014'!D71 -> 0.053758889 | G25: 137174 | H25: 100401 | I25: =(H25-'2013'!H86)/'2013'!H86 -> -0.035143862 | J25: =(H25-'2014'!H71)/'2014'!H71 -> -0.0070318063 | K25: 106496 | L25: 36549 | M25: =(L25-'2013'!L86)/'2013'!L86 -> -0.00073818898 | N25: =(L25-'2014'!L71)/'2014'!L71 -> 0.0040106585 | O25: 36724
A26: Worst of 3 | C26: http://us-aus-rtweb1.natinst.com/Reports/RT/2015/performance/pharlap/rtperf-8108/sp_online_poll_smp/2015-02-06_11-48-38/HTML/2015-02-06_11-56-59_SinglePointBenchmarks_ATS.html
A28: PXIe-8108, LV RT 2015b14, NI-DAQmx 14.1 (PXIe-6361 and PXIe-6363) No SMP support
A29: Test | B29: Description | C29: I/O Mode | D29: Rate 1ch Min | E29: vs. LV13.1, Dmx9.8 | F29: vs. LV14.1, Dmx14.1 | G29: Rate 1ch Max | H29: Rate 4ch Min | I29: vs. LV13.1, Dmx9.8 | J29: vs. LV14.1, Dmx14.1 | K29: Rate 4ch Max | L29: Rate 16ch Min | M29: vs. LV13.1, Dmx9.8 | N29: vs. LV14.1, Dmx14.1 | O29: Rate 16ch Max
A30: T1 | B30: AI / AO | C30: Polling | D30: 137551 | E30: =(D30-'2013'!D90)/'2013'!D90 -> -0.072906557 | F30: =(D30-'2014'!D75)/'2014'!D75 -> -0.060520996 | G30: 140646 | H30: 98328 | I30: =(H30-'2013'!H90)/'2013'!H90 -> -0.039334076 | J30: =(H30-'2014'!H75)/'2014'!H75 -> -0.019661017 | K30: 101214 | L30: 36036 | M30: =(L30-'2013'!L90)/'2013'!L90 -> -0.036393294 | N30: =(L30-'2014'!L75)/'2014'!L75 -> -0.011168126 | O30: 36166
A31: T2a | B31: AI/PID/AO | C31: Polling | D31: 134228 | E31: =(D31-'2013'!D91)/'2013'!D91 -> -0.081881545 | F31: =(D31-'2014'!D76)/'2014'!D76 -> -0.045632297 | G31: 136986 | H31: 90497 | I31: =(H31-'2013'!H91)/'2013'!H91 -> -0.043442874 | J31: =(H31-'2014'!H76)/'2014'!H76 -> 0.022622747 | K31: 92081 | L31: 33715 | M31: =(L31-'2013'!L91)/'2013'!L91 -> -0.035087719 | N31: =(L31-'2014'!L76)/'2014'!L76 -> -0.0080906149 | O31: 34036
A32: T2b | B32: AI/PID/AO | C32: Interrupts | D32: 79872 | E32: =(D32-'2013'!D92)/'2013'!D92 -> -0.067090264 | F32: =(D32-'2014'!D77)/'2014'!D77 -> 0 | G32: 83472 | H32: 65530 | I32: =(H32-'2013'!H92)/'2013'!H92 -> -0.081930006 | J32: =(H32-'2014'!H77)/'2014'!H77 -> -0.032767528 | K32: 68119 | L32: 31133 | M32: =(L32-'2013'!L92)/'2013'!L92 -> -0.05324778 | N32: =(L32-'2014'!L77)/'2014'!L77 -> -0.02709375 | O32: 31289
A33: T3 | B33: AI/AO/Local Logging | C33: Interrupts | D33: 71326 | E33: =(D33-'2013'!D93)/'2013'!D93 -> -0.064920423 | F33: =(D33-'2014'!D78)/'2014'!D78 -> -0.00071451588 | G33: 72463 | H33: 64184 | I33: =(H33-'2013'!H93)/'2013'!H93 -> -0.080247621 | J33: =(H33-'2014'!H78)/'2014'!H78 -> -0.017331129 | K33: 65231 | L33: 31133 | M33: =(L33-'2013'!L93)/'2013'!L93 -> -0.039845798 | N33: =(L33-'2014'!L78)/'2014'!L78 -> -0.0049857777 | O33: 31436
A34: T4 | B34: AI/AO/Host communication | C34: Interrupts | D34: 69783 | E34: =(D34-'2013'!D94)/'2013'!D94 -> -0.072589541 | F34: =(D34-'2014'!D79)/'2014'!D79 -> 0.013256861 | G34: 71839 | H34: 62073 | I34: =(H34-'2013'!H94)/'2013'!H94 -> -0.088154068 | J34: =(H34-'2014'!H79)/'2014'!H79 -> -0.058344332 | K34: 64432 | L34: 31123 | M34: =(L34-'2013'!L94)/'2013'!L94 -> -0.044837957 | N34: =(L34-'2014'!L79)/'2014'!L79 -> -0.009641698 | O34: 31407
A35: Worst of 3 | C35: http://us-aus-rtweb1.natinst.com/Reports/RT/2015/performance/pharlap/rtperf-8108/sp_online_poll_nosmp/2015-02-06_02-16-54/HTML/2015-02-06_02-22-22_SinglePointBenchmarks_ATS.html
A37: PXIe-8108, LV RT 2015b14, NI-DAQmx 14.1 (PXIe-6361 and PXIe-6363) No SMP support
A38: Test | B38: Description | C38: I/O Mode | D38: Rate 1ch Min | E38: vs. LV13.1, Dmx9.8 | F38: vs. LV14.1, Dmx14.1 | G38: Rate 1ch Max | H38: Rate 4ch Min | I38: vs. LV13.1, Dmx9.8 | J38: vs. LV14.1, Dmx14.1 | K38: Rate 4ch Max | L38: Rate 16ch Min | M38: vs. LV13.1, Dmx9.8 | N38: vs. LV14.1, Dmx14.1 | O38: Rate 16ch Max
A39: T1 | B39: AI / AO | C39: Polling | D39: 142653 | E39: =(D39-'2013'!D90)/'2013'!D90 -> -0.038519088 | F39: =(D39-'2014'!D75)/'2014'!D75 -> -0.025674125 | G39: 148588 | H39: 98814 | I39: =(H39-'2013'!H90)/'2013'!H90 -> -0.034585849 | J39: =(H39-'2014'!H75)/'2014'!H75 -> -0.014815553 | K39: 102040 | L39: 35688 | M39: =(L39-'2013'!L90)/'2013'!L90 -> -0.045698853 | N39: =(L39-'2014'!L75)/'2014'!L75 -> -0.020717285 | O39: 36036
A40: T2a | B40: AI/PID/AO | C40: Polling | D40: 139470 | E40: =(D40-'2013'!D91)/'2013'!D91 -> -0.046026307 | F40: =(D40-'2014'!D76)/'2014'!D76 -> -0.008361418 | G40: 141242 | H40: 89445 | I40: =(H40-'2013'!H91)/'2013'!H91 -> -0.054562559 | J40: =(H40-'2014'!H76)/'2014'!H76 -> 0.01073507 | K40: 92850 | L40: 33875 | M40: =(L40-'2013'!L91)/'2013'!L91 -> -0.030508572 | N40: =(L40-'2014'!L76)/'2014'!L76 -> -0.003383348 | O40: 34036
A41: T2b | B41: AI/PID/AO | C41: Interrupts | D41: 79808 | E41: =(D41-'2013'!D92)/'2013'!D92 -> -0.067837787 | F41: =(D41-'2014'!D77)/'2014'!D77 -> -0.00080128205 | G41: 81103 | H41: 64935 | I41: =(H41-'2013'!H92)/'2013'!H92 -> -0.090265908 | J41: =(H41-'2014'!H77)/'2014'!H77 -> -0.041549815 | K41: 67294 | L41: 30674 | M41: =(L41-'2013'!L92)/'2013'!L92 -> -0.067205936 | N41: =(L41-'2014'!L77)/'2014'!L77 -> -0.0414375 | O41: 31436
A42: T3 | B42: AI/AO/Local Logging | C42: Interrupts | D42: 70571 | E42: =(D42-'2013'!D93)/'2013'!D93 -> -0.074818427 | F42: =(D42-'2014'!D78)/'2014'!D78 -> -0.011292153 | G42: 71377 | H42: 63492 | I42: =(H42-'2013'!H93)/'2013'!H93 -> -0.090163934 | J42: =(H42-'2014'!H78)/'2014'!H78 -> -0.027925776 | K42: 65231 | L42: 31133 | M42: =(L42-'2013'!L93)/'2013'!L93 -> -0.039845798 | N42: =(L42-'2014'!L78)/'2014'!L78 -> -0.0049857777 | O42: 31436
A43: T4 | B43: AI/AO/Host communication | C43: Interrupts | D43: 68540 | E43: =(D43-'2013'!D94)/'2013'!D94 -> -0.089108911 | F43: =(D43-'2014'!D79)/'2014'!D79 -> -0.0047916364 | G43: 69204 | H43: 63291 | I43: =(H43-'2013'!H94)/'2013'!H94 -> -0.070261774 | J43: =(H43-'2014'!H79)/'2014'!H79 -> -0.03986711 | K43: 64766 | L43: 30998 | M43: =(L43-'2013'!L94)/'2013'!L94 -> -0.048674196 | N43: =(L43-'2014'!L79)/'2014'!L79 -> -0.013619296 | O43: 31446
A44: Worst of 3 | C44: http://us-aus-rtweb1.natinst.com/Reports/RT/2015/performance/pharlap/rtperf-8108/sp_online_poll_nosmp/2015-02-27_05-55-10/HTML/2015-02-27_06-00-57_SinglePointBenchmarks_ATS.html#test_daqmx-Benchmark.lvproj%5CRT%20Target%5CT1%20-%20AI-AO%5CTest_DAQmx_AI-AO_01_RPoll_SCPoll.vi
A46: PXIe-8108, LV RT 2015rc1, NI-DAQmx 14.1 (PXIe-6361 and PXIe-6363) With SMP support
A47: Test | B47: Description | C47: I/O Mode | D47: Rate 1ch Min | E47: vs. LV13.1, Dmx9.8 | F47: vs. LV14.1, Dmx14.1 | G47: Rate 1ch Max | H47: Rate 4ch Min | I47: vs. LV13.1, Dmx9.8 | J47: vs. LV14.1, Dmx14.1 | K47: Rate 4ch Max | L47: Rate 16ch Min | M47: vs. LV13.1, Dmx9.8 | N47: vs. LV14.1, Dmx14.1 | O47: Rate 16ch Max
A48: T1 | B48: AI / AO | C48: Polling | D48: 158730 | E48: =(D48-'2013'!D82)/'2013'!D82 -> -0.047621905 | F48: =(D48-'2014'!D67)/'2014'!D67 -> -0.019046795 | G48: 167504 | H48: 109051 | I48: =(H48-'2013'!H82)/'2013'!H82 -> -0.017452337 | J48: =(H48-'2014'!H67)/'2014'!H67 -> -0.0054537661 | K48: 110011 | L48: 36023 | M48: =(L48-'2013'!L82)/'2013'!L82 -> -0.061240977 | N48: =(L48-'2014'!L67)/'2014'!L67 -> -0.03601916 | O48: 38051
A49: T2a | B49: AI/PID/AO | C49: Polling | D49: 155520 | E49: =(D49-'2013'!D83)/'2013'!D83 -> -0.069989954 | F49: =(D49-'2014'!D68)/'2014'!D68 -> -0.012446025 | G49: 158227 | H49: 101214 | I49: =(H49-'2013'!H83)/'2013'!H83 -> -9.8799585e-06 | J49: =(H49-'2014'!H68)/'2014'!H68 -> 0.0050543667 | K49: 101626 | L49: 34602 | M49: =(L49-'2013'!L83)/'2013'!L83 -> -0.048088033 | N49: =(L49-'2014'!L68)/'2014'!L68 -> -0.017630526 | O49: 35398
A50: T2b | B50: AI/PID/AO | C50: Interrupts | D50: 62111 | E50: =(D50-'2013'!D84)/'2013'!D84 -> -0.04474008 | F50: =(D50-'2014'!D69)/'2014'!D69 -> 0.0012251149 | G50: 63051 | H50: 53248 | I50: =(H50-'2013'!H84)/'2013'!H84 -> -0.069221088 | J50: =(H50-'2014'!H69)/'2014'!H69 -> -0.047390737 | K50: 54854 | L50: 27563 | M50: =(L50-'2013'!L84)/'2013'!L84 -> -0.039148016 | N50: =(L50-'2014'!L69)/'2014'!L69 -> -0.01848159 | O50: 27839
A51: T3 | B51: AI/AO/Local Logging | C51: Polling | D51: 131752 | E51: =(D51-'2013'!D85)/'2013'!D85 -> -0.089594936 | F51: =(D51-'2014'!D70)/'2014'!D70 -> -0.075100035 | G51: 142857 | H51: 96805 | I51: =(H51-'2013'!H85)/'2013'!H85 -> 0 | J51: =(H51-'2014'!H70)/'2014'!H70 -> -0.058088056 | K51: 105820 | L51: 35676 | M51: =(L51-'2013'!L85)/'2013'!L85 -> -0.028193185 | N51: =(L51-'2014'!L70)/'2014'!L70 -> 0.007853551 | O51: 36337
A52: T4 | B52: AI/AO/Host communication | C52: Polling | D52: 129533 | E52: =(D52-'2013'!D86)/'2013'!D86 -> -0.019432248 | F52: =(D52-'2014'!D71)/'2014'!D71 -> 0.015538882 | G52: 137174 | H52: 101626 | I52: =(H52-'2013'!H86)/'2013'!H86 -> -0.023371581 | J52: =(H52-'2014'!H71)/'2014'!H71 -> 0.0050834718 | K52: 103842 | L52: 35198 | M52: =(L52-'2013'!L86)/'2013'!L86 -> -0.037674978 | N52: =(L52-'2014'!L71)/'2014'!L71 -> -0.033101667 | O52: 37078
A53: Worst of 3 : 8108_sp_online_poll_smp_15.0rc1
A55: PXIe-8108, LV RT 2015rc1, NI-DAQmx14.1 (PXIe-6361 and PXIe-6363) No SMP support
A56: Test | B56: Description | C56: I/O Mode | D56: Rate 1ch Min | E56: vs. LV13.1, Dmx9.8 | F56: vs. LV14.1, Dmx14.1 | G56: Rate 1ch Max | H56: Rate 4ch Min | I56: vs. LV13.1, Dmx9.8 | J56: vs. LV14.1, Dmx14.1 | K56: Rate 4ch Max | L56: Rate 16ch Min | M56: vs. LV13.1, Dmx9.8 | N56: vs. LV14.1, Dmx14.1 | O56: Rate 16ch Max
A57: T1 | B57: AI / AO | C57: Polling | D57: 144300 | E57: =(D57-'2013'!D90)/'2013'!D90 -> -0.027418311 | F57: =(D57-'2014'!D75)/'2014'!D75 -> -0.014425047 | G57: 147492 | H57: 97465 | I57: =(H57-'2013'!H90)/'2013'!H90 -> -0.047765598 | J57: =(H57-'2014'!H75)/'2014'!H75 -> -0.028265204 | K57: 100300 | L57: 35574 | M57: =(L57-'2013'!L90)/'2013'!L90 -> -0.048747226 | N57: =(L57-'2014'!L75)/'2014'!L75 -> -0.023845457 | O57: 36337
A58: T2a | B58: AI/PID/AO | C58: Polling | D58: 142450 | E58: =(D58-'2013'!D91)/'2013'!D91 -> -0.02564313 | F58: =(D58-'2014'!D76)/'2014'!D76 -> 0.012826529 | G58: 143061 | H58: 88652 | I58: =(H58-'2013'!H91)/'2013'!H91 -> -0.062944602 | J58: =(H58-'2014'!H76)/'2014'!H76 -> 0.0017741115 | K58: 92850 | L58: 34270 | M58: =(L58-'2013'!L91)/'2013'!L91 -> -0.019203801 | N58: =(L58-'2014'!L76)/'2014'!L76 -> 0.008237717 | O58: 34435
A59: T2b | B59: AI/PID/AO | C59: Interrupts | D59: 80645 | E59: =(D59-'2013'!D92)/'2013'!D92 -> -0.058061577 | F59: =(D59-'2014'!D77)/'2014'!D77 -> 0.0096779848 | G59: 81234 | H59: 67888 | I59: =(H59-'2013'!H92)/'2013'!H92 -> -0.048894617 | J59: =(H59-'2014'!H77)/'2014'!H77 -> 0.0020369004 | K59: 69060 | L59: 31416 | M59: =(L59-'2013'!L92)/'2013'!L92 -> -0.044641771 | N59: =(L59-'2014'!L77)/'2014'!L77 -> -0.01825 | O59: 32000
A60: T3 | B60: AI/AO/Local Logging | C60: Interrupts | D60: 70921 | E60: =(D60-'2013'!D93)/'2013'!D93 -> -0.070229948 | F60: =(D60-'2014'!D78)/'2014'!D78 -> -0.0063886126 | G60: 71275 | H60: 65061 | I60: =(H60-'2013'!H93)/'2013'!H93 -> -0.067680271 | J60: =(H60-'2014'!H78)/'2014'!H78 -> -0.003904097 | K60: 66445 | L60: 31133 | M60: =(L60-'2013'!L93)/'2013'!L93 -> -0.039845798 | N60: =(L60-'2014'!L78)/'2014'!L78 -> -0.0049857777 | O60: 31436
A61: T4 | B61: AI/AO/Host communication | C61: Interrupts | D61: 68587 | E61: =(D61-'2013'!D94)/'2013'!D94 -> -0.088484285 | F61: =(D61-'2014'!D79)/'2014'!D79 -> -0.0041091912 | G61: 69252 | H61: 64184 | I61: =(H61-'2013'!H94)/'2013'!H94 -> -0.057143697 | J61: =(H61-'2014'!H79)/'2014'!H79 -> -0.026320181 | K61: 65659 | L61: 31308 | M61: =(L61-'2013'!L94)/'2013'!L94 -> -0.039160324 | N61: =(L61-'2014'!L79)/'2014'!L79 -> -0.0037548527 | O61: 31857
A62: Worst of 3 : 8108_sp_online_poll_no_smp_15.0rc1
A64: PXIe-8135 (NIB), LV RT 2015, NI-DAQmx 15.5 (PXIe-6361 and PXIe-6363) With SMP support
A65: Test | B65: Description | C65: I/O Mode | D65: Rate 1ch Min | E65: vs. LV13.1, Dmx9.8 | F65: vs. LV14.1, Dmx14.1 | G65: Rate 1ch Max | H65: Rate 4ch Min | I65: vs. LV13.1, Dmx9.8 | J65: vs. LV14.1, Dmx14.1 | K65: Rate 4ch Max | L65: Rate 16ch Min | M65: vs. LV13.1, Dmx9.8 | N65: vs. LV14.1, Dmx14.1 | O65: Rate 16ch Max
A66: T1 | B66: AI / AO | C66: Polling | D66: 223214 | G66: 224215 | H66: 127551 | K66: 128205 | L66: 43047 | O66: 43047
A67: T2a | B67: AI/PID/AO | C67: Polling | D67: 215517 | G67: 218818 | H67: 115074 | K67: 118063 | L67: 41203 | O67: 41203
A68: T2b | B68: AI/PID/AO | C68: Interrupts | D68: 121951 | G68: 122549 | H68: 74906 | K68: 75585 | L68: 37397 | O68: 37735
A69: T3 | B69: AI/AO/Local Logging | C69: Polling | D69: 99403 | G69: 103412 | H69: 68870 | K69: 69541 | L69: 36710 | O69: 36724
A70: T4 | B70: AI/AO/Host communication | C70: Polling | D70: 108695 | G70: 111982 | H70: 75987 | K70: 76335 | L70: 22281 | O70: 37411
A71: Worst of 3 : 8135_sp_online_poll_smp_15.0
A73: PXIe-8135 (NIB), LV RT 2015, NI-DAQmx15.5 (PXIe-6361 and PXIe-6363) No SMP support
A74: Test | B74: Description | C74: I/O Mode | D74: Rate 1ch Min | E74: vs. LV13.1, Dmx9.8 | F74: vs. LV14.1, Dmx14.1 | G74: Rate 1ch Max | H74: Rate 4ch Min | I74: vs. LV13.1, Dmx9.8 | J74: vs. LV14.1, Dmx14.1 | K74: Rate 4ch Max | L74: Rate 16ch Min | M74: vs. LV13.1, Dmx9.8 | N74: vs. LV14.1, Dmx14.1 | O74: Rate 16ch Max
A75: T1 | B75: AI / AO | C75: Polling | D75: 218340.61 | G75: 221729.49 | H75: 127064.8 | K75: 128205.13 | L75: 43252.595 | O75: 43252.595
A76: T2a | B76: AI/PID/AO | C76: Polling | D76: 216450.22 | G76: 218340.61 | H76: 116009.28 | K76: 117647.06 | L76: 41203.131 | O76: 41545.492
A77: T2b | B77: AI/PID/AO | C77: Interrupts | D77: 122549.02 | G77: 125000 | H77: 74183.976 | K77: 75187.97 | L77: 37537.538 | O77: 37735.849
A78: T3 | B78: AI/AO/Local Logging | C78: Interrupts | D78: 99800.399 | G78: 102564.1 | H78: 69156.293 | K78: 69881.202 | L78: 36536.354 | O78: 36832.413
A79: T4 | B79: AI/AO/Host communication | C79: Interrupts | D79: 109529.03 | G79: 112107.62 | H79: 75987.842 | K79: 76335.878 | L79: 36900.369 | O79: 37764.35
A80: Worst of 3 : 8135_sp_online_poll_no_smp_15.0
A82: PXIe-8135 (NIC), LV RT 2015, NI-DAQmx 15.5 (PXIe-6361 and PXIe-6363) With SMP support
A83: Test | B83: Description | C83: I/O Mode | D83: Rate 1ch Min | E83: vs. LV13.1, Dmx9.8 | F83: vs. LV14.1, Dmx14.1 | G83: Rate 1ch Max | H83: Rate 4ch Min | I83: vs. LV13.1, Dmx9.8 | J83: vs. LV14.1, Dmx14.1 | K83: Rate 4ch Max | L83: Rate 16ch Min | M83: vs. LV13.1, Dmx9.8 | N83: vs. LV14.1, Dmx14.1 | O83: Rate 16ch Max
A84: T1 | B84: AI / AO | C84: Polling | D84: 256410 | G84: 259067 | H84: 134408 | K84: 135501 | L84: 44464 | O84: 44464
A85: T2a | B85: AI/PID/AO | C85: Polling | D85: 243902 | G85: 248756 | H85: 127064 | K85: 127551 | L85: 42571 | O85: 42918
A86: T2b | B86: AI/PID/AO | C86: Interrupts | D86: 107296 | G86: 109529 | H86: 89047 | K86: 96805 | L86: 36023 | O86: 37050
A87: T3 | B87: AI/AO/Local Logging | C87: Polling | D87: 233644 | G87: 237529 | H87: 133333 | K87: 134408 | L87: 44052 | O87: 44464
A88: T4 | B88: AI/AO/Host communication | C88: Polling | D88: 230946 | G88: 233644 | H88: 132625 | K88: 134408 | L88: 44286 | O88: 44702
A89: Worst of 3 : 8135_sp_online_poll_smp_15.0
A91: PXIe-8135 (NIC), LV RT 2015, NI-DAQmx15.5 (PXIe-6361 and PXIe-6363) No SMP support
A92: Test | B92: Description | C92: I/O Mode | D92: Rate 1ch Min | E92: vs. LV13.1, Dmx9.8 | F92: vs. LV14.1, Dmx14.1 | G92: Rate 1ch Max | H92: Rate 4ch Min | I92: vs. LV13.1, Dmx9.8 | J92: vs. LV14.1, Dmx14.1 | K92: Rate 4ch Max | L92: Rate 16ch Min | M92: vs. LV13.1, Dmx9.8 | N92: vs. LV14.1, Dmx14.1 | O92: Rate 16ch Max
A93: T1 | B93: AI / AO | C93: Polling | D93: 223214 | G93: 226244 | H93: 123762 | K93: 126582 | L93: 43252 | O93: 43252
A94: T2a | B94: AI/PID/AO | C94: Polling | D94: 214132 | G94: 216450 | H94: 116144 | K94: 117096 | L94: 41203 | O94: 41545
A95: T2b | B95: AI/PID/AO | C95: Interrupts | D95: 117233 | G95: 118623 | H95: 96993 | K95: 97370 | L95: 37397 | O95: 37551
A96: T3 | B96: AI/AO/Local Logging | C96: Interrupts | D96: 99304 | G96: 100704 | H96: 89525 | K96: 90744 | L96: 36683 | O96: 37037
A97: T4 | B97: AI/AO/Host communication | C97: Interrupts | D97: 107411 | G97: 107874 | H97: 96153 | K97: 97560 | L97: 37257 | O97: 37411
A98: Worst of 3 : 8135_sp_online_poll_no_smp_15.0
A100: PXIe-8108 (NIC), LV RT 2015, NI-DAQmx 15.5 (PXIe-6361 and PXIe-6363) With SMP support
A101: Test | B101: Description | C101: I/O Mode | D101: Rate 1ch Min | E101: vs. LV13.1, Dmx9.8 | F101: vs. LV14.1, Dmx14.1 | G101: Rate 1ch Max | H101: Rate 4ch Min | I101: vs. LV13.1, Dmx9.8 | J101: vs. LV14.1, Dmx14.1 | K101: Rate 4ch Max | L101: Rate 16ch Min | M101: vs. LV13.1, Dmx9.8 | N101: vs. LV14.1, Dmx14.1 | O101: Rate 16ch Max
A102: T1 | B102: AI / AO | C102: Polling | D102: 159235 | G102: 170648 | H102: 101626 | K102: 107758 | L102: 36900 | O102: 39108
A103: T2a | B103: AI/PID/AO | C103: Polling | D103: 157232 | G103: 163398 | H103: 89445 | K103: 96339 | L103: 35752 | O103: 36710
A104: T2b | B104: AI/PID/AO | C104: Interrupts | D104: 70126 | G104: 72463 | H104: 42034 | K104: 43956 | L104: 25614 | O104: 27487
A105: T3 | B105: AI/AO/Local Logging | C105: Polling | D105: 136986 | G105: 154083 | H105: 93196 | K105: 100704 | L105: 35752 | O105: 37397
A106: T4 | B106: AI/AO/Host communication | C106: Polling | D106: 133868 | G106: 138312 | H106: 87489 | K106: 97943 | L106: 32164 | O106: 37950
A107: Worst of 10 : 8108_sp_online_poll_smp_15.0 | E107: T4 case was run again since first time it errored because of test VI issue
A109: PXIe-8108 (NIC), LV RT 2015, NI-DAQmx15.5 (PXIe-6361 and PXIe-6363) No SMP support
A110: Test | B110: Description | C110: I/O Mode | D110: Rate 1ch Min | E110: vs. LV13.1, Dmx9.8 | F110: vs. LV14.1, Dmx14.1 | G110: Rate 1ch Max | H110: Rate 4ch Min | I110: vs. LV13.1, Dmx9.8 | J110: vs. LV14.1, Dmx14.1 | K110: Rate 4ch Max | L110: Rate 16ch Min | M110: vs. LV13.1, Dmx9.8 | N110: vs. LV14.1, Dmx14.1 | O110: Rate 16ch Max
A111: T1 | B111: AI / AO | C111: Polling | D111: 148588 | G111: 152439 | H111: 94966 | K111: 96618 | L111: 36697 | O111: 37397
A112: T2a | B112: AI/PID/AO | C112: Polling | D112: 143884 | G112: 147492 | H112: 79872 | K112: 84602 | L112: 34831 | O112: 35460
...

Sheet 2016
A1: PXIe-8135, LV RT 16.0b19, NI-DAQmx 15.5 (PXIe-6361 and PXIe-6363) With SMP support
A2: Test | B2: Description | C2: I/O Mode | D2: Rate 1ch Min | E2: vs. LV 15.0,Dmx 15.5 | F2: Rate 1ch Max | G2: Rate 4ch Min | H2: vs. LV13.1, Dmx9.8 | I2: Rate 4ch Max | J2: Rate 16ch Min | K2: vs. LV13.1, Dmx9.8 | L2: Rate 16ch Max
A3: T1 | B3: AI / AO | C3: Polling | D3: 251256.28 | E3: =(D3-'2015'!D66)/'2015'!D66 -> 0.12562958 | F3: 259740.26 | G3: 133868.81 | H3: =(G3-'2015'!H66)/'2015'!H66 -> 0.049531627 | I3: 134408.6 | K3: =(J3-'2015'!L66)/'2015'!L66 -> -1
A4: T2a | B4: AI/PID/AO | C4: Polling | D4: 252525.25 | E4: =(D4-'2015'!D67)/'2015'!D67 -> 0.17171848 | F4: 254452.93 | G4: 126582.28 | H4: =(G4-'2015'!H67)/'2015'!H67 -> 0.10000763 | I4: 127064.8 | K4: =(J4-'2015'!L67)/'2015'!L67 -> -1
A5: T2b | B5: AI/PID/AO | C5: Interrupts | D5: 91157.703 | E5: =(D5-'2015'!D68)/'2015'!D68 -> -0.25250549 | F5: 91911.765 | G5: 53361.793 | H5: =(G5-'2015'!H68)/'2015'!H68 -> -0.28761657 | I5: 61199.51 | K5: =(J5-'2015'!L68)/'2015'!L68 -> -1
A6: T3 | B6: AI/AO/Local Logging | C6: Polling | D6: 191204.59 | E6: =(D6-'2015'!D69)/'2015'!D69 -> 0.92352936 | F6: 234741.78 | G6: 133155.79 | H6: =(G6-'2015'!H69)/'2015'!H69 -> 0.9334368 | I6: 134408.6 | K6: =(J6-'2015'!L69)/'2015'!L69 -> -1
A7: T4 | B7: AI/AO/Host communication | C7: Polling | D7: 228832.95 | E7: =(D7-'2015'!D70)/'2015'!D70 -> 1.1052758 | F7: 230946.88 | G7: 47393.365 | H7: =(G7-'2015'!H70)/'2015'!H70 -> -0.37629641 | I7: 134408.6 | K7: =(J7-'2015'!L70)/'2015'!L70 -> -1
A8: Worst of 3 : 8135_sp_online_poll_smp_16.0b19
A10: PXIe-8135, LV RT 16.0b19, NI-DAQmx15.5 (PXIe-6361 and PXIe-6363) No SMP support
A11: Test | B11: Description | C11: I/O Mode | D11: Rate 1ch Min | E11: vs. LV13.1, Dmx9.8 | F11: Rate 1ch Max | G11: Rate 4ch Min | H11: vs. LV13.1, Dmx9.8 | I11: Rate 4ch Max | J11: Rate 16ch Min | K11: vs. LV13.1, Dmx9.8 | L11: Rate 16ch Max
A12: T1 | B12: AI / AO | C12: Polling | D12: 219780 | E12: =(D12-'2015'!D75)/'2015'!D75 -> 0.0065924 | F12: 222222 | G12: 123762 | H12: =(G12-'2015'!H75)/'2015'!H75 -> -0.02599306 | I12: 124378 | J12: 42918 | K12: =(J12-'2015'!L75)/'2015'!L75 -> -0.00773584 | L12: 42918
A13: T2a | B13: AI/PID/AO | C13: Polling | D13: 211864 | E13: =(D13-'2015'!D76)/'2015'!D76 -> -0.02118832 | F13: 214592 | G13: 115606 | H13: =(G13-'2015'!H76)/'2015'!H76 -> -0.00347628 | I13: 116550 | J13: 41203 | K13: =(J13-'2015'!L76)/'2015'!L76 -> -3.1900003e-06 | L13: 41203
A14: T2b | B14: AI/PID/AO | C14: Interrupts | D14: 118906 | E14: =(D14-'2015'!D77)/'2015'!D77 -> -0.02972704 | F14: 120481 | G14: 98522 | H14: =(G14-'2015'!H77)/'2015'!H77 -> 0.32807656 | I14: 100704 | J14: 37551 | K14: =(J14-'2015'!L77)/'2015'!L77 -> 0.00035863999 | L14: 37735
A15: T3 | B15: AI/AO/Local Logging | C15: Interrupts | D15: 98328 | E15: =(D15-'2015'!D78)/'2015'!D78 -> -0.01475344 | F15: 99403 | G15: 87796 | H15: =(G15-'2015'!H78)/'2015'!H78 -> 0.26953016 | I15: 88967 | J15: 36350 | K15: =(J15-'2015'!L78)/'2015'!L78 -> -0.0051005 | L15: 36710
A16: T4 | B16: AI/AO/Host communication | C16: Interrupts | D16: 107642 | E16: =(D16-'2015'!D79)/'2015'!D79 -> -0.01722854 | F16: 109170 | G16: 95877 | H16: =(G16-'2015'!H79)/'2015'!H79 -> 0.26174132 | I16: 96805 | J16: 37411 | K16: =(J16-'2015'!L79)/'2015'!L79 -> 0.0138381 | L16: 37593
A17: Worst of 3 : 8135_sp_online_poll_no_smp_16.0b35
A19: PXIe-8135, LV RT 16.0b35, NI-DAQmx 15.5 (PXIe-6361 and PXIe-6363) With SMP support
A20: Test | B20: Description | C20: I/O Mode | D20: Rate 1ch Min | E20: vs. LV 15.0,Dmx 15.5 | F20: Rate 1ch Max | G20: Rate 4ch Min | H20: vs. LV13.1, Dmx9.8 | I20: Rate 4ch Max | J20: Rate 16ch Min | K20: vs. LV13.1, Dmx9.8 | L20: Rate 16ch Max
A21: T1 | B21: AI / AO | C21: Polling | D21: 79491 | E21: =(D21-'2015'!D66)/'2015'!D66 -> -0.64387986 | F21: 255102 | G21: 61766 | H21: =(G21-'2015'!H66)/'2015'!H66 -> -0.51575448 | I21: 62460 | J21: 31867 | K21: =(J21-'2015'!L66)/'2015'!L66 -> -0.25971612 | L21: 32020
A22: T2a | B22: AI/PID/AO | C22: Polling | D22: 78064 | E22: =(D22-'2015'!D67)/'2015'!D67 -> -0.63778263 | F22: 78431 | G22: 60350 | H22: =(G22-'2015'!H67)/'2015'!H67 -> -0.47555486 | I22: 60864 | J22: 30978 | K22: =(J22-'2015'!L67)/'2015'!L67 -> -0.24816154 | L22: 31133
A23: T2b | B23: AI/PID/AO | C23: Interrupts | D23: 57836 | E23: =(D23-'2015'!D68)/'2015'!D68 -> -0.52574395 | F23: 58892 | G23: 54054 | H23: =(G23-'2015'!H68)/'2015'!H68 -> -0.27837556 | I23: 54824 | J23: 28360 | K23: =(J23-'2015'!L68)/'2015'!L68 -> -0.2416504 | L23: 28636
A24: T3 | B24: AI/AO/Local Logging | C24: Polling | D24: 69541 | E24: =(D24-'2015'!D69)/'2015'!D69 -> -0.30041347 | F24: 70472 | G24: 48169 | H24: =(G24-'2015'!H69)/'2015'!H69 -> -0.3005808 | I24: 62034 | J24: 31436 | K24: =(J24-'2015'!L69)/'2015'!L69 -> -0.14366658 | L24: 31436
A25: T4 | B25: AI/AO/Host communication | C25: Polling | D25: 68775 | E25: =(D25-'2015'!D70)/'2015'!D70 -> -0.3672662 | F25: 69783 | G25: 61425 | H25: =(G25-'2015'!H70)/'2015'!H70 -> -0.19163804 | I25: 61728 | J25: 31026 | K25: =(J25-'2015'!L70)/'2015'!L70 -> 0.39248687 | L25: 31308
A26: Worst of 3 : 8135_sp_online_poll_smp_16.0b35
A28: PXIe-8135, LV RT 16.0b35, NI-DAQmx15.5 (PXIe-6361 and PXIe-6363) No SMP support
A29: Test | B29: Description | C29: I/O Mode | D29: Rate 1ch Min | E29: vs. LV13.1, Dmx9.8 | F29: Rate 1ch Max | G29: Rate 4ch Min | H29: vs. LV13.1, Dmx9.8 | I29: Rate 4ch Max | J29: Rate 16ch Min | K29: vs. LV13.1, Dmx9.8 | L29: Rate 16ch Max
A30: T1 | B30: AI / AO | C30: Polling | D30: 219780 | E30: =(D30-'2015'!D75)/'2015'!D75 -> 0.0065924 | F30: 222222 | G30: 123762 | H30: =(G30-'2015'!H75)/'2015'!H75 -> -0.02599306 | I30: 124378 | J30: 42918 | K30: =(J30-'2015'!L75)/'2015'!L75 -> -0.00773584 | L30: 42918
A31: T2a | B31: AI/PID/AO | C31: Polling | D31: 211864 | E31: =(D31-'2015'!D76)/'2015'!D76 -> -0.02118832 | F31: 214592 | G31: 115606 | H31: =(G31-'2015'!H76)/'2015'!H76 -> -0.00347628 | I31: 116550 | J31: 41203 | K31: =(J31-'2015'!L76)/'2015'!L76 -> -3.1900003e-06 | L31: 41203
A32: T2b | B32: AI/PID/AO | C32: Interrupts | D32: 118906 | E32: =(D32-'2015'!D77)/'2015'!D77 -> -0.02972704 | F32: 120481 | G32: 98522 | H32: =(G32-'2015'!H77)/'2015'!H77 -> 0.32807656 | I32: 100704 | J32: 37551 | K32: =(J32-'2015'!L77)/'2015'!L77 -> 0.00035863999 | L32: 37735
A33: T3 | B33: AI/AO/Local Logging | C33: Interrupts | D33: 98328 | E33: =(D33-'2015'!D78)/'2015'!D78 -> -0.01475344 | F33: 99403 | G33: 87796 | H33: =(G33-'2015'!H78)/'2015'!H78 -> 0.26953016 | I33: 88967 | J33: 36350 | K33: =(J33-'2015'!L78)/'2015'!L78 -> -0.0051005 | L33: 36710
A34: T4 | B34: AI/AO/Host communication | C34: Interrupts | D34: 107642 | E34: =(D34-'2015'!D79)/'2015'!D79 -> -0.01722854 | F34: 109170 | G34: 95877 | H34: =(G34-'2015'!H79)/'2015'!H79 -> 0.26174132 | I34: 96805 | J34: 37411 | K34: =(J34-'2015'!L79)/'2015'!L79 -> 0.0138381 | L34: 37593
A35: Worst of 3 : 8135_sp_online_poll_no_smp_16.0b35
A37: PXIe-8135, LV RT 16.0b37, NI-DAQmx 15.5 (PXIe-6361 and PXIe-6363) With SMP support
A38: Test | B38: Description | C38: I/O Mode | D38: Rate 1ch Min | E38: vs. LV 15.0,Dmx 15.5 | F38: Rate 1ch Max | G38: Rate 4ch Min | H38: vs. LV15.0, Dmx15.5 | I38: Rate 4ch Max | J38: Rate 16ch Min | K38: vs. LV15.0, Dmx15.5 | L38: Rate 16ch Max
A39: T1 | B39: AI / AO | C39: Polling | D39: 265251 | E39: =(D39-'2015'!D66)/'2015'!D66 -> 0.188326 | F39: 267379 | G39: 139860 | H39: =(G39-'2015'!H66)/'2015'!H66 -> 0.096502575 | I39: 141242 | J39: 45289 | K39: =(J39-'2015'!L66)/'2015'!L66 -> 0.052082607 | L39: 45289
A40: T2a | B40: AI/PID/AO | C40: Polling | D40: 252525 | E40: =(D40-'2015'!D67)/'2015'!D67 -> 0.17171731 | F40: 259740 | G40: 131752 | H40: =(G40-'2015'!H67)/'2015'!H67 -> 0.14493283 | I40: 132625 | J40: 43610 | K40: =(J40-'2015'!L67)/'2015'!L67 -> 0.058418076 | L40: 43744
A41: T2b | B41: AI/PID/AO | C41: Interrupts | D41: 92678 | E41: =(D41-'2015'!D68)/'2015'!D68 -> -0.24003903 | F41: 94876 | G41: 82236 | H41: =(G41-'2015'!H68)/'2015'!H68 -> 0.097855979 | I41: 82712 | J41: 33156 | K41: =(J41-'2015'!L68)/'2015'!L68 -> -0.11340482 | L41: 33658
A42: T3 | B42: AI/AO/Local Logging | C42: Polling | D42: 76335 | E42: =(D42-'2015'!D69)/'2015'!D69 -> -0.23206543 | F42: 76335 | G42: 76335 | H42: =(G42-'2015'!H69)/'2015'!H69 -> 0.10839262 | I42: 76335 | J42: 39292 | K42: =(J42-'2015'!L69)/'2015'!L69 -> 0.070335059 | L42: 45065
A43: T4 | B43: AI/AO/Host communication | C43: Polling | D43: 76687 | E43: =(D43-'2015'!D70)/'2015'!D70 -> -0.29447537 | F43: 119474 | G43: 52910 | H43: =(G43-'2015'!H70)/'2015'!H70 -> -0.30369668 | I43: 76687 | J43: 43917 | K43: =(J43-'2015'!L70)/'2015'!L70 -> 0.97105157 | L43: 45105
A44: Worst of 3 : 8135_sp_online_poll_smp_16.0b37
A46: PXIe-8135, LV RT 16.0b37, NI-DAQmx15.5 (PXIe-6361 and PXIe-6363) No SMP support
A47: Test | B47: Description | C47: I/O Mode | D47: Rate 1ch Min | E47: vs. LV15.0, Dmx15.5 | F47: Rate 1ch Max | G47: Rate 4ch Min | H47: vs. LV15.0, Dmx15.5 | I47: Rate 4ch Max | J47: Rate 16ch Min | K47: vs. LV15.0, Dmx15.5 | L47: Rate 16ch Max
A48: T1 | B48: AI / AO | C48: Polling | D48: 230414 | E48: =(D48-'2015'!D75)/'2015'!D75 -> 0.05529612 | F48: 233100 | G48: 130548 | H48: =(G48-'2015'!H75)/'2015'!H75 -> 0.02741276 | I48: 131061 | J48: 43744 | K48: =(J48-'2015'!L75)/'2015'!L75 -> 0.01136128 | L48: 43956
A49: T2a | B49: AI/PID/AO | C49: Polling | D49: 222717 | E49: =(D49-'2015'!D76)/'2015'!D76 -> 0.02895254 | F49: 225225 | G49: 122100 | H49: =(G49-'2015'!H76)/'2015'!H76 -> 0.052502 | I49: 122699 | J49: 42229 | K49: =(J49-'2015'!L76)/'2015'!L76 -> 0.02489783 | L49: 42229
A50: T2b | B50: AI/PID/AO | C50: Interrupts | D50: 122850 | E50: =(D50-'2015'!D77)/'2015'!D77 -> 0.002456 | F50: 124378 | G50: 100704 | H50: =(G50-'2015'!H77)/'2015'!H77 -> 0.35748992 | I50: 102040 | J50: 37907 | K50: =(J50-'2015'!L77)/'2015'!L77 -> 0.00984248 | L50: 38095
A51: T3 | B51: AI/AO/Local Logging | C51: Interrupts | D51: 99403 | E51: =(D51-'2015'!D78)/'2015'!D78 -> -0.00398194 | F51: 99502 | G51: 91240 | H51: =(G51-'2015'!H78)/'2015'!H78 -> 0.3193304 | I51: 91659 | J51: 36710 | K51: =(J51-'2015'!L78)/'2015'!L78 -> 0.0047527 | L51: 37050
A52: T4 | B52: AI/AO/Host communication | C52: Interrupts | D52: 109170 | E52: =(D52-'2015'!D79)/'2015'!D79 -> -0.0032779 | F52: 110132 | G52: 100704 | H52: =(G52-'2015'!H79)/'2015'!H79 -> 0.32526464 | I52: 100806 | J52: 38095 | K52: =(J52-'2015'!L79)/'2015'!L79 -> 0.0323745 | L52: 38284
A53: Worst of 3 : 8135_sp_online_poll_no_smp_16.0b37
A55: PXIe-8135, LV RT 16.0b40, NI-DAQmx 15.5 (PXIe-6361 and PXIe-6363) With SMP support
A56: Test | B56: Description | C56: I/O Mode | D56: Rate 1ch Min | E56: vs. LV 15.0,Dmx 15.5 | F56: Rate 1ch Max | G56: Rate 4ch Min | H56: vs. LV15.0, Dmx15.5 | I56: Rate 4ch Max | J56: Rate 16ch Min | K56: vs. LV15.0, Dmx15.5 | L56: Rate 16ch Max
A57: T1 | B57: AI / AO | C57: Polling | D57: 253164 | E57: =(D57-'2015'!D66)/'2015'!D66 -> 0.13417617 | F57: 257069 | G57: 134408 | H57: =(G57-'2015'!H66)/'2015'!H66 -> 0.053758889 | I57: 134408 | J57: 44464 | K57: =(J57-'2015'!L66)/'2015'!L66 -> 0.032917509 | L57: 44662
A58: T2a | B58: AI/PID/AO | C58: Polling | D58: 243902 | E58: =(D58-'2015'!D67)/'2015'!D67 -> 0.13170655 | F58: 247524 | G58: 127064 | H58: =(G58-'2015'!H67)/'2015'!H67 -> 0.10419382 | I58: 127551 | J58: 42918 | K58: =(J58-'2015'!L67)/'2015'!L67 -> 0.041623183 | L58: 43047
A59: T2b | B59: AI/PID/AO | C59: Interrupts | D59: 111111 | E59: =(D59-'2015'!D68)/'2015'!D68 -> -0.08888816 | F59: 114025 | G59: 95238 | H59: =(G59-'2015'!H68)/'2015'!H68 -> 0.27143353 | I59: 96618 | J59: 35842 | K59: =(J59-'2015'!L68)/'2015'!L68 -> -0.041580875 | L59: 36337
A60: T3 | B60: AI/AO/Local Logging | C60: Polling | D60: 58858 | E60: =(D60-'2015'!D69)/'2015'!D69 -> -0.40788507 | F60: 76335 | G60: 54525 | H60: =(G60-'2015'!H69)/'2015'!H69 -> -0.20829098 | I60: 99206 | J60: 30674 | K60: =(J60-'2015'!L69)/'2015'!L69 -> -0.16442386 | L60: 32299
A61: T4 | B61: AI/AO/Host communication | C61: Polling | D61: 75414 | E61: =(D61-'2015'!D70)/'2015'!D70 -> -0.30618704 | F61: 76394 | G61: 59880 | H61: =(G61-'2015'!H70)/'2015'!H70 -> -0.21197047 | I61: 63211 | J61: 31705 | K61: =(J61-'2015'!L70)/'2015'!L70 -> 0.42296127 | L61: 32456
A62: Worst of 3 : 8135_sp_online_poll_smp_16.0b40
A64: PXIe-8135, LV RT 16.0b40, NI-DAQmx15.5 (PXIe-6361 and PXIe-6363) No SMP support
A65: Test | B65: Description | C65: I/O Mode | D65: Rate 1ch Min | E65: vs. LV15.0, Dmx15.5 | F65: Rate 1ch Max | G65: Rate 4ch Min | H65: vs. LV15.0, Dmx15.5 | I65: Rate 4ch Max | J65: Rate 16ch Min | K65: vs. LV15.0, Dmx15.5 | L65: Rate 16ch Max
A66: T1 | B66: AI / AO | C66: Polling | D66: 218818 | E66: =(D66-'2015'!D75)/'2015'!D75 -> 0.00218644 | F66: 223214 | G66: 124688 | H66: =(G66-'2015'!H75)/'2015'!H75 -> -0.01870544 | I66: 125000 | J66: 43252 | K66: =(J66-'2015'!L75)/'2015'!L75 -> -1.3760007e-05 | L66: 43252
A67: T2a | B67: AI/PID/AO | C67: Polling | D67: 213675 | E67: =(D67-'2015'!D76)/'2015'!D76 -> -0.0128215 | F67: 215982 | G67: 117096 | H67: =(G67-'2015'!H76)/'2015'!H76 -> 0.00936752 | I67: 117647 | J67: 41545 | K67: =(J67-'2015'!L76)/'2015'!L76 -> 0.00829715 | L67: 41545
A68: T2b | B68: AI/PID/AO | C68: Interrupts | D68: 118906 | E68: =(D68-'2015'!D77)/'2015'!D77 -> -0.02972704 | F68: 121654 | G68: 100401 | H68: =(G68-'2015'!H77)/'2015'!H77 -> 0.35340548 | I68: 100704 | J68: 37835 | K68: =(J68-'2015'!L77)/'2015'!L77 -> 0.0079244 | L68: 38051
A69: T3 | B69: AI/AO/Local Logging | C69: Interrupts | D69: 98619 | E69: =(D69-'2015'!D78)/'2015'!D78 -> -0.01183762 | F69: 99009 | G69: 89126 | H69: =(G69-'2015'!H78)/'2015'!H78 -> 0.28876196 | I69: 91157 | J69: 36859 | K69: =(J69-'2015'!L78)/'2015'!L78 -> 0.00883083 | L69: 37050
A70: T4 | B70: AI/AO/Host communication | C70: Interrupts | D70: 106837 | E70: =(D70-'2015'!D79)/'2015'!D79 -> -0.02457819 | F70: 110132 | G70: 97465 | H70: =(G70-'2015'!H79)/'2015'!H79 -> 0.2826394 | I70: 98039 | J70: 37907 | K70: =(J70-'2015'!L79)/'2015'!L79 -> 0.0272797 | L70: 38095
A71: Worst of 3 : 8135_sp_online_poll_no_smp_16.0b40
A73: PXIe-8135, LV RT 16.0b53, NI-DAQmx 15.5 (PXIe-6361 and PXIe-6363) With SMP support
A74: Test | B74: Description | C74: I/O Mode | D74: Rate 1ch Min | E74: vs. LV 15.0,Dmx 15.5 | F74: Rate 1ch Max | G74: Rate 4ch Min | H74: vs. LV15.0, Dmx15.5 | I74: Rate 4ch Max | J74: Rate 16ch Min | K74: vs. LV15.0, Dmx15.5 | L74: Rate 16ch Max
A75: T1 | B75: AI / AO | C75: Polling | D75: 77700 | E75: =(D75-'2015'!D66)/'2015'!D66 -> -0.65190355 | F75: 78125 | G75: 61728 | H75: =(G75-'2015'!H66)/'2015'!H66 -> -0.5160524 | I75: 62034 | J75: 31565 | K75: =(J75-'2015'!L66)/'2015'!L66 -> -0.26673171 | L75: 31735
A76: T2a | B76: AI/PID/AO | C76: Polling | D76: 75987 | E76: =(D76-'2015'!D67)/'2015'!D67 -> -0.64741993 | F76: 77700 | G76: 59701 | H76: =(G76-'2015'!H67)/'2015'!H67 -> -0.48119471 | I76: 60060 | J76: 30562 | K76: =(J76-'2015'!L67)/'2015'!L67 -> -0.25825789 | L76: 30712
A77: T2b | B77: AI/PID/AO | C77: Interrupts | D77: 56915 | E77: =(D77-'2015'!D68)/'2015'!D68 -> -0.53329616 | F77: 57836 | G77: 52083 | H77: =(G77-'2015'!H68)/'2015'!H68 -> -0.30468854 | I77: 53276 | J77: 27870 | K77: =(J77-'2015'!L68)/'2015'!L68 -> -0.25475306 | L77: 28216
A78: T3 | B78: AI/AO/Local Logging | C78: Polling | D78: 69686 | E78: =(D78-'2015'!D69)/'2015'!D69 -> -0.29895476 | F78: 71839 | G78: 59880 | H78: =(G78-'2015'!H69)/'2015'!H69 -> -0.13053579 | I78: 61274 | J78: 30845 | K78: =(J78-'2015'!L69)/'2015'!L69 -> -0.15976573 | L78: 31133
A79: T4 | B79: AI/AO/Host communication | C79: Polling | D79: 69013 | E79: =(D79-'2015'!D70)/'2015'!D70 -> -0.36507659 | F79: 71428 | G79: 55897 | H79: =(G79-'2015'!H70)/'2015'!H70 -> -0.26438733 | I79: 61881 | J79: 31575 | K79: =(J79-'2015'!L70)/'2015'!L70 -> 0.4171267 | L79: 31725
A80: Worst of 3 : 8135_sp_online_poll_smp_16.0b53
A82: PXIe-8135, LV RT 16.0b53, NI-DAQmx15.5 (PXIe-6361 and PXIe-6363) No SMP support
A83: Test | B83: Description | C83: I/O Mode | D83: Rate 1ch Min | E83: vs. LV15.0, Dmx15.5 | F83: Rate 1ch Max | G83: Rate 4ch Min | H83: vs. LV15.0, Dmx15.5 | I83: Rate 4ch Max | J83: Rate 16ch Min | K83: vs. LV15.0, Dmx15.5 | L83: Rate 16ch Max
A84: T1 | B84: AI / AO | C84: Polling | D84: 220750 | E84: =(D84-'2015'!D75)/'2015'!D75 -> 0.011035 | F84: 223214 | G84: 123152 | H84: =(G84-'2015'!H75)/'2015'!H75 -> -0.03079376 | I84: 123762 | J84: 42716 | K84: =(J84-'2015'!L75)/'2015'!L75 -> -0.01240608 | L84: 43047
A85: T2a | B85: AI/PID/AO | C85: Polling | D85: 207900 | E85: =(D85-'2015'!D76)/'2015'!D76 -> -0.039502 | F85: 215517 | G85: 116550 | H85: =(G85-'2015'!H76)/'2015'!H76 -> 0.004661 | I85: 117096 | J85: 41000 | K85: =(J85-'2015'!L76)/'2015'!L76 -> -0.00493 | L85: 41339
A86: T2b | B86: AI/PID/AO | C86: Interrupts | D86: 117233 | E86: =(D86-'2015'!D77)/'2015'!D77 -> -0.04337872 | F86: 119189 | G86: 98328 | H86: =(G86-'2015'!H77)/'2015'!H77 -> 0.32546144 | I86: 99403 | J86: 36859 | K86: =(J86-'2015'!L77)/'2015'!L77 -> -0.01807624 | L86: 37907
A87: T3 | B87: AI/AO/Local Logging | C87: Interrupts | D87: 98911 | E87: =(D87-'2015'!D78)/'2015'!D78 -> -0.00891178 | F87: 99601 | G87: 89686 | H87: =(G87-'2015'!H78)/'2015'!H78 -> 0.29685956 | I87: 90744 | J87: 36697 | K87: =(J87-'2015'!L78)/'2015'!L78 -> 0.00439689 | L87: 36873
A88: T4 | B88: AI/AO/Host communication | C88: Interrupts | D88: 105820 | E88: =(D88-'2015'!D79)/'2015'!D79 -> -0.0338634 | F88: 109051 | G88: 96805 | H88: =(G88-'2015'!H79)/'2015'!H79 -> 0.2739538 | I88: 96805 | J88: 37593 | K88: =(J88-'2015'!L79)/'2015'!L79 -> 0.0187703 | L88: 37593
A89: Worst of 3 : 8135_sp_online_poll_no_smp_16.0b53
A109: PXIe-8135(NIC), LV RT 16.0b57, NI-DAQmx 15.5 (PXIe-6361 and PXIe-6363) With SMP support
A110: Test | B110: Description | C110: I/O Mode | D110: Rate 1ch Min | E110: vs. LV 15.0,Dmx 15.5 | F110: Rate 1ch Max | G110: Rate 4ch Min | H110: vs. LV15.0, Dmx15.5 | I110: Rate 4ch Max | J110: Rate 16ch Min | K110: vs. LV15.0, Dmx15.5 | L110: Rate 16ch Max
A111: T1 | B111: AI / AO | C111: Polling | D111: 79113 | E111: =(D111-'2015'!D66)/'2015'!D66 -> -0.64557331 | F111: 80000 | G111: 62460 | H111: =(G111-'2015'!H66)/'2015'!H66 -> -0.51031352 | I111: 62774 | J111: 31867 | K111: =(J111-'2015'!L66)/'2015'!L66 -> -0.25971612 | L111: 32020
A112: T2a | B112: AI/PID/AO | C112: Polling | D112: 77700 | E112: =(D112-'2015'!D67)/'2015'!D67 -> -0.6394716 | F112: 79491 | G112: 61050 | H112: =(G112-'2015'!H67)/'2015'!H67 -> -0.46947182 | I112: 61199 | J112: 31152 | K112: =(J112-'2015'!L67)/'2015'!L67 -> -0.24393855 | L112: 31289
A113: T2b | B113: AI/PID/AO | C113: Interrupts | D113: 60240 | E113: =(D113-'2015'!D68)/'2015'!D68 -> -0.50603111 | F113: 62460 | G113: 42034 | H113: =(G113-'2015'!H68)/'2015'!H68 -> -0.43884335 | I113: 54288 | J113: 28352 | K113: =(J113-'2015'!L68)/'2015'!L68 -> -0.24186432 | L113: 28449
A114: T3 | B114: AI/AO/Local Logging | C114: Polling | D114: 67159 | E114: =(D114-'2015'!D69)/'2015'!D69 -> -0.32437653 | F114: 70422 | G114: 48169 | H114: =(G114-'2015'!H69)/'2015'!H69 -> -0.3005808 | I114: 60864 | J114: 30978 | K114: =(J114-'2015'!L69)/'2015'!L69 -> -0.15614274 | L114: 31133
A115: T4 | B115: AI/AO/Host communication | C115: Polling | D115: 63856 | E115: =(D115-'2015'!D70)/'2015'!D70 -> -0.41252128 | F115: 70821 | G115: 48169 | H115: =(G115-'2015'!H70)/'2015'!H70 -> -0.36608894 | I115: 60975 | J115: 30543 | K115: =(J115-'2015'!L70)/'2015'!L70 -> 0.37080921 | L115: 31152
A116: Worst of 3 : 8135_sp_online_poll_smp_16.0b57
A119: PXIe-8135 (NIB), LV RT 16.0b57, NI-DAQmx 15.5 (PXIe-6361 and PXIe-6363) With SMP support
A120: Test | B120: Description | C120: I/O Mode | D120: Rate 1ch Min | E120: vs. LV 15.0,Dmx 15.5 | F120: Rate 1ch Max | G120: Rate 4ch Min | H120: vs. LV15.0, Dmx15.5 | I120: Rate 4ch Max | J120: Rate 16ch Min | K120: vs. LV15.0, Dmx15.5 | L120: Rate 16ch Max
A121: T1 | B121: AI / AO | C121: Polling | D121: 258397 | E121: =(D121-'2015'!D66)/'2015'!D66 -> 0.15762004 | F121: 259740 | G121: 139470 | H121: =(G121-'2015'!H66)/'2015'!H66 -> 0.093444975 | I121: 140449 | J121: 45065 | K121: =(J121-'2015'!L66)/'2015'!L66 -> 0.046878993 | L121: 45289
A122: T2a | B122: AI/PID/AO | C122: Polling | D122: 253164 | E122: =(D122-'2015'!D67)/'2015'!D67 -> 0.17468228 | F122: 254452 | G122: 129701 | H122: =(G122-'2015'!H67)/'2015'!H67 -> 0.12710951 | I122: 132100 | J122: 43610 | K122: =(J122-'2015'!L67)/'2015'!L67 -> 0.058418076 | L122: 43610
A123: T2b | B123: AI/PID/AO | C123: Interrupts | D123: 114942 | E123: =(D123-'2015'!D68)/'2015'!D68 -> -0.057473903 | F123: 123152 | G123: 67934 | H123: =(G123-'2015'!H68)/'2015'!H68 -> -0.093076656 | I123: 68399 | J123: 36710 | K123: =(J123-'2015'!L68)/'2015'!L68 -> -0.018370458 | L123: 37397
A124: T3 | B124: AI/AO/Local Logging | C124: Polling | D124: 76161 | E124: =(D124-'2015'!D69)/'2015'!D69 -> -0.23381588 | F124: 133868 | G124: 71787 | H124: =(G124-'2015'!H69)/'2015'!H69 -> 0.042355162 | I124: 126742 | J124: 32615 | K124: =(J124-'2015'!L69)/'2015'!L69 -> -0.11154999 | L124: 32808
A125: T4 | B125: AI/AO/Host communication | C125: Polling | D125: 75700 | E125: =(D125-'2015'!D70)/'2015'!D70 -> -0.30355582 | F125: 76335 | G125: 49751 | H125: =(G125-'2015'!H70)/'2015'!H70 -> -0.34526959 | I125: 60975 | J125: 32175 | K125: =(J125-'2015'!L70)/'2015'!L70 -> 0.44405547 | L125: 32530
A126: Worst of 3 : 8135_sp_online_poll_smp_16.0b57
A128: PXIe-8135 (NIB), LV RT 16.0b57, NI-DAQmx 15.5 (PXIe-6361 and PXIe-6363) With SMP support
A129: Test | B129: Description | C129: I/O Mode | D129: Rate 1ch Min | E129: vs. LV 15.0,Dmx 15.5 | F129: Rate 1ch Max | G129: Rate 4ch Min | H129: vs. LV15.0, Dmx15.5 | I129: Rate 4ch Max | J129: Rate 16ch Min | K129: vs. LV15.0, Dmx15.5 | L129: Rate 16ch Max
A130: T1 | B130: AI / AO | C130: Polling | D130: 255102 | E130: =(D130-'2015'!D66)/'2015'!D66 -> 0.14285842 | F130: 260416 | G130: 137551 | H130: =(G130-'2015'!H66)/'2015'!H66 -> 0.078400013 | I130: 138888 | J130: 45289 | K130: =(J130-'2015'!L66)/'2015'!L66 -> 0.052082607 | L130: 45289
A131: T2a | B131: AI/PID/AO | C131: Polling | D131: 245098 | E131: =(D131-'2015'!D67)/'2015'!D67 -> 0.13725599 | F131: 246305 | G131: 128534 | H131: =(G131-'2015'!H67)/'2015'!H67 -> 0.11696821 | I131: 131061 | J131: 42918 | K131: =(J131-'2015'!L67)/'2015'!L67 -> 0.041623183 | L131: 43610
...

Sheet 2017
A1: PXIe-8108(NIC)1075,LVRT 17.0d41, NI-DAQmx16.0 (PXIe-6361,PXIe-6363) With SMP support
A2: Test | B2: Description | C2: I/O Mode | D2: Rate 1ch Min | E2: vs. LV 16.0,Dmx 15.5 | F2: Rate 1ch Max | G2: Rate 4ch Min | H2: vs. LV 16.0,Dmx 15.5 | I2: Rate 4ch Max | J2: Rate 16ch Min | K2: vs. LV 16.0,Dmx 15.5 | L2: Rate 16ch Max
A3: T1 | B3: AI / AO | C3: Polling | D3: 159235 | E3: =(D3-'2016'!D220)/'2016'!D220 -> 0.10827684 | F3: 160513 | G3: 112612 | H3: =(G3-'2016'!G220)/'2016'!G220 -> 0.13288331 | I3: 112612 | J3: 38925 | K3: =(J3-'2016'!J220)/'2016'!J220 -> 0.021787636 | L3: 39277
A4: T2a | B4: AI/PID/AO | C4: Polling | D4: 155520 | E4: =(D4-'2016'!D221)/'2016'!D221 -> 0.04821153 | F4: 158227 | G4: 104493 | H4: =(G4-'2016'!G221)/'2016'!G221 -> 0.25914902 | I4: 106044 | J4: 36523 | K4: =(J4-'2016'!J221)/'2016'!J221 -> 0.011689427 | L4: 36873
A5: T2b | B5: AI/PID/AO | C5: Interrupts | D5: 63613 | E5: =(D5-'2016'!D222)/'2016'!D222 -> 0.039445089 | F5: 63897 | G5: 56947 | H5: =(G5-'2016'!G222)/'2016'!G222 -> 0.336 | I5: 57537 | J5: 28498 | K5: =(J5-'2016'!J222)/'2016'!J222 -> 0.088624035 | L5: 28587
A6: T3 | B6: AI/AO/Local Logging | C6: Polling | D6: 132625 | E6: =(D6-'2016'!D223)/'2016'!D223 -> -0.023875939 | F6: 154083 | G6: 107411 | H6: =(G6-'2016'!G223)/'2016'!G223 -> 0.19548788 | I6: 108695 | J6: 36832 | K6: =(J6-'2016'!J223)/'2016'!J223 -> 0.032402736 | L6: 37551
A7: T4 | B7: AI/AO/Host communication | C7: Polling | D7: 134048 | E7: =(D7-'2016'!D224)/'2016'!D224 -> 0.0107295 | F7: 135869 | G7: 104493 | H7: =(G7-'2016'!G224)/'2016'!G224 -> 0.18286374 | I7: 106044 | J7: 36751 | K7: =(J7-'2016'!J224)/'2016'!J224 -> 0.03419068 | L7: 37907
A8: Worst of 3 : 8108_sp_online_poll_smp_17.0d41
A10: PXIe-8108 (NIC) 1075, LVRT 17.0d41, NI-DAQmx16.0 (PXIe-6361 and PXIe-6363) No SMP support
A11: Test | B11: Description | C11: I/O Mode | D11: Rate 1ch Min | E11: vs. LV 16.0,Dmx 15.5 | F11: Rate 1ch Max | G11: Rate 4ch Min | H11: vs. LV 16.0,Dmx 15.5 | I11: Rate 4ch Max | J11: Rate 16ch Min | K11: vs. LV 16.0,Dmx 15.5 | L11: Rate 16ch Max
A12: T1 | B12: AI / AO | C12: Polling | D12: 151285 | E12: =(D12-'2016'!D229)/'2016'!D229 -> 0.01512437 | F12: 152671 | G12: 101626 | H12: =(G12-'2016'!G229)/'2016'!G229 -> 0.080288712 | I12: 103199 | J12: 36697 | K12: =(J12-'2016'!J229)/'2016'!J229 -> -0.0047731402 | L12: 37397
A13: T2a | B13: AI/PID/AO | C13: Polling | D13: 144508 | E13: =(D13-'2016'!D230)/'2016'!D230 -> 0.013003582 | F13: 147492 | G13: 93370 | H13: =(G13-'2016'!G230)/'2016'!G230 -> 0.17179754 | I13: 95693 | J13: 34879 | K13: =(J13-'2016'!J230)/'2016'!J230 -> 0 | L13: 35285
A14: T2b | B14: AI/PID/AO | C14: Interrupts | D14: 85910 | E14: =(D14-'2016'!D231)/'2016'!D231 -> 0.08075128 | F14: 87336 | G14: 71022 | H14: =(G14-'2016'!G231)/'2016'!G231 -> 0.36717487 | I14: 73964 | J14: 32679 | K14: =(J14-'2016'!J231)/'2016'!J231 -> 0.03234876 | L14: 32883
A15: T3 | B15: AI/AO/Local Logging | C15: Interrupts | D15: 74626 | E15: =(D15-'2016'!D232)/'2016'!D232 -> 0.019397317 | F15: 75244 | G15: 67934 | H15: =(G15-'2016'!G232)/'2016'!G232 -> 0.28599553 | I15: 68259 | J15: 32000 | K15: =(J15-'2016'!J232)/'2016'!J232 -> 0.0012828937 | L15: 32154
A16: T4 | B16: AI/AO/Host communication | C16: Interrupts | D16: 72780 | E16: =(D16-'2016'!D233)/'2016'!D233 -> 0.03130181 | F16: 73152 | G16: 66844 | H16: =(G16-'2016'!G233)/'2016'!G233 -> 0.32084494 | I16: 68540 | J16: 32583 | K16: =(J16-'2016'!J233)/'2016'!J233 -> 0.02866614 | L16: 32743
A17: Worst of 3 : 8108_sp_online_poll_no_smp_17.0d41
A19: PXIe-8108(NIC)1075,LVRT 17.0d80, NI-DAQmx16.0 (PXIe-6361,PXIe-6363) With SMP support
A20: Test | B20: Description | C20: I/O Mode | D20: Rate 1ch Min | E20: vs. LV 16.0,Dmx 15.5 | F20: Rate 1ch Max | G20: Rate 4ch Min | H20: vs. LV 16.0,Dmx 15.5 | I20: Rate 4ch Max | J20: Rate 16ch Min | K20: vs. LV 16.0,Dmx 15.5 | L20: Rate 16ch Max
A21: T1 | B21: AI / AO | C21: Polling | D21: 155038 | E21: =(D21-'2016'!D220)/'2016'!D220 -> 0.079065689 | F21: 164203 | G21: 110132 | H21: =(G21-'2016'!G220)/'2016'!G220 -> 0.10793437 | I21: 112107 | J21: 38402 | K21: =(J21-'2016'!J220)/'2016'!J220 -> 0.0080588004 | L21: 38595
A22: T2a | B22: AI/PID/AO | C22: Polling | D22: 143678 | E22: =(D22-'2016'!D221)/'2016'!D221 -> -0.031604063 | F22: 161812 | G22: 100401 | H22: =(G22-'2016'!G221)/'2016'!G221 -> 0.2098401 | I22: 104602 | J22: 36023 | K22: =(J22-'2016'!J221)/'2016'!J221 -> -0.002160605 | L22: 36337
A23: T2b | B23: AI/PID/AO | C23: Interrupts | D23: 61462 | E23: =(D23-'2016'!D222)/'2016'!D222 -> 0.0042974558 | F23: 63051 | G23: 55991 | H23: =(G23-'2016'!G222)/'2016'!G222 -> 0.31357185 | I23: 57012 | J23: 28498 | K23: =(J23-'2016'!J222)/'2016'!J222 -> 0.088624035 | L23: 28918
A24: T3 | B24: AI/AO/Local Logging | C24: Polling | D24: 120481 | E24: =(D24-'2016'!D223)/'2016'!D223 -> -0.11325615 | F24: 142045 | G24: 106382 | H24: =(G24-'2016'!G223)/'2016'!G223 -> 0.18403508 | I24: 107411 | J24: 35752 | K24: =(J24-'2016'!J223)/'2016'!J223 -> 0.0021302837 | L24: 36900
A25: T4 | B25: AI/AO/Host communication | C25: Polling | D25: 133155 | E25: =(D25-'2016'!D224)/'2016'!D224 -> 0.00399623 | F25: 136425 | G25: 99304 | H25: =(G25-'2016'!G224)/'2016'!G224 -> 0.12412411 | I25: 106723 | J25: 35701 | K25: =(J25-'2016'!J224)/'2016'!J224 -> 0.0046431787 | L25: 37721
A26: Worst of 3 : 8108_sp_online_poll_smp_17.0d80
A28: PXIe-8108 (NIC) 1075, LVRT 17.0d80, NI-DAQmx16.0 (PXIe-6361 and PXIe-6363) No SMP support
A29: Test | B29: Description | C29: I/O Mode | D29: Rate 1ch Min | E29: vs. LV 16.0,Dmx 15.5 | F29: Rate 1ch Max | G29: Rate 4ch Min | H29: vs. LV 16.0,Dmx 15.5 | I29: Rate 4ch Max | J29: Rate 16ch Min | K29: vs. LV 16.0,Dmx 15.5 | L29: Rate 16ch Max
A30: T1 | B30: AI / AO | C30: Polling | D30: 149253 | E30: =(D30-'2016'!D229)/'2016'!D229 -> 0.001489623 | F30: 149700 | G30: 99304 | H30: =(G30-'2016'!G229)/'2016'!G229 -> 0.055605753 | I30: 103626 | J30: 37050 | K30: =(J30-'2016'!J229)/'2016'!J229 -> 0.0048002604 | L30: 37216
A31: T2a | B31: AI/PID/AO | C31: Polling | D31: 146198 | E31: =(D31-'2016'!D230)/'2016'!D230 -> 0.024850511 | F31: 146198 | G31: 93370 | H31: =(G31-'2016'!G230)/'2016'!G230 -> 0.17179754 | I31: 94607 | J31: 34542 | K31: =(J31-'2016'!J230)/'2016'!J230 -> -0.0096619743 | L31: 34710
A32: T2b | B32: AI/PID/AO | C32: Interrupts | D32: 80580 | E32: =(D32-'2016'!D231)/'2016'!D231 -> 0.013699664 | F32: 84245 | G32: 69541 | H32: =(G32-'2016'!G231)/'2016'!G231 -> 0.33866559 | I32: 70972 | J32: 31545 | K32: =(J32-'2016'!J231)/'2016'!J231 -> -0.0034749645 | L32: 32154
A33: T3 | B33: AI/AO/Local Logging | C33: Interrupts | D33: 73909 | E33: =(D33-'2016'!D232)/'2016'!D232 -> 0.009603038 | F33: 75930 | G33: 65832 | H33: =(G33-'2016'!G232)/'2016'!G232 -> 0.24620452 | I33: 66755 | J33: 32268 | K33: =(J33-'2016'!J232)/'2016'!J232 -> 0.0096686379 | L33: 32310
A34: T4 | B34: AI/AO/Host communication | C34: Interrupts | D34: 72939 | E34: =(D34-'2016'!D233)/'2016'!D233 -> 0.03355486 | F34: 74515 | G34: 65746 | H34: =(G34-'2016'!G233)/'2016'!G233 -> 0.29914834 | I34: 67613 | J34: 32425 | K34: =(J34-'2016'!J233)/'2016'!J233 -> 0.023677979 | L34: 32583
A35: Worst of 3 : 8108_sp_online_poll_no_smp_17.0d80 | F35: T1 Cases were run again
A37: PXIe-8108(NIC)1075,LVRT 17.0d88, NI-DAQmx16.0 (PXIe-6361,PXIe-6363) With SMP support
A38: Test | B38: Description | C38: I/O Mode | D38: Rate 1ch Min | E38: vs. LV 16.0,Dmx 15.5 | F38: Rate 1ch Max | G38: Rate 4ch Min | H38: vs. LV 16.0,Dmx 15.5 | I38: Rate 4ch Max | J38: Rate 16ch Min | K38: vs. LV 16.0,Dmx 15.5 | L38: Rate 16ch Max
A39: T1 | B39: AI / AO | C39: Polling | D39: 170068 | E39: =(D39-'2016'!D220)/'2016'!D220 -> 0.18367461 | F39: 170648 | G39: 109051 | H39: =(G39-'2016'!G220)/'2016'!G220 -> 0.097059445 | I39: 110619 | J39: 38565 | K39: =(J39-'2016'!J220)/'2016'!J220 -> 0.012337577 | L39: 38925
A40: T2a | B40: AI/PID/AO | C40: Polling | D40: 165016 | E40: =(D40-'2016'!D221)/'2016'!D221 -> 0.11221498 | F40: 166666 | G40: 104058 | H40: =(G40-'2016'!G221)/'2016'!G221 -> 0.25390724 | I40: 104602 | J40: 36443 | K40: =(J40-'2016'!J221)/'2016'!J221 -> 0.0094734218 | L40: 36697
A41: T2b | B41: AI/PID/AO | C41: Interrupts | D41: 63051 | E41: =(D41-'2016'!D222)/'2016'!D222 -> 0.030261932 | F41: 63897 | G41: 55555 | H41: =(G41-'2016'!G222)/'2016'!G222 -> 0.30334311 | I41: 57471 | J41: 28457 | K41: =(J41-'2016'!J222)/'2016'!J222 -> 0.087057835 | L41: 28960
A42: T3 | B42: AI/AO/Local Logging | C42: Polling | D42: 150150 | E42: =(D42-'2016'!D223)/'2016'!D223 -> 0.1051086 | F42: 159235 | G42: 106951 | H42: =(G42-'2016'!G223)/'2016'!G223 -> 0.19036807 | I42: 108577 | J42: 37369 | K42: =(J42-'2016'!J223)/'2016'!J223 -> 0.047454872 | L42: 37735
A43: T4 | B43: AI/AO/Host communication | C43: Polling | D43: 137741 | E43: =(D43-'2016'!D224)/'2016'!D224 -> 0.038574929 | F43: 143266 | G43: 98522 | H43: =(G43-'2016'!G224)/'2016'!G224 -> 0.11527185 | I43: 106269 | J43: 37907 | K43: =(J43-'2016'!J224)/'2016'!J224 -> 0.066721072 | L43: 38095
A44: Worst of 3 : 8108_sp_online_poll_smp_17.0d88
A46: PXIe-8108 (NIC) 1075, LVRT 17.0d88, NI-DAQmx16.0 (PXIe-6361 and PXIe-6363) No SMP support
A47: Test | B47: Description | C47: I/O Mode | D47: Rate 1ch Min | E47: vs. LV 16.0,Dmx 15.5 | F47: Rate 1ch Max | G47: Rate 4ch Min | H47: vs. LV 16.0,Dmx 15.5 | I47: Rate 4ch Max | J47: Rate 16ch Min | K47: vs. LV 16.0,Dmx 15.5 | L47: Rate 16ch Max
A48: T1 | B48: AI / AO | C48: Polling | D48: 151745 | E48: =(D48-'2016'!D229)/'2016'!D229 -> 0.018210976 | F48: 154083 | G48: 109051 | H48: =(G48-'2016'!G229)/'2016'!G229 -> 0.15921678 | I48: 112612 | J48: 38744 | K48: =(J48-'2016'!J229)/'2016'!J229 -> 0.050741735 | L48: 39277
A49: T2a | B49: AI/PID/AO | C49: Polling | D49: 146198 | E49: =(D49-'2016'!D230)/'2016'!D230 -> 0.024850511 | F49: 146842 | G49: 93720 | H49: =(G49-'2016'!G230)/'2016'!G230 -> 0.17619006 | I49: 94966 | J49: 34602 | K49: =(J49-'2016'!J230)/'2016'!J230 -> -0.0079417414 | L49: 34710
A50: T2b | B50: AI/PID/AO | C50: Interrupts | D50: 82304 | E50: =(D50-'2016'!D231)/'2016'!D231 -> 0.035387654 | F50: 87336 | G50: 70372 | H50: =(G50-'2016'!G231)/'2016'!G231 -> 0.35466235 | I50: 71839 | J50: 32154 | K50: =(J50-'2016'!J231)/'2016'!J231 -> 0.015763702 | L50: 32583
A51: T3 | B51: AI/AO/Local Logging | C51: Interrupts | D51: 73475 | E51: =(D51-'2016'!D232)/'2016'!D232 -> 0.0036745622 | F51: 74906 | G51: 67159 | H51: =(G51-'2016'!G232)/'2016'!G232 -> 0.27132473 | I51: 68027 | J51: 32310 | K51: =(J51-'2016'!J232)/'2016'!J232 -> 0.010982822 | L51: 32425
A52: T4 | B52: AI/AO/Host communication | C52: Interrupts | D52: 72254 | E52: =(D52-'2016'!D233)/'2016'!D233 -> 0.023848323 | F52: 72780 | G52: 66312 | H52: =(G52-'2016'!G233)/'2016'!G233 -> 0.31033256 | I52: 68212 | J52: 32862 | K52: =(J52-'2016'!J233)/'2016'!J233 -> 0.037474349 | L52: 33025
A53: Worst of 3 : 8108_sp_online_poll_no_smp_17.0d88 | F53: T1 Cases were run again
A55: PXIe-8108(NIC)1075,LVRT 17.0a2, NI-DAQmx16.0 (PXIe-6361,PXIe-6363) With SMP support
A56: Test | B56: Description | C56: I/O Mode | D56: Rate 1ch Min | E56: vs. LV 16.0,Dmx 15.5 | F56: Rate 1ch Max | G56: Rate 4ch Min | H56: vs. LV 16.0,Dmx 15.5 | I56: Rate 4ch Max | J56: Rate 16ch Min | K56: vs. LV 16.0,Dmx 15.5 | L56: Rate 16ch Max
A57: T1 | B57: AI / AO | C57: Polling | D57: 165016 | E57: =(D57-'2016'!D220)/'2016'!D220 -> 0.14851265 | F57: 168067 | G57: 109051 | H57: =(G57-'2016'!G220)/'2016'!G220 -> 0.097059445 | I57: 112107 | J57: 38744 | K57: =(J57-'2016'!J220)/'2016'!J220 -> 0.017036356 | L57: 39093
A58: T2a | B58: AI/PID/AO | C58: Polling | D58: 155763 | E58: =(D58-'2016'!D221)/'2016'!D221 -> 0.04984936 | F58: 163398 | G58: 104058 | H58: =(G58-'2016'!G221)/'2016'!G221 -> 0.25390724 | I58: 104493 | J58: 34602 | K58: =(J58-'2016'!J221)/'2016'!J221 -> -0.041522396 | L58: 36536
A59: T2b | B59: AI/PID/AO | C59: Interrupts | D59: 62073 | E59: =(D59-'2016'!D222)/'2016'!D222 -> 0.014281279 | F59: 63091 | G59: 55897 | H59: =(G59-'2016'!G222)/'2016'!G222 -> 0.31136657 | I59: 58072 | J59: 28312 | K59: =(J59-'2016'!J222)/'2016'!J222 -> 0.081518833 | L59: 28587
A60: T3 | B60: AI/AO/Local Logging | C60: Polling | D60: 123762 | E60: =(D60-'2016'!D223)/'2016'!D223 -> -0.089107891 | F60: 155763 | G60: 96805 | H60: =(G60-'2016'!G223)/'2016'!G223 -> 0.077442764 | I60: 104275 | J60: 36023 | K60: =(J60-'2016'!J223)/'2016'!J223 -> 0.0097264267 | L60: 37735
A61: T4 | B61: AI/AO/Host communication | C61: Polling | D61: 134770 | E61: =(D61-'2016'!D224)/'2016'!D224 -> 0.016173421 | F61: 138696 | G61: 102459 | H61: =(G61-'2016'!G224)/'2016'!G224 -> 0.1598388 | I61: 103626 | J61: 37721 | K61: =(J61-'2016'!J224)/'2016'!J224 -> 0.061486943 | L61: 37764
A62: Worst of 3 : 8108_sp_online_poll_smp_17.0a2
A64: PXIe-8108 (NIC) 1075, LVRT 17.0a2, NI-DAQmx16.0 (PXIe-6361 and PXIe-6363) No SMP support
A65: Test | B65: Description | C65: I/O Mode | D65: Rate 1ch Min | E65: vs. LV 16.0,Dmx 15.5 | F65: Rate 1ch Max | G65: Rate 4ch Min | H65: vs. LV 16.0,Dmx 15.5 | I65: Rate 4ch Max | J65: Rate 16ch Min | K65: vs. LV 16.0,Dmx 15.5 | L65: Rate 16ch Max
A66: T1 | B66: AI / AO | C66: Polling | D66: 149925 | E66: =(D66-'2016'!D229)/'2016'!D229 -> 0.0059987519 | F66: 153374 | G66: 99304 | H66: =(G66-'2016'!G229)/'2016'!G229 -> 0.055605753 | I66: 103626 | J66: 36724 | K66: =(J66-'2016'!J229)/'2016'!J229 -> -0.0040408971 | L66: 36900
A67: T2a | B67: AI/PID/AO | C67: Polling | D67: 143678 | E67: =(D67-'2016'!D230)/'2016'!D230 -> 0.0071852677 | F67: 149253 | G67: 93196 | H67: =(G67-'2016'!G230)/'2016'!G230 -> 0.16961384 | I67: 95057 | J67: 34036 | K67: =(J67-'2016'!J230)/'2016'!J230 -> -0.024169271 | L67: 34317
A68: T2b | B68: AI/PID/AO | C68: Interrupts | D68: 83263 | E68: =(D68-'2016'!D231)/'2016'!D231 -> 0.047451913 | F68: 87796 | G68: 71377 | H68: =(G68-'2016'!G231)/'2016'!G231 -> 0.37400862 | I68: 71633 | J68: 32425 | K68: =(J68-'2016'!J231)/'2016'!J231 -> 0.024324751 | L68: 32883
A69: T3 | B69: AI/AO/Local Logging | C69: Interrupts | D69: 73800 | E69: =(D69-'2016'!D232)/'2016'!D232 -> 0.008114089 | F69: 75301 | G69: 66137 | H69: =(G69-'2016'!G232)/'2016'!G232 -> 0.25197819 | I69: 67796 | J69: 32113 | K69: =(J69-'2016'!J232)/'2016'!J232 -> 0.0048186739 | L69: 32268
A70: T4 | B70: AI/AO/Host communication | C70: Interrupts | D70: 72254 | E70: =(D70-'2016'!D233)/'2016'!D233 -> 0.023848323 | F70: 73421 | G70: 65746 | H70: =(G70-'2016'!G233)/'2016'!G233 -> 0.29914834 | I70: 67934 | J70: 32583 | K70: =(J70-'2016'!J233)/'2016'!J233 -> 0.02866614 | L70: 32862
A71: Worst of 3 : 8108_sp_online_poll_no_smp_17.0a2
A72: PXIe-8108(NIC)1075,LVRT 17.0a8, NI-DAQmx16.0 (PXIe-6361,PXIe-6363) With SMP support
A73: Test | B73: Description | C73: I/O Mode | D73: Rate 1ch Min | E73: vs. LV 16.0,Dmx 15.5 | F73: Rate 1ch Max | G73: Rate 4ch Min | H73: vs. LV 16.0,Dmx 15.5 | I73: Rate 4ch Max | J73: Rate 16ch Min | K73: vs. LV 16.0,Dmx 15.5 | L73: Rate 16ch Max
A74: T1 | B74: AI / AO | C74: Polling | D74: 167224 | E74: =(D74-'2016'!D220)/'2016'!D220 -> 0.16388034 | F74: 169491 | G74: 105820 | H74: =(G74-'2016'!G220)/'2016'!G220 -> 0.064555396 | I74: 112485 | J74: 36900 | K74: =(J74-'2016'!J220)/'2016'!J220 -> -0.031368946 | L74: 38729
A75: T2a | B75: AI/PID/AO | C75: Polling | D75: 163398 | E75: =(D75-'2016'!D221)/'2016'!D221 -> 0.10130959 | F75: 163398 | G75: 101626 | H75: =(G75-'2016'!G221)/'2016'!G221 -> 0.22460144 | I75: 104166 | J75: 36179 | K75: =(J75-'2016'!J221)/'2016'!J221 -> 0.002160605 | L75: 36443
A76: T2b | B76: AI/PID/AO | C76: Interrupts | D76: 64184 | E76: =(D76-'2016'!D222)/'2016'!D222 -> 0.048775307 | F76: 64516 | G76: 55897 | H76: =(G76-'2016'!G222)/'2016'!G222 -> 0.31136657 | I76: 58892 | J76: 28498 | K76: =(J76-'2016'!J222)/'2016'!J222 -> 0.088624035 | L76: 28587
A77: T3 | B77: AI/AO/Local Logging | C77: Polling | D77: 146198 | E77: =(D77-'2016'!D223)/'2016'!D223 -> 0.076021756 | F77: 155038 | G77: 104931 | H77: =(G77-'2016'!G223)/'2016'!G223 -> 0.16788541 | I77: 108342 | J77: 36023 | K77: =(J77-'2016'!J223)/'2016'!J223 -> 0.0097264267 | L77: 37551
A78: T4 | B78: AI/AO/Host communication | C78: Polling | D78: Err | E78: =(D78-'2016'!D224)/'2016'!D224 -> #VALUE! | F78: Err | G78: Err | H78: =(G78-'2016'!G224)/'2016'!G224 -> #VALUE! | I78: Err | J78: Err | K78: =(J78-'2016'!J224)/'2016'!J224 -> #VALUE! | L78: Err
A79: Worst of 3 : 8108_sp_online_poll_smp_17.0a8
A81: PXIe-8108 (NIC) 1075, LVRT 17.0a8, NI-DAQmx16.0 (PXIe-6361 and PXIe-6363) No SMP support
A82: Test | B82: Description | C82: I/O Mode | D82: Rate 1ch Min | E82: vs. LV 16.0,Dmx 15.5 | F82: Rate 1ch Max | G82: Rate 4ch Min | H82: vs. LV 16.0,Dmx 15.5 | I82: Rate 4ch Max | J82: Rate 16ch Min | K82: vs. LV 16.0,Dmx 15.5 | L82: Rate 16ch Max
A83: T1 | B83: AI / AO | C83: Polling | D83: 149031 | E83: =(D83-'2016'!D229)/'2016'!D229 -> 0 | F83: 152439 | G83: 101626 | H83: =(G83-'2016'!G229)/'2016'!G229 -> 0.080288712 | I83: 103199 | J83: 36536 | K83: =(J83-'2016'!J229)/'2016'!J229 -> -0.0091394788 | L83: 36710
A84: T2a | B84: AI/PID/AO | C84: Polling | D84: 145560 | E84: =(D84-'2016'!D230)/'2016'!D230 -> 0.02037812 | F84: 146842 | G84: 92506 | H84: =(G84-'2016'!G230)/'2016'!G230 -> 0.16095431 | I84: 92936 | J84: 34879 | K84: =(J84-'2016'!J230)/'2016'!J230 -> 0 | L84: 34879
A85: T2b | B85: AI/PID/AO | C85: Interrupts | D85: 86956 | E85: =(D85-'2016'!D231)/'2016'!D231 -> 0.093910002 | F85: 89047 | G85: 71890 | H85: =(G85-'2016'!G231)/'2016'!G231 -> 0.38388388 | I85: 72150 | J85: 32113 | K85: =(J85-'2016'!J231)/'2016'!J231 -> 0.014468488 | L85: 32722
A86: T3 | B86: AI/AO/Local Logging | C86: Interrupts | D86: 75244 | E86: =(D86-'2016'!D232)/'2016'!D232 -> 0.027839248 | F86: 76335 | G86: 68540 | H86: =(G86-'2016'!G232)/'2016'!G232 -> 0.29746716 | I86: 69108 | J86: 32404 | K86: =(J86-'2016'!J232)/'2016'!J232 -> 0.01392409 | L86: 32425
A87: T4 | B87: AI/AO/Host communication | C87: Interrupts | D87: 73964 | E87: =(D87-'2016'!D233)/'2016'!D233 -> 0.048079239 | F87: 74515 | G87: 67159 | H87: =(G87-'2016'!G233)/'2016'!G233 -> 0.32706938 | I87: 69108 | J87: 32862 | K87: =(J87-'2016'!J233)/'2016'!J233 -> 0.037474349 | L87: 33025
A88: Worst of 3 : 8108_sp_online_poll_no_smp_17.0a8
A90: PXIe-8108(NIC)1075,LVRT 17.0a14, NI-DAQmx16.0 (PXIe-6361,PXIe-6363) With SMP support
A91: Test | B91: Description | C91: I/O Mode | D91: Rate 1ch Min | E91: vs. LV 16.0,Dmx 15.5 | F91: Rate 1ch Max | G91: Rate 4ch Min | H91: vs. LV 16.0,Dmx 15.5 | I91: Rate 4ch Max | J91: Rate 16ch Min | K91: vs. LV 16.0,Dmx 15.5 | L91: Rate 16ch Max
A92: T1 | B92: AI / AO | C92: Polling | D92: 168634 | E92: =(D92-'2016'!D220)/'2016'!D220 -> 0.17369395 | F92: 173010 | G92: 110011 | H92: =(G92-'2016'!G220)/'2016'!G220 -> 0.1067171 | I92: 112994 | J92: 38565 | K92: =(J92-'2016'!J220)/'2016'!J220 -> 0.012337577 | L92: 39108
A93: T2a | B93: AI/PID/AO | C93: Polling | D93: 160000 | E93: =(D93-'2016'!D221)/'2016'!D221 -> 0.078406923 | F93: 165837 | G93: 82987 | H93: =(G93-'2016'!G221)/'2016'!G221 -> 0 | I93: 104931 | J93: 36179 | K93: =(J93-'2016'!J221)/'2016'!J221 -> 0.002160605 | L93: 36536
A94: T2b | B94: AI/PID/AO | C94: Interrupts | D94: 63051 | E94: =(D94-'2016'!D222)/'2016'!D222 -> 0.030261932 | F94: 63051 | G94: 55187 | H94: =(G94-'2016'!G222)/'2016'!G222 -> 0.29470968 | I94: 57537 | J94: 28595 | K94: =(J94-'2016'!J222)/'2016'!J222 -> 0.092329437 | L94: 28960
A95: T3 | B95: AI/AO/Local Logging | C95: Polling | D95: 147058 | E95: =(D95-'2016'!D223)/'2016'!D223 -> 0.082351383 | F95: 157728 | G95: 103305 | H95: =(G95-'2016'!G223)/'2016'!G223 -> 0.14978797 | I95: 108342 | J95: 36443 | K95: =(J95-'2016'!J223)/'2016'!J223 -> 0.021499047 | L95: 37397
A96: T4 | B96: AI/AO/Host communication | C96: Polling | D96: 135501 | E96: =(D96-'2016'!D224)/'2016'!D224 -> 0.021685203 | F96: 141442 | G96: 102354 | H96: =(G96-'2016'!G224)/'2016'!G224 -> 0.1586502 | I96: 105820 | J96: 37411 | K96: =(J96-'2016'!J224)/'2016'!J224 -> 0.052763395 | L96: 38095
A97: Worst of 3 : 8108_sp_online_poll_smp_17.0a14
A99: PXIe-8108 (NIC) 1075, LVRT 17.0a14, NI-DAQmx16.0 (PXIe-6361 and PXIe-6363) No SMP support
A100: Test | B100: Description | C100: I/O Mode | D100: Rate 1ch Min | E100: vs. LV 16.0,Dmx 15.5 | F100: Rate 1ch Max | G100: Rate 4ch Min | H100: vs. LV 16.0,Dmx 15.5 | I100: Rate 4ch Max | J100: Rate 16ch Min | K100: vs. LV 16.0,Dmx 15.5 | L100: Rate 16ch Max
A101: T1 | B101: AI / AO | C101: Polling | D101: 149925 | E101: =(D101-'2016'!D229)/'2016'!D229 -> 0.0059987519 | F101: 151285 | G101: 103305 | H101: =(G101-'2016'!G229)/'2016'!G229 -> 0.098136554 | I101: 104602 | J101: 36873 | K101: =(J101-'2016'!J229)/'2016'!J229 -> 0 | L101: 37216
A102: T2a | B102: AI/PID/AO | C102: Polling | D102: 146842 | E102: =(D102-'2016'!D230)/'2016'!D230 -> 0.029364963 | F102: 147492 | G102: 92936 | H102: =(G102-'2016'!G230)/'2016'!G230 -> 0.16635082 | I102: 95419 | J102: 34435 | K102: =(J102-'2016'!J230)/'2016'!J230 -> -0.012729723 | L102: 34710
A103: T2b | B103: AI/PID/AO | C103: Interrupts | D103: 82644 | E103: =(D103-'2016'!D231)/'2016'!D231 -> 0.039664868 | F103: 85616 | G103: 69930 | H103: =(G103-'2016'!G231)/'2016'!G231 -> 0.34615385 | I103: 70972 | J103: 32020 | K103: =(J103-'2016'!J231)/'2016'!J231 -> 0.011530564 | L103: 32310
A104: T3 | B104: AI/AO/Local Logging | C104: Interrupts | D104: 73206 | E104: =(D104-'2016'!D232)/'2016'!D232 -> 0 | F104: 74183 | G104: 66755 | H104: =(G104-'2016'!G232)/'2016'!G232 -> 0.26367698 | I104: 67385 | J104: 31959 | K104: =(J104-'2016'!J232)/'2016'!J232 -> 0 | L104: 32000
A105: T4 | B105: AI/AO/Host communication | C105: Interrupts | D105: 70821 | E105: =(D105-'2016'!D233)/'2016'!D233 -> 0.0035425316 | F105: 71942 | G105: 65231 | H105: =(G105-'2016'!G233)/'2016'!G233 -> 0.28897188 | I105: 65530 | J105: 31675 | K105: =(J105-'2016'!J233)/'2016'!J233 -> 0 | L105: 32583
A106: Worst of 3 : 8108_sp_online_poll_no_smp_17.0a14
A107: PXIe-8108(NIC)1075,LVRT 17.0a21, NI-DAQmx16.0 (PXIe-6361,PXIe-6363) With SMP support
A108: Test | B108: Description | C108: I/O Mode | D108: Rate 1ch Min | E108: vs. LV 16.0,Dmx 15.5 | F108: Rate 1ch Max | G108: Rate 4ch Min | H108: vs. LV 16.0,Dmx 15.5 | I108: Rate 4ch Max | J108: Rate 16ch Min | K108: vs. LV 16.0,Dmx 15.5 | L108: Rate 16ch Max
A109: T1 | B109: AI / AO | C109: Polling | D109: 161550 | E109: =(D109-'2016'!D220)/'2016'!D220 -> 0.12438926 | F109: 171232 | G109: 107181 | H109: =(G109-'2016'!G220)/'2016'!G220 -> 0.078247135 | I109: 112612 | J109: 37735 | K109: =(J109-'2016'!J220)/'2016'!J220 -> -0.0094500591 | L109: 39108
A110: T2a | B110: AI/PID/AO | C110: Polling | D110: 163398 | E110: =(D110-'2016'!D221)/'2016'!D221 -> 0.10130959 | F110: 168634 | G110: 103199 | H110: =(G110-'2016'!G221)/'2016'!G221 -> 0.24355622 | I110: 104931 | J110: 36179 | K110: =(J110-'2016'!J221)/'2016'!J221 -> 0.002160605 | L110: 36697
...

Sheet 2018
A1: PXIe-8108(NIC)1075,LVRT 18.0a2, NI-DAQmx17.0.0 (PXIe-6361,PXIe-6363) With SMP support
A2: Test | B2: Description | C2: I/O Mode | D2: Rate 1ch Min | E2: vs. LV 17.0,Dmx 17.0 | F2: Rate 1ch Max | G2: Rate 4ch Min | H2: vs. LV 17.0,Dmx 17.0 | I2: Rate 4ch Max | J2: Rate 16ch Min | K2: vs. LV 17.0,Dmx 17.0 | L2: Rate 16ch Max
A3: T1 | B3: AI / AO | C3: Polling | D3: 167224 | E3: =(D3-'2017'!D330)/'2017'!D330 -> 0.086957087 | F3: 171232 | G3: 111607 | H3: =(G3-'2017'!G330)/'2017'!G330 -> 0.0055862398 | I3: 111982 | J3: 38925 | K3: =(J3-'2017'!J330)/'2017'!J330 -> 0.019459431 | L3: 38925
A4: T2a | B4: AI/PID/AO | C4: Polling | D4: 161030 | E4: =(D4-'2017'!D331)/'2017'!D331 -> 0.21417531 | F4: 167224 | G4: 102459 | H4: =(G4-'2017'!G331)/'2017'!G331 -> -0.023558338 | I4: 103734 | J4: 35676 | K4: =(J4-'2017'!J331)/'2017'!J331 -> -0.023538428 | L4: 36710
A5: T2b | B5: AI/PID/AO | C5: Interrupts | D5: 63572 | E5: =(D5-'2017'!D332)/'2017'!D332 -> 0.0089032074 | F5: 65019 | G5: 57012 | H5: =(G5-'2017'!G332)/'2017'!G332 -> 0.010259954 | I5: 57471 | J5: 28735 | K5: =(J5-'2017'!J332)/'2017'!J332 -> 0.011475237 | L5: 28960
A6: T3 | B6: AI/AO/Local Logging | C6: Polling | D6: 151515 | E6: =(D6-'2017'!D333)/'2017'!D333 -> 0.11515504 | F6: 156494 | G6: 103734 | H6: =(G6-'2017'!G333)/'2017'!G333 -> -0.04045954 | I6: 106951 | J6: 35752 | K6: =(J6-'2017'!J333)/'2017'!J333 -> -0.026096431 | L6: 37551
A7: T4 | B7: AI/AO/Host communication | C7: Polling | D7: 134408 | E7: =(D7-'2017'!D334)/'2017'!D334 -> 0.04569997 | F7: 141242 | G7: 96805 | H7: =(G7-'2017'!G334)/'2017'!G334 -> -0.077441366 | I7: 103734 | J7: 37579 | K7: =(J7-'2017'!J334)/'2017'!J334 -> 0.0097538693 | L7: 37764
A8: Worst of 3 : 8108_sp_online_poll_smp_18.0a2
A10: PXIe-8108 (NIC) 1075, LVRT 18.0a2, NI-DAQmx17.0.0 (PXIe-6361 and PXIe-6363) No SMP support
A11: Test | B11: Description | C11: I/O Mode | D11: Rate 1ch Min | E11: vs. LV 17.0,Dmx 17.0 | F11: Rate 1ch Max | G11: Rate 4ch Min | H11: vs. LV 17.0,Dmx 17.0 | I11: Rate 4ch Max | J11: Rate 16ch Min | K11: vs. LV 17.0,Dmx 17.0 | L11: Rate 16ch Max
A12: T1 | B12: AI / AO | C12: Polling | D12: 145772 | E12: =(D12-'2017'!D339)/'2017'!D339 -> -0.043735527 | F12: 147710 | G12: 99304 | H12: =(G12-'2017'!G339)/'2017'!G339 -> -0.053625716 | I12: 103199 | J12: 36697 | K12: =(J12-'2017'!J339)/'2017'!J339 -> -0.0091800092 | L12: 37216
A13: T2a | B13: AI/PID/AO | C13: Polling | D13: 142450 | E13: =(D13-'2017'!D340)/'2017'!D340 -> -0.02136576 | F13: 145137 | G13: 91575 | H13: =(G13-'2017'!G340)/'2017'!G340 -> -0.0091537638 | I13: 93720 | J13: 34602 | K13: =(J13-'2017'!J340)/'2017'!J340 -> 0.0083049218 | L13: 35001
A14: T2b | B14: AI/PID/AO | C14: Interrupts | D14: 81833 | E14: =(D14-'2017'!D341)/'2017'!D341 -> -0.022912886 | F14: 83333 | G14: 67159 | H14: =(G14-'2017'!G341)/'2017'!G341 -> -0.064468497 | I14: 70821 | J14: 32113 | K14: =(J14-'2017'!J341)/'2017'!J341 -> 0.00353125 | L14: 32583
A15: T3 | B15: AI/AO/Local Logging | C15: Interrupts | D15: 72833 | E15: =(D15-'2017'!D342)/'2017'!D342 -> -0.023306647 | F15: 73529 | G15: 66137 | H15: =(G15-'2017'!G342)/'2017'!G342 -> -0.018520442 | I15: 66445 | J15: 32000 | K15: =(J15-'2017'!J342)/'2017'!J342 -> -0.0083054419 | L15: 32154
A16: T4 | B16: AI/AO/Host communication | C16: Interrupts | D16: 70972 | E16: =(D16-'2017'!D343)/'2017'!D343 -> -0.029097525 | F16: 71326 | G16: 66979 | H16: =(G16-'2017'!G343)/'2017'!G343 -> 0.014741084 | I16: 67385 | J16: 32133 | K16: =(J16-'2017'!J343)/'2017'!J343 -> -0.021200768 | L16: 32268
A17: Worst of 3 : 8108_sp_online_poll_no_smp_18.0a2
A18: PXIe-8108(NIC)1075,LVRT 18.0a11, NI-DAQmx17.0.0 (PXIe-6361,PXIe-6363) With SMP support
A19: Test | B19: Description | C19: I/O Mode | D19: Rate 1ch Min | E19: vs. LV 17.0,Dmx 17.0 | F19: Rate 1ch Max | G19: Rate 4ch Min | H19: vs. LV 17.0,Dmx 17.0 | I19: Rate 4ch Max | J19: Rate 16ch Min | K19: vs. LV 17.0,Dmx 17.0 | L19: Rate 16ch Max
A20: T1 | B20: AI / AO | C20: Polling | D20: 153139 | E20: =(D20-'2017'!D330)/'2017'!D330 -> -0.0045955046 | F20: 168634 | G20: 110011 | H20: =(G20-'2017'!G330)/'2017'!G330 -> -0.0087938227 | I20: 112612 | J20: 38595 | K20: =(J20-'2017'!J330)/'2017'!J330 -> 0.010816615 | L20: 39108
A21: T2a | B21: AI/PID/AO | C21: Polling | D21: 161290 | E21: =(D21-'2017'!D331)/'2017'!D331 -> 0.21613572 | F21: 162866 | G21: 102040 | H21: =(G21-'2017'!G331)/'2017'!G331 -> -0.027551439 | I21: 104931 | J21: 36536 | K21: =(J21-'2017'!J331)/'2017'!J331 -> 0 | L21: 36873
A22: T2b | B22: AI/PID/AO | C22: Interrupts | D22: 63331 | E22: =(D22-'2017'!D332)/'2017'!D332 -> 0.0050784784 | F22: 63613 | G22: 57110 | H22: =(G22-'2017'!G332)/'2017'!G332 -> 0.011996527 | I22: 57937 | J22: 28409 | K22: =(J22-'2017'!J332)/'2017'!J332 -> 0 | L22: 28918
A23: T3 | B23: AI/AO/Local Logging | C23: Polling | D23: 148809 | E23: =(D23-'2017'!D333)/'2017'!D333 -> 0.095238796 | F23: 154320 | G23: 105596 | H23: =(G23-'2017'!G333)/'2017'!G333 -> -0.023236023 | I23: 107181 | J23: 36724 | K23: =(J23-'2017'!J333)/'2017'!J333 -> 0.00038136747 | L23: 37735
A24: T4 | B24: AI/AO/Host communication | C24: Polling | D24: 129533 | E24: =(D24-'2017'!D334)/'2017'!D334 -> 0.0077722626 | F24: 136425 | G24: 105042 | H24: =(G24-'2017'!G334)/'2017'!G334 -> 0.001057838 | I24: 105820 | J24: 37721 | K24: =(J24-'2017'!J334)/'2017'!J334 -> 0.013569433 | L24: 37950
A25: Worst of 3 : 8108_sp_online_poll_smp_18.0a11
A27: PXIe-8108 (NIC) 1075, LVRT 18.0a11, NI-DAQmx17.0.0 (PXIe-6361 and PXIe-6363) No SMP support
A28: Test | B28: Description | C28: I/O Mode | D28: Rate 1ch Min | E28: vs. LV 17.0,Dmx 17.0 | F28: Rate 1ch Max | G28: Rate 4ch Min | H28: vs. LV 17.0,Dmx 17.0 | I28: Rate 4ch Max | J28: Rate 16ch Min | K28: vs. LV 17.0,Dmx 17.0 | L28: Rate 16ch Max
A29: T1 | B29: AI / AO | C29: Polling | D29: 149253 | E29: =(D29-'2017'!D339)/'2017'!D339 -> -0.020900163 | F29: 153139 | G29: 102459 | H29: =(G29-'2017'!G339)/'2017'!G339 -> -0.023558338 | I29: 103626 | J29: 37050 | K29: =(J29-'2017'!J339)/'2017'!J339 -> 0.00035100035 | L29: 37216
A30: T2a | B30: AI/PID/AO | C30: Polling | D30: 145137 | E30: =(D30-'2017'!D340)/'2017'!D340 -> -0.0029060181 | F30: 147928 | G30: 92506 | H30: =(G30-'2017'!G340)/'2017'!G340 -> 0.0009197044 | I30: 94161 | J30: 34435 | K30: =(J30-'2017'!J340)/'2017'!J340 -> 0.003438529 | L30: 34542
A31: T2b | B31: AI/PID/AO | C31: Interrupts | D31: 84175 | E31: =(D31-'2017'!D341)/'2017'!D341 -> 0.0050506257 | F31: 84745 | G31: 71839 | H31: =(G31-'2017'!G341)/'2017'!G341 -> 0.00072436514 | I31: 72150 | J31: 32404 | K31: =(J31-'2017'!J341)/'2017'!J341 -> 0.012625 | L31: 32425
A32: T3 | B32: AI/AO/Local Logging | C32: Interrupts | D32: 75187 | E32: =(D32-'2017'!D342)/'2017'!D342 -> 0.0082605839 | F32: 75585 | G32: 67613 | H32: =(G32-'2017'!G342)/'2017'!G342 -> 0.0033835423 | I32: 68027 | J32: 32154 | K32: =(J32-'2017'!J342)/'2017'!J342 -> -0.0035329119 | L32: 32425
A33: T4 | B33: AI/AO/Host communication | C33: Interrupts | D33: 36900 | E33: =(D33-'2017'!D343)/'2017'!D343 -> -0.49520513 | F33: 72463 | G33: 8532 | H33: =(G33-'2017'!G343)/'2017'!G343 -> -0.87073902 | I33: 65703 | J33: 7112 | K33: =(J33-'2017'!J343)/'2017'!J343 -> -0.78336227 | L33: 32541
A34: Worst of 3 : 8108_sp_online_poll_no_smp_18.0a11
A35: PXIe-8108(NIC)1075,LVRT 18.0b0, NI-DAQmx17.0.0 (PXIe-6361,PXIe-6363) With SMP support
A36: Test | B36: Description | C36: I/O Mode | D36: Rate 1ch Min | E36: vs. LV 17.0,Dmx 17.0 | F36: Rate 1ch Max | G36: Rate 4ch Min | H36: vs. LV 17.0,Dmx 17.0 | I36: Rate 4ch Max | J36: Rate 16ch Min | K36: vs. LV 17.0,Dmx 17.0 | L36: Rate 16ch Max
