Workbook
Name _9068: Test_Data_2017a17!$A$1:$N$61

Sheet 9068 Regression
B1: Average CPU Usage (%)
A2: Loop Rate (Hz) | B2: 2012 | C2: 2013 | D2: 2014a | E2: 2014rc | F2: 2014 | G2: 2015b64 | H2: 2015rc1 | I2: 2016b55 | J2: 2016b59 | K2: 2016 | L2: 2017a17 | M2: 2017b6 | N2: 2017 | O2: 2018b10 | P2: 2018rc1 | Q2: 2019b27 | R2: 2019 | S2: ='20.0b14 mean calculation'!P1 -> 2020 b14 | T2: ='20.0b78 mean calculation'!P1 -> 2020 b78
A3: 100 | B3: 4.975 | C3: 5.5 | D3: 5.305 | E3: 10.88 | F3: 8.14 | G3: 7.665 | H3: 9.39 | I3: 8.835 | J3: 7.955 | K3: 7.305 | L3: 9.295 | M3: 7.915 | N3: 13.75 | O3: 8.755 | P3: 8.56 | Q3: 9.215 | R3: 9.585 | S3: ='20.0b14 mean calculation'!Q2 -> 10.4 | T3: ='20.0b78 mean calculation'!Q2 -> 8.765
A4: =A3+100 -> 200 | B4: 8.27 | C4: 8.495 | D4: 7.95 | E4: 11.56 | F4: 12.2 | G4: 9.23 | H4: 9.82 | I4: 10.06 | J4: 9.92 | K4: 9.75 | L4: 11.105 | M4: 9.725 | N4: 10.285 | O4: 9.17 | P4: 9.325 | Q4: 10.115 | R4: 10.15 | S4: ='20.0b14 mean calculation'!Q3 -> 10.81 | T4: ='20.0b78 mean calculation'!Q3 -> 10.18
A5: =A4+100 -> 300 | B5: 10.75 | C5: 11.595 | D5: 10.755 | E5: 14.355 | F5: 14.085 | G5: 11.25 | H5: 11.595 | I5: 12.44 | J5: 12.1 | K5: 11.72 | L5: 14.01 | M5: 11.98 | N5: 12.245 | O5: 11.295 | P5: 11.525 | Q5: 12.245 | R5: 12.33 | S5: ='20.0b14 mean calculation'!Q4 -> 13.03 | T5: ='20.0b78 mean calculation'!Q4 -> 12.33
A6: =A5+100 -> 400 | B6: 14.605 | C6: 14.83 | D6: 13.615 | E6: 17.925 | F6: 16.46 | G6: 13.285 | H6: 13.7 | I6: 14.695 | J6: 14.78 | K6: 13.63 | L6: 16.12 | M6: 14.2 | N6: 14.155 | O6: 13.27 | P6: 13.275 | Q6: 14.22 | R6: 14.435 | S6: ='20.0b14 mean calculation'!Q5 -> 15.405 | T6: ='20.0b78 mean calculation'!Q5 -> 14.315
A7: =A6+100 -> 500 | B7: 17.805 | C7: 17.975 | D7: 16.58 | E7: 18.94 | F7: 17.965 | G7: 16.775 | H7: 15.84 | I7: 17.12 | J7: 16.8 | K7: 17.04 | L7: 18.305 | M7: 16.505 | N7: 16.44 | O7: 16.005 | P7: 16.605 | Q7: 16.78 | R7: 17.09 | S7: ='20.0b14 mean calculation'!Q6 -> 17.975 | T7: ='20.0b78 mean calculation'!Q6 -> 16.43
A8: =A7+100 -> 600 | B8: 21.04 | C8: 19.59 | D8: 18.995 | E8: 22.6 | F8: 20.245 | G8: 17.775 | H8: 17.995 | I8: 19.35 | J8: 20.77 | K8: 19.115 | L8: 20.955 | M8: 18.835 | N8: 18.71 | O8: 18.145 | P8: 18.22 | Q8: 19.255 | R8: 19.345 | S8: ='20.0b14 mean calculation'!Q7 -> 20.875 | T8: ='20.0b78 mean calculation'!Q7 -> 19.535
A9: =A8+100 -> 700 | B9: 24.195 | C9: 24.23 | D9: 21.715 | E9: 23.46 | F9: 22.79 | G9: 19.83 | H9: 20.22 | I9: 22.65 | J9: 23.14 | K9: 20.69 | L9: 22.29 | M9: 20.985 | N9: 20.745 | O9: 20.655 | P9: 21.385 | Q9: 21.595 | R9: 21.745 | S9: ='20.0b14 mean calculation'!Q8 -> 22.26 | T9: ='20.0b78 mean calculation'!Q8 -> 22.09
A10: =A9+100 -> 800 | B10: 27.605 | C10: 27.37 | D10: 23.42 | E10: 27.285 | F10: 25.43 | G10: 22.425 | H10: 22.22 | I10: 24.14 | J10: 23.79 | K10: 23.115 | L10: 24.935 | M10: 23.17 | N10: 23.205 | O10: 22.485 | P10: 22.78 | Q10: 23.755 | R10: 23.77 | S10: ='20.0b14 mean calculation'!Q9 -> 24.88 | T10: ='20.0b78 mean calculation'!Q9 -> 24.2
A11: =A10+100 -> 900 | B11: 29.565 | C11: 30.305 | D11: 27.545 | E11: 29.435 | F11: 27.535 | G11: 24.06 | H11: 24.4 | I11: 26.51 | J11: 26.3 | K11: 25.175 | L11: 26.46 | M11: 25.365 | N11: 25.48 | O11: 24.48 | P11: 25.45 | Q11: 26.075 | R11: 26 | S11: ='20.0b14 mean calculation'!Q10 -> 26.71 | T11: ='20.0b78 mean calculation'!Q10 -> 26.46
A12: =A11+100 -> 1000 | B12: 30.525 | C12: 30.115 | D12: 30.295 | E12: 32.18 | F12: 30.2 | G12: 25.885 | H12: 26.495 | I12: 28.97 | J12: 28.37 | K12: 26.74 | L12: 28.755 | M12: 27.41 | N12: 27.355 | O12: 26.625 | P12: 27.565 | Q12: 28.27 | R12: 28.16 | S12: ='20.0b14 mean calculation'!Q11 -> 28.935 | T12: ='20.0b78 mean calculation'!Q11 -> 28.27
A13: =A12+100 -> 1100 | B13: 32.01 | C13: 32.74 | D13: 29.14 | E13: 32.47 | F13: 33.36 | G13: 28.435 | H13: 30.25 | I13: 31.07 | J13: 30.855 | K13: 29.85 | L13: 30.93 | M13: 29.83 | N13: 29.85 | O13: 28.85 | P13: 29.52 | Q13: 29.995 | R13: 30.22 | S13: ='20.0b14 mean calculation'!Q12 -> 31.05 | T13: ='20.0b78 mean calculation'!Q12 -> 30.605
A14: =A13+100 -> 1200 | B14: 34.925 | C14: 35.505 | D14: 32.115 | E14: 37.365 | F14: 36.03 | G14: 30.765 | H14: 30.93 | I14: 33.895 | J14: 35.215 | K14: 32.01 | L14: 33.705 | M14: 32.155 | N14: 31.965 | O14: 31.21 | P14: 31.995 | Q14: 32.27 | R14: 32.775 | S14: ='20.0b14 mean calculation'!Q13 -> 33.395 | T14: ='20.0b78 mean calculation'!Q13 -> 32.835
A15: =A14+100 -> 1300 | B15: 37.55 | C15: 37.935 | D15: 34.68 | E15: 39.61 | F15: 37.975 | G15: 32.75 | H15: 34.63 | I15: 36.04 | J15: 38.455 | K15: 33.82 | L15: 36.01 | M15: 33.5 | N15: 34.155 | O15: 33.415 | P15: 33.71 | Q15: 34.39 | R15: 35.215 | S15: ='20.0b14 mean calculation'!Q14 -> 35.61 | T15: ='20.0b78 mean calculation'!Q14 -> 35.34
... A18: =A17+100 -> 1600 | B18: 46.125 | C18: 46.905 | D18: 41.27 | E18: 48.33 | F18: 46.52 | G18: 38.345 | H18: 41.41 | I18: 43.965 | J18: 43.06 | K18: 41.445 | L18: 42.675 | M18: 41.01 | N18: 43.08 | O18: 40.52 | P18: 42.285 | Q18: 40.92 | R18: 42.19 | S18: ='20.0b14 mean calculation'!Q17 -> 43.09 | T18: ='20.0b78 mean calculation'!Q17 -> 41.975
A19: =A18+100 -> 1700 | B19: 49.08 | C19: 49.485 | D19: 45.275 | E19: 50.16 | F19: 53.27 | G19: 41.705 | H19: 43.835 | J19: 46.665 | K19: 43.19 | L19: 44.5 | M19: 42.26 | N19: 44.79 | O19: 42.625 | P19: 42.705 | Q19: 43.075 | R19: 44.59 | S19: ='20.0b14 mean calculation'!Q18 -> 44.335 | T19: ='20.0b78 mean calculation'!Q18 -> 43.375
A20: =A19+100 -> 1800 | C20: 49.15 | D20: 45.865 | E20: 51.545 | F20: 50.32 | G20: 44.105 | H20: 45.14 | J20: 48.22 | K20: 45.95 | M20: 46.105 | N20: 46.87 | O20: 44.55 | P20: 44.59 | Q20: 45.03 | R20: 46.725 | S20: ='20.0b14 mean calculation'!Q19 -> 48.265 | T20: ='20.0b78 mean calculation'!Q19 -> 46.46
A21: =A20+100 -> 1900 | D21: 44.11 | E21: 55.925 | F21: 53.57 | G21: 46.395 | H21: 47.295 | J21: 49.765 | K21: 49.165 | M21: 48.815 | N21: 46.605 | O21: 47.44 | Q21: 48.265 | R21: 49.715 | S21: ='20.0b14 mean calculation'!Q20 -> 49.71 | T21: ='20.0b78 mean calculation'!Q20 -> 49.76
A22: =A21+100 -> 2000 | D22: 49.93 | F22: 60.43 | G22: 48.24 | H22: 48.085 | M22: 50.13 | N22: 51.09 | Q22: 50 | S22: ='20.0b14 mean calculation'!Q21 -> 52.33
A23: =A22+100 -> 2100 | N23: 53.805 | Q23: 53.17 | S23: ='20.0b14 mean calculation'!Q22 -> 54.665
A24: =A23+100 -> 2200 | Q24: 55.79 | S24: ='20.0b14 mean calculation'!Q23 -> 56.32
A25: =A24+100 -> 2300 | Q25: 57.98 | S25: ='20.0b14 mean calculation'!Q24 -> 59.525
A26: =A25+100 -> 2400 | Q26: 60.69 | S26: ='20.0b14 mean calculation'!Q25 -> 62.935
A27: =A26+100 -> 2500 | S27: ='20.0b14 mean calculation'!Q26 -> 66.435
A28: =A27+100 -> 2600 | S28: ='20.0b14 mean calculation'!Q27 -> 61.915
A29: =A28+100 -> 2700 | S29: ='20.0b14 mean calculation'!Q28 -> 69.48
A30: =A29+100 -> 2800 | S30: ='20.0b14 mean calculation'!Q29 -> 73.14
A31: 2900 | S31: ='20.0b14 mean calculation'!Q30 -> 76.555

Sheet 20.0b78 mean calculation
A1: Core | B1: Rate | C1: ISRs (Min) | D1: ISRs (Max) | E1: ISRs (Max) | F1: TL (min) | G1: TL (max) | H1: TL (Mean) | I1: Other (Min) | J1: Other (Max) | K1: Other (Mean) | L1: Total (min) | M1: Total (max) | N1: Total (Mean) | P1: 2020 b78 | Q1: Total (Mean)
A2: 0 | B2: 100 | C2: 1.47 | D2: 3.43 | E2: 1.82 | F2: 1.82 | G2: 2.13 | H2: 1.93 | I2: 5.34 | J2: 94.86 | K2: 9.24 | L2: 8.8 | M2: 100 | N2: 12.99 | P2: 100 | Q2: =AVERAGE(N2:N3) -> 8.765
A3: 1 | B3: 100 | C3: 1.18 | D3: 2.09 | E3: 1.77 | F3: 2.54 | G3: 4.19 | H3: 2.77 | I3: 0 | J3: 0.13 | K3: 0 | L3: 3.72 | M3: 5.66 | N3: 4.54 | P3: =P2+100 -> 200 | Q3: =AVERAGE(N4:N5) -> 10.18
A4: 0 | B4: 200 | C4: 1.56 | D4: 2.99 | E4: 2.37 | F4: 3.03 | G4: 3.11 | H4: 3.07 | I4: 7.76 | J4: 15.89 | K4: 8.22 | L4: 12.62 | M4: 21.95 | N4: 13.66 | P4: =P3+100 -> 300 | Q4: =AVERAGE(N6:N7) -> 12.33
A5: 1 | B5: 200 | C5: 1.07 | D5: 2.27 | E5: 1.61 | F5: 5.04 | G5: 5.16 | H5: 5.09 | I5: 0 | J5: 0.07 | K5: 0 | L5: 6.13 | M5: 7.38 | N5: 6.7 | P5: =P4+100 -> 400 | Q5: =AVERAGE(N8:N9) -> 14.315
A6: 0 | B6: 300 | C6: 1.65 | D6: 2.6 | E6: 2.01 | F6: 4.22 | G6: 4.33 | H6: 4.27 | I6: 8.49 | J6: 18.77 | K6: 8.86 | L6: 14.49 | M6: 25.13 | N6: 15.13 | P6: =P5+100 -> 500 | Q6: =AVERAGE(N10:N11) -> 16.43
A7: 1 | B7: 300 | C7: 1.51 | D7: 2.41 | E7: 2.07 | F7: 7.35 | G7: 7.73 | H7: 7.45 | I7: 0 | J7: 0.1 | K7: 0.01 | L7: 8.87 | M7: 10.03 | N7: 9.53 | P7: =P6+100 -> 600 | Q7: =AVERAGE(N12:N13) -> 19.535
A8: 0 | B8: 400 | C8: 2.89 | D8: 3.41 | E8: 3.14 | F8: 5.37 | G8: 5.55 | H8: 5.44 | I8: 8.87 | J8: 11.69 | K8: 9.15 | L8: 17.34 | M8: 20.41 | N8: 17.73 | P8: =P7+100 -> 700 | Q8: =AVERAGE(N14:N15) -> 22.09
A9: 1 | B9: 400 | C9: 0.97 | D9: 1.43 | E9: 1.18 | F9: 9.62 | G9: 9.81 | H9: 9.72 | I9: 0 | J9: 0.04 | K9: 0 | L9: 10.6 | M9: 11.18 | N9: 10.9 | P9: =P8+100 -> 800 | Q9: =AVERAGE(N16:N17) -> 24.2
A10: 0 | B10: 500 | C10: 2.81 | D10: 3.41 | E10: 3.12 | F10: 6.61 | G10: 6.8 | H10: 6.69 | I10: 9.31 | J10: 20.18 | K10: 9.67 | L10: 18.96 | M10: 30.11 | N10: 19.48 | P10: =P9+100 -> 900 | Q10: =AVERAGE(N18:N19) -> 26.46
A11: 1 | B11: 500 | C11: 1.12 | D11: 1.65 | E11: 1.37 | F11: 11.9 | G11: 12.55 | H11: 12 | I11: 0 | J11: 0.05 | K11: 0 | L11: 13.09 | M11: 14.02 | N11: 13.38 | P11: =P10+100 -> 1000 | Q11: =AVERAGE(N20:N21) -> 28.27
A12: 0 | B12: 600 | C12: 2.58 | D12: 3.59 | E12: 2.94 | F12: 7.89 | G12: 8.11 | H12: 7.98 | I12: 11.34 | J12: 22.25 | K12: 11.66 | L12: 22.05 | M12: 33.93 | N12: 22.59 | P12: =P11+100 -> 1100 | Q12: =AVERAGE(N22:N23) -> 30.605
A13: 1 | B13: 600 | C13: 1.45 | D13: 2.1 | E13: 1.76 | F13: 14.55 | G13: 15.37 | H13: 14.71 | I13: 0 | J13: 0.09 | K13: 0.01 | L13: 16.16 | M13: 16.86 | N13: 16.48 | P13: =P12+100 -> 1200 | Q13: =AVERAGE(N24:N25) -> 32.835
A14: 0 | B14: 700 | C14: 2.92 | D14: 3.61 | E14: 3.2 | F14: 9.08 | G14: 9.32 | H14: 9.15 | I14: 12.18 | J14: 25.17 | K14: 12.9 | L14: 24.28 | M14: 37.73 | N14: 25.25 | P14: =P13+100 -> 1300 | Q14: =AVERAGE(N26:N27) -> 35.34
A15: 1 | B15: 700 | C15: 1.47 | D15: 1.99 | E15: 1.74 | F15: 17 | G15: 17.5 | H15: 17.17 | I15: 0 | J15: 0.06 | K15: 0.01 | L15: 18.64 | M15: 19.42 | N15: 18.93 | P15: =P14+100 -> 1400 | Q15: =AVERAGE(N28:N29) -> 37.655
A16: 0 | B16: 800 | C16: 3.12 | D16: 3.58 | E16: 3.34 | F16: 10.48 | G16: 10.7 | H16: 10.57 | I16: 12.99 | J16: 22.59 | K16: 13.54 | L16: 26.8 | M16: 36.79 | N16: 27.45 | P16: =P15+100 -> 1500 | Q16: =AVERAGE(N30:N31) -> 40.02
A17: 1 | B17: 800 | C17: 1.52 | D17: 1.94 | E17: 1.73 | F17: 18.99 | G17: 19.84 | H17: 19.23 | I17: 0 | J17: 0.03 | K17: 0 | L17: 20.56 | M17: 21.7 | N17: 20.95 | P17: =P16+100 -> 1600 | Q17: =AVERAGE(N32:N33) -> 41.975
A18: 0 | B18: 900 | C18: 1.7 | D18: 2.6 | E18: 2.08 | F18: 11.55 | G18: 11.8 | H18: 11.66 | I18: 13.46 | J18: 48.85 | K18: 14.39 | L18: 26.93 | M18: 62.99 | N18: 28.13 | P18: =P17+100 -> 1700 | Q18: =AVERAGE(N34:N35) -> 43.375
A19: 1 | B19: 900 | C19: 2.72 | D19: 3.74 | E19: 3.15 | F19: 21.31 | G19: 22.61 | H19: 21.62 | I19: 0 | J19: 0.23 | K19: 0.02 | L19: 24.25 | M19: 26.59 | N19: 24.79 | P19: =P18+100 -> 1800 | Q19: =AVERAGE(N36:N37) -> 46.46
A20: 0 | B20: 1000 | C20: 2.69 | D20: 3.71 | E20: 3.17 | F20: 12.75 | G20: 13.12 | H20: 12.87 | I20: 13.74 | J20: 27.23 | K20: 14.45 | L20: 29.64 | M20: 43.71 | N20: 30.49 | P20: =P19+100 -> 1900 | Q20: =AVERAGE(N38:N39) -> 49.76
A21: 1 | B21: 1000 | C21: 1.87 | D21: 2.62 | E21: 2.16 | F21: 23.65 | G21: 25.01 | H21: 23.88 | I21: 0 | J21: 0.05 | K21: 0.01 | L21: 25.64 | M21: 27.17 | N21: 26.05 | P21: =P20+100 -> 2000 | Q21: =AVERAGE(N40:N41) -> #DIV/0!
A22: 0 | B22: 1100 | C22: 3 | D22: 3.48 | E22: 3.23 | F22: 14.34 | G22: 14.56 | H22: 14.44 | I22: 15.2 | J22: 17.91 | K22: 15.51 | L22: 32.74 | M22: 35.82 | N22: 33.17 | P22: =P21+100 -> 2100 | Q22: =AVERAGE(N42:N43) -> #DIV/0!
A23: 1 | B23: 1100 | C23: 1.91 | D23: 2.43 | E23: 2.15 | F23: 25.68 | G23: 26.21 | H23: 25.88 | I23: 0 | J23: 0.09 | K23: 0.01 | L23: 27.59 | M23: 28.41 | N23: 28.04 | P23: =P22+100 -> 2200 | Q23: =AVERAGE(N44:N45) -> #DIV/0!
A24: 0 | B24: 1200 | C24: 3.05 | D24: 3.54 | E24: 3.31 | F24: 15.52 | G24: 15.76 | H24: 15.62 | I24: 16.14 | J24: 22.49 | K24: 16.48 | L24: 35.01 | M24: 41.69 | N24: 35.4 | P24: =P23+100 -> 2300 | Q24: =AVERAGE(N46:N47) -> #DIV/0!
A25: 1 | B25: 1200 | C25: 1.9 | D25: 2.38 | E25: 2.15 | F25: 28.01 | G25: 28.34 | H25: 28.11 | I25: 0 | J25: 0.05 | K25: 0.01 | L25: 29.96 | M25: 30.59 | N25: 30.27 | P25: =P24+100 -> 2400 | Q25: =AVERAGE(N48:N49) -> #DIV/0!
A26: 0 | B26: 1300 | C26: 3.05 | D26: 3.5 | E26: 3.26 | F26: 16.75 | G26: 17.16 | H26: 16.94 | I26: 16.83 | J26: 29.08 | K26: 17.26 | L26: 36.9 | M26: 49.67 | N26: 37.45 | P26: =P25+100 -> 2500 | Q26: =AVERAGE(N50:N51) -> #DIV/0!
A27: 1 | B27: 1300 | C27: 2.16 | D27: 2.72 | E27: 2.43 | F27: 30.53 | G27: 31.67 | H27: 30.79 | I27: 0 | J27: 0.09 | K27: 0.01 | L27: 32.77 | M27: 34 | N27: 33.23 | P27: =P26+100 -> 2600 | Q27: =AVERAGE(N52:N53) -> #DIV/0!
A28: 0 | B28: 1400 | C28: 3.13 | D28: 3.6 | E28: 3.4 | F28: 18.19 | G28: 18.49 | H28: 18.34 | I28: 17.65 | J28: 23.62 | K28: 18.03 | L28: 39.25 | M28: 45.51 | N28: 39.76 | P28: =P27+100 -> 2700 | Q28: =AVERAGE(N54:N55) -> #DIV/0!
A29: 1 | B29: 1400 | C29: 2.25 | D29: 2.79 | E29: 2.51 | F29: 32.82 | G29: 33.45 | H29: 33.04 | I29: 0 | J29: 0.06 | K29: 0.01 | L29: 35.16 | M29: 36.14 | N29: 35.55 | P29: =P28+100 -> 2800 | Q29: =AVERAGE(N56:N57) -> #DIV/0!
A30: 0 | B30: 1500 | C30: 2.86 | D30: 3.53 | E30: 3.21 | F30: 19.44 | G30: 20.01 | H30: 19.7 | I30: 18.47 | J30: 31.13 | K30: 18.95 | L30: 41.19 | M30: 54.52 | N30: 41.86 | P30: 2900 | Q30: =AVERAGE(N58:N59) -> #DIV/0!
A31: 1 | B31: 1500 | C31: 2.48 | D31: 3.21 | E31: 2.84 | F31: 35.08 | G31: 36.54 | H31: 35.34 | I31: 0 | J31: 0.09 | K31: 0.01 | L31: 37.7 | M31: 39.41 | N31: 38.18
A32: 0 | B32: 1600 | C32: 3.26 | D32: 3.68 | E32: 3.47 | F32: 20.78 | G32: 21.12 | H32: 20.99 | I32: 18.87 | J32: 29.63 | K32: 19.37 | L32: 43.23 | M32: 54.34 | N32: 43.82
A33: 1 | B33: 1600 | C33: 2.46 | D33: 3 | E33: 2.73 | F33: 37.15 | G33: 38.01 | H33: 37.39 | I33: 0 | J33: 0.06 | K33: 0.01 | L33: 39.65 | M33: 40.71 | N33: 40.13
A34: 0 | B34: 1700 | C34: 2.74 | D34: 3.49 | E34: 3.11 | F34: 21.54 | G34: 21.91 | H34: 21.7 | I34: 18.44 | J34: 26.63 | K34: 19.04 | L34: 43.02 | M34: 51.79 | N34: 43.84
A35: 1 | B35: 1700 | C35: 2.8 | D35: 3.56 | E35: 3.15 | F35: 39.51 | G35: 40.39 | H35: 39.75 | I35: 0 | J35: 0.06 | K35: 0.01 | L35: 42.5 | M35: 43.71 | N35: 42.91
A36: 0 | B36: 1800 | C36: 2.01 | D36: 2.82 | E36: 2.38 | F36: 23.14 | G36: 23.6 | H36: 23.31 | I36: 19.99 | J36: 35.21 | K36: 20.62 | L36: 45.37 | M36: 61.35 | N36: 46.31
A37: 1 | B37: 1800 | C37: 3.88 | D37: 4.72 | E37: 4.3 | F37: 41.98 | G37: 43.93 | H37: 42.29 | I37: 0 | J37: 0.15 | K37: 0.02 | L37: 46.25 | M37: 48.69 | N37: 46.61
A38: 0 | B38: 1900 | C38: 3.2 | D38: 3.76 | E38: 3.42 | F38: 25.26 | G38: 25.66 | H38: 25.42 | I38: 21.61 | J38: 36.23 | K38: 22.27 | L38: 50.33 | M38: 65.57 | N38: 51.12
A39: 1 | B39: 1900 | C39: 3.2 | D39: 3.8 | E39: 3.46 | F39: 44.63 | G39: 45.62 | H39: 44.93 | I39: 0 | J39: 0.07 | K39: 0.01 | L39: 47.88 | M39: 49.26 | N39: 48.4
A40: 0 | B40: 2000 | C40: 0 | D40: 0 | E40: NaN | F40: 0 | G40: 0 | H40: NaN | I40: 0 | J40: 0 | K40: NaN | L40: 0 | M40: 0 | N40: NaN
A41: 1 | B41: 2000 | C41: 0 | D41: 0 | E41: NaN | F41: 0 | G41: 0 | H41: NaN | I41: 0 | J41: 0 | K41: NaN | L41: 0 | M41: 0 | N41: NaN
A44: Software | B44: Version
A45: CompactRIO Support | B45: 20
A46: Hardware Configuration Web Support | B46: 20.0.0
A47: LabVIEW Real-Time | B47: 20.0.0
A48: Network Configuration Web Support | B48: 20.0.0
A49: Network Streams | B49: 20
A50: NI System Configuration | B50: 20.0.0
A51: NI System Configuration Remote Support | B51: 20.0.0
A52: NI Web-based Configuration and Monitoring | B52: 20.0.0
A53: NI-RIO | B53: 20
A54: NI-RIO Server | B54: 20
A55: NI-VISA | B55: 20.0.0
A56: NI-VISA ENET Passport | B56: 20.0.0
A57: NI-VISA ENET-ASRL Passport | B57: 20.0.0
A58: NI-VISA LXI Discovery Service | B58: 20.0.0
A59: NI-VISA Remote Passport | B59: 20.0.0
A60: NI-VISA Server | B60: 20.0.0
A61: NI-VISA USB Passport | B61: 20.0.0
A62: Remote Panel Server for LabVIEW RT | B62: 20.0.0
A63: Run-Time Engine for Web Services | B63: 20.0.0
A64: Software Management Web Support | B64: 20.0.0
A65: SSL Support for LabVIEW RT | B65: 20.0.0
A66: Time Configuration Web Support | B66: 20.0.0
A67: WebDAV Server | B67: 20.0.0

Sheet 20.0b14 mean calculation
A1: Core | B1: Rate | C1: ISRs (Min) | D1: ISRs (Max) | E1: ISRs (Max) | F1: TL (min) | G1: TL (max) | H1: TL (Mean) | I1: Other (Min) | J1: Other (Max) | K1: Other (Mean) | L1: Total (min) | M1: Total (max) | N1: Total (Mean) | P1: 2020 b14 | Q1: Total (Mean)
A2: 0 | B2: 100 | C2: 0.23 | D2: 3.21 | E2: 2.75 | F2: 1.79 | G2: 89.96 | H2: 2.67 | I2: 5.63 | J2: 95.97 | K2: 12.37 | L2: 8.99 | M2: 99.98 | N2: 17.79 | P2: 100 | Q2: =AVERAGE(N2:N3) -> 10.4
A3: 1 | B3: 100 | C3: 0.05 | D3: 0.4 | E3: 0.26 | F3: 0.07 | G3: 4.35 | H3: 2.75 | I3: 0 | J3: 0.02 | K3: 0 | L3: 0.11 | M3: 4.72 | N3: 3.01 | P3: =P2+100 -> 200 | Q3: =AVERAGE(N4:N5) -> 10.81
A4: 0 | B4: 200 | C4: 2.95 | D4: 3.83 | E4: 3.06 | F4: 2.99 | G4: 3.09 | H4: 3.03 | I4: 9.34 | J4: 32.77 | K4: 10.14 | L4: 15.33 | M4: 39.36 | N4: 16.22 | P4: =P3+100 -> 300 | Q4: =AVERAGE(N6:N7) -> 13.03
A5: 1 | B5: 200 | C5: 0.2 | D5: 0.33 | E5: 0.26 | F5: 5.09 | G5: 5.49 | H5: 5.13 | I5: 0 | J5: 0.01 | K5: 0 | L5: 5.32 | M5: 5.75 | N5: 5.4 | P5: =P4+100 -> 400 | Q5: =AVERAGE(N8:N9) -> 15.405
A6: 0 | B6: 300 | C6: 3.16 | D6: 3.94 | E6: 3.31 | F6: 4.19 | G6: 4.34 | H6: 4.24 | I6: 10.25 | J6: 16.76 | K6: 10.74 | L6: 17.65 | M6: 24.56 | N6: 18.29 | P6: =P5+100 -> 500 | Q6: =AVERAGE(N10:N11) -> 17.975
A7: 1 | B7: 300 | C7: 0.22 | D7: 0.34 | E7: 0.27 | F7: 7.43 | G7: 7.62 | H7: 7.51 | I7: 0 | J7: 0 | K7: 0 | L7: 7.66 | M7: 7.97 | N7: 7.77 | P7: =P6+100 -> 600 | Q7: =AVERAGE(N12:N13) -> 20.875
A8: 0 | B8: 400 | C8: 3.3 | D8: 4.38 | E8: 3.42 | F8: 5.3 | G8: 5.49 | H8: 5.35 | I8: 10.96 | J8: 44.12 | K8: 11.98 | L8: 19.63 | M8: 53.72 | N8: 20.74 | P8: =P7+100 -> 700 | Q8: =AVERAGE(N14:N15) -> 22.26
A9: 1 | B9: 400 | C9: 0.22 | D9: 0.34 | E9: 0.27 | F9: 9.71 | G9: 10.57 | H9: 9.8 | I9: 0 | J9: 0 | K9: 0 | L9: 9.94 | M9: 10.89 | N9: 10.07 | P9: =P8+100 -> 800 | Q9: =AVERAGE(N16:N17) -> 24.88
A10: 0 | B10: 500 | C10: 3.6 | D10: 4.18 | E10: 3.71 | F10: 6.47 | G10: 6.89 | H10: 6.52 | I10: 11.84 | J10: 71.46 | K10: 13.2 | L10: 22.01 | M10: 82.52 | N10: 23.44 | P10: =P9+100 -> 900 | Q10: =AVERAGE(N18:N19) -> 26.71
A11: 1 | B11: 500 | C11: 0.19 | D11: 0.35 | E11: 0.27 | F11: 12.07 | G11: 15.98 | H11: 12.24 | I11: 0 | J11: 0.02 | K11: 0 | L11: 12.33 | M11: 16.33 | N11: 12.51 | P11: =P10+100 -> 1000 | Q11: =AVERAGE(N20:N21) -> 28.935
A12: 0 | B12: 600 | C12: 3.8 | D12: 5.01 | E12: 3.98 | F12: 7.71 | G12: 8.02 | H12: 7.8 | I12: 12.6 | J12: 56.27 | K12: 15.01 | L12: 24.26 | M12: 68.52 | N12: 26.79 | P12: =P11+100 -> 1100 | Q12: =AVERAGE(N22:N23) -> 31.05
A13: 1 | B13: 600 | C13: 0.19 | D13: 0.35 | E13: 0.27 | F13: 14.49 | G13: 17.61 | H13: 14.69 | I13: 0 | J13: 0 | K13: 0 | L13: 14.73 | M13: 17.93 | N13: 14.96 | P13: =P12+100 -> 1200 | Q13: =AVERAGE(N24:N25) -> 33.395
A14: 0 | B14: 700 | C14: 4.01 | D14: 4.56 | E14: 4.18 | F14: 8.92 | G14: 9.11 | H14: 9.02 | I14: 13.54 | J14: 19.85 | K14: 14.12 | L14: 26.65 | M14: 33.26 | N14: 27.31 | P14: =P13+100 -> 1300 | Q14: =AVERAGE(N26:N27) -> 35.61
A15: 1 | B15: 700 | C15: 0.17 | D15: 0.33 | E15: 0.27 | F15: 16.82 | G15: 17.3 | H15: 16.94 | I15: 0 | J15: 0 | K15: 0 | L15: 17.07 | M15: 17.59 | N15: 17.21 | P15: =P14+100 -> 1400 | Q15: =AVERAGE(N28:N29) -> 38.865
A16: 0 | B16: 800 | C16: 4.19 | D16: 5.13 | E16: 4.45 | F16: 10.13 | G16: 10.42 | H16: 10.22 | I16: 14.19 | J16: 49.38 | K16: 15.76 | L16: 28.68 | M16: 64.93 | N16: 30.42 | P16: =P15+100 -> 1500 | Q16: =AVERAGE(N30:N31) -> 40.445
A17: 1 | B17: 800 | C17: 0.14 | D17: 0.33 | E17: 0.24 | F17: 18.85 | G17: 20.45 | H17: 19.1 | I17: 0 | J17: 0.01 | K17: 0 | L17: 19.08 | M17: 20.65 | N17: 19.34 | P17: =P16+100 -> 1600 | Q17: =AVERAGE(N32:N33) -> 43.09
A18: 0 | B18: 900 | C18: 4.35 | D18: 4.78 | E18: 4.52 | F18: 11.49 | G18: 11.66 | H18: 11.56 | I18: 14.81 | J18: 26.28 | K18: 15.5 | L18: 30.75 | M18: 42.63 | N18: 31.59 | P18: =P17+100 -> 1700 | Q18: =AVERAGE(N34:N35) -> 44.335
A19: 1 | B19: 900 | C19: 0.21 | D19: 0.35 | E19: 0.28 | F19: 21.4 | G19: 22.29 | H19: 21.55 | I19: 0 | J19: 0.02 | K19: 0 | L19: 21.63 | M19: 22.63 | N19: 21.83 | P19: =P18+100 -> 1800 | Q19: =AVERAGE(N36:N37) -> 48.265
A20: 0 | B20: 1000 | C20: 4.42 | D20: 5.57 | E20: 4.62 | F20: 12.5 | G20: 12.82 | H20: 12.63 | I20: 15.75 | J20: 53.17 | K20: 17.24 | L20: 32.83 | M20: 71.26 | N20: 34.49 | P20: =P19+100 -> 1900 | Q20: =AVERAGE(N38:N39) -> 49.71
A21: 1 | B21: 1000 | C21: 0.01 | D21: 0.33 | E21: 0.1 | F21: 23.09 | G21: 24.75 | H21: 23.28 | I21: 0 | J21: 0.02 | K21: 0 | L21: 23.13 | M21: 24.96 | N21: 23.38 | P21: =P20+100 -> 2000 | Q21: =AVERAGE(N40:N41) -> 52.33
A22: 0 | B22: 1100 | C22: 4.56 | D22: 5.13 | E22: 4.77 | F22: 13.99 | G22: 14.19 | H22: 14.08 | I22: 16.58 | J22: 28.49 | K22: 17.41 | L22: 35.27 | M22: 47.55 | N22: 36.26 | P22: =P21+100 -> 2100 | Q22: =AVERAGE(N42:N43) -> 54.665
A23: 1 | B23: 1100 | C23: 0.01 | D23: 0.33 | E23: 0.14 | F23: 25.53 | G23: 26.51 | H23: 25.7 | I23: 0 | J23: 0 | K23: 0 | L23: 25.56 | M23: 26.63 | N23: 25.84 | P23: =P22+100 -> 2200 | Q23: =AVERAGE(N44:N45) -> 56.32
A24: 0 | B24: 1200 | C24: 4.72 | D24: 5.52 | E24: 4.92 | F24: 15.24 | G24: 15.56 | H24: 15.39 | I24: 17.28 | J24: 41.24 | K24: 18.42 | L24: 37.29 | M24: 62.02 | N24: 38.72 | P24: =P23+100 -> 2300 | Q24: =AVERAGE(N46:N47) -> 59.525
A25: 1 | B25: 1200 | C25: 0.02 | D25: 0.32 | E25: 0.13 | F25: 27.68 | G25: 28.94 | H25: 27.94 | I25: 0 | J25: 0.01 | K25: 0 | L25: 27.72 | M25: 29.25 | N25: 28.07 | P25: =P24+100 -> 2400 | Q25: =AVERAGE(N48:N49) -> 62.935
A26: 0 | B26: 1300 | C26: 5.03 | D26: 5.95 | E26: 5.19 | F26: 16.16 | G26: 16.94 | H26: 16.36 | I26: 17.44 | J26: 77.03 | K26: 18.75 | L26: 38.81 | M26: 99.84 | N26: 40.3 | P26: =P25+100 -> 2500 | Q26: =AVERAGE(N50:N51) -> 66.435
A27: 1 | B27: 1300 | C27: 0.19 | D27: 0.32 | E27: 0.24 | F27: 30.47 | G27: 35 | H27: 30.69 | I27: 0 | J27: 0.02 | K27: 0 | L27: 30.72 | M27: 35.32 | N27: 30.92 | P27: =P26+100 -> 2600 | Q27: =AVERAGE(N52:N53) -> 61.915
A28: 0 | B28: 1400 | C28: 5.07 | D28: 6.4 | E28: 5.34 | F28: 17.8 | G28: 18.45 | H28: 18.08 | I28: 19.04 | J28: 57.08 | K28: 21.57 | L28: 42.3 | M28: 81.42 | N28: 44.98 | P28: =P27+100 -> 2700 | Q28: =AVERAGE(N54:N55) -> 69.48
A29: 1 | B29: 1400 | C29: 0 | D29: 0.3 | E29: 0.08 | F29: 32.38 | G29: 34.11 | H29: 32.67 | I29: 0 | J29: 0.01 | K29: 0 | L29: 32.4 | M29: 34.16 | N29: 32.75 | P29: =P28+100 -> 2800 | Q29: =AVERAGE(N56:N57) -> 73.14
A30: 0 | B30: 1500 | C30: 5.41 | D30: 6.16 | E30: 5.58 | F30: 19.06 | G30: 19.58 | H30: 19.33 | I30: 19.87 | J30: 31.23 | K30: 20.96 | L30: 44.46 | M30: 56.68 | N30: 45.86 | P30: 2900 | Q30: =AVERAGE(N58:N59) -> 76.555
A31: 1 | B31: 1500 | C31: 0.01 | D31: 0.32 | E31: 0.07 | F31: 34.71 | G31: 35.59 | H31: 34.96 | I31: 0 | J31: 0.01 | K31: 0 | L31: 34.73 | M31: 35.8 | N31: 35.03
A32: 0 | B32: 1600 | C32: 5.44 | D32: 6.6 | E32: 5.66 | F32: 20.71 | G32: 21.21 | H32: 20.85 | I32: 20.59 | J32: 53.88 | K32: 22.22 | L32: 46.89 | M32: 81.52 | N32: 48.73
A33: 1 | B33: 1600 | C33: 0.01 | D33: 0.34 | E33: 0.11 | F33: 37.08 | G33: 39.01 | H33: 37.33 | I33: 0 | J33: 0.01 | K33: 0 | L33: 37.12 | M33: 39.06 | N33: 37.45
A34: 0 | B34: 1700 | C34: 5.72 | D34: 6.52 | E34: 5.89 | F34: 21.61 | G34: 22.08 | H34: 21.83 | I34: 20.92 | J34: 31.65 | K34: 21.74 | L34: 48.54 | M34: 59.9 | N34: 49.46
A35: 1 | B35: 1700 | C35: 0.02 | D35: 0.32 | E35: 0.13 | F35: 38.86 | G35: 39.63 | H35: 39.08 | I35: 0 | J35: 0.01 | K35: 0 | L35: 38.9 | M35: 39.77 | N35: 39.21
A36: 0 | B36: 1800 | C36: 5.97 | D36: 7.12 | E36: 6.22 | F36: 23.01 | G36: 23.84 | H36: 23.22 | I36: 21.76 | J36: 69.16 | K36: 25.26 | L36: 50.91 | M36: 99.93 | N36: 54.69
A37: 1 | B37: 1800 | C37: 0.01 | D37: 0.34 | E37: 0.06 | F37: 41.25 | G37: 46.58 | H37: 41.77 | I37: 0 | J37: 0.01 | K37: 0 | L37: 41.29 | M37: 46.9 | N37: 41.84
A38: 0 | B38: 1900 | C38: 5.98 | D38: 6.71 | E38: 6.17 | F38: 25.23 | G38: 25.94 | H38: 25.61 | I38: 22.98 | J38: 35.84 | K38: 23.84 | L38: 54.57 | M38: 67.88 | N38: 55.62
A39: 1 | B39: 1900 | C39: 0.01 | D39: 0.33 | E39: 0.12 | F39: 43.26 | G39: 44.98 | H39: 43.67 | I39: 0 | J39: 0.01 | K39: 0 | L39: 43.3 | M39: 45.18 | N39: 43.8
A40: 0 | B40: 2000 | C40: 6.37 | D40: 7.45 | E40: 6.54 | F40: 25.79 | G40: 26.49 | H40: 26.08 | I40: 23.88 | J40: 52.76 | K40: 25.31 | L40: 56.32 | M40: 86.37 | N40: 57.93
A41: 1 | B41: 2000 | C41: 0.02 | D41: 0.34 | E41: 0.09 | F41: 46.31 | G41: 48.33 | H41: 46.64 | I41: 0 | J41: 0.01 | K41: 0 | L41: 46.33 | M41: 48.44 | N41: 46.73
A42: 0 | B42: 2100 | C42: 6.51 | D42: 7.32 | E42: 6.71 | F42: 27.42 | G42: 27.96 | H42: 27.63 | I42: 24.64 | J42: 38.61 | K42: 25.78 | L42: 58.82 | M42: 73.2 | N42: 60.11
... A59: 1 | B59: 2900 | C59: 0.02 | D59: 0.24 | E59: 0.14 | F59: 67.49 | G59: 69.36 | H59: 68.04 | I59: 0 | J59: 0.03 | K59: 0.01 | L59: 67.56 | M59: 69.6 | N59: 68.19

Sheet 19.0 mean calculation
A1: Total (Mean) | B1: Mean | R1: 19.0release
A2: 14.67 | B2: 9.585 | R2: Core | S2: Rate | T2: ISRs (Min) | U2: ISRs (Max) | V2: ISRs (Max) | W2: TL (min) | X2: TL (max) | Y2: TL (Mean) | Z2: Other (Min) | AA2: Other (Max) | AB2: Other (Mean) | AC2: Total (min) | AD2: Total (max) | AE2: Total (Mean)
A3: 4.5 | R3: 0 | S3: 100 | T3: 0.31 | U3: 3.69 | V3: 1.78 | W3: 1.19 | X3: 89.57 | Y3: 2.64 | Z3: 4.86 | AA3: 95.69 | AB3: 10.25 | AC3: 7.44 | AD3: 100 | AE3: 14.67
A4: 13.78 | B4: 10.15 | R4: 1 | S4: 100 | T4: 0.91 | U4: 2.36 | V4: 1.81 | W4: 2.25 | X4: 3.87 | Y4: 2.69 | Z4: 0 | AA4: 0.03 | AB4: 0 | AC4: 3.55 | AD4: 5.19 | AE4: 4.5
A5: 6.52 | R5: 0 | S5: 200 | T5: 1.93 | U5: 2.9 | V5: 2.39 | W5: 2.98 | X5: 3.11 | Y5: 3.02 | Z5: 8.01 | AA5: 18.27 | AB5: 8.37 | AC5: 13.03 | AD5: 23.99 | AE5: 13.78
A6: 15.18 | B6: 12.33 | R6: 1 | S6: 200 | T6: 1.02 | U6: 1.99 | V6: 1.48 | W6: 4.96 | X6: 5.31 | Y6: 5.04 | Z6: 0 | AA6: 0.03 | AB6: 0 | AC6: 6.01 | AD6: 6.98 | AE6: 6.52
A7: 9.48 | R7: 0 | S7: 300 | T7: 1.52 | U7: 2.59 | V7: 1.93 | W7: 4.15 | X7: 4.24 | Y7: 4.19 | Z7: 8.72 | AA7: 15.47 | AB7: 9.06 | AC7: 14.62 | AD7: 21.96 | AE7: 15.18
A8: 18.12 | B8: 14.435 | R8: 1 | S8: 300 | T8: 1.46 | U8: 2.57 | V8: 2.12 | W8: 7.28 | X8: 7.42 | Y8: 7.35 | Z8: 0 | AA8: 0.08 | AB8: 0.01 | AC8: 8.75 | AD8: 9.97 | AE8: 9.48
A9: 10.75 | R9: 0 | S9: 400 | T9: 2.82 | U9: 3.43 | V9: 3.1 | W9: 5.29 | X9: 5.43 | Y9: 5.35 | Z9: 9.11 | AA9: 28.21 | AB9: 9.66 | AC9: 17.43 | AD9: 37.02 | AE9: 18.12
A10: 20.56 | B10: 17.09 | R10: 1 | S10: 400 | T10: 0.97 | U10: 1.41 | V10: 1.14 | W10: 9.51 | X10: 9.96 | Y10: 9.6 | Z10: 0 | AA10: 0.03 | AB10: 0 | AC10: 10.52 | AD10: 11.17 | AE10: 10.75
A11: 13.62 | R11: 0 | S11: 500 | T11: 2.69 | U11: 3.34 | V11: 2.96 | W11: 6.49 | X11: 6.75 | Y11: 6.61 | Z11: 10.69 | AA11: 12.9 | AB11: 10.98 | AC11: 20.07 | AD11: 22.85 | AE11: 20.56
A12: 21.81 | B12: 19.345 | R12: 1 | S12: 500 | T12: 1.22 | U12: 1.75 | V12: 1.46 | W12: 11.99 | X12: 12.43 | Y12: 12.16 | Z12: 0 | AA12: 0.04 | AB12: 0.01 | AC12: 13.3 | AD12: 13.97 | AE12: 13.62
A13: 16.88 | R13: 0 | S13: 600 | T13: 1.82 | U13: 2.62 | V13: 2.2 | W13: 7.72 | X13: 7.96 | Y13: 7.82 | Z13: 11.48 | AA13: 12.32 | AB13: 11.79 | AC13: 21.36 | AD13: 22.34 | AE13: 21.81
A14: 24.91 | B14: 21.745 | R14: 1 | S14: 600 | T14: 1.86 | U14: 2.78 | V14: 2.41 | W14: 14.33 | X14: 14.78 | Y14: 14.46 | Z14: 0 | AA14: 0.05 | AB14: 0.01 | AC14: 16.35 | AD14: 17.25 | AE14: 16.88
A15: 18.58 | R15: 0 | S15: 700 | T15: 2.89 | U15: 3.39 | V15: 3.14 | W15: 8.99 | X15: 9.22 | Y15: 9.1 | Z15: 12.37 | AA15: 23.97 | AB15: 12.68 | AC15: 24.51 | AD15: 36.32 | AE15: 24.91
A16: 26.96 | B16: 23.77 | R16: 1 | S16: 700 | T16: 1.49 | U16: 1.91 | V16: 1.68 | W16: 16.73 | X16: 17.65 | Y16: 16.89 | Z16: 0 | AA16: 0.06 | AB16: 0.01 | AC16: 18.35 | AD16: 19.5 | AE16: 18.58
A17: 20.58 | R17: 0 | S17: 800 | T17: 3.06 | U17: 3.45 | V17: 3.28 | W17: 10.27 | X17: 10.43 | Y17: 10.34 | Z17: 13.08 | AA17: 13.61 | AB17: 13.33 | AC17: 26.66 | AD17: 27.29 | AE17: 26.96
A18: 27.76 | B18: 26 | R18: 1 | S18: 800 | T18: 1.46 | U18: 1.96 | V18: 1.67 | W18: 18.73 | X18: 19.34 | Y18: 18.9 | Z18: 0 | AA18: 0.04 | AB18: 0 | AC18: 20.3 | AD18: 21.11 | AE18: 20.58
A19: 24.24 | R19: 0 | S19: 900 | T19: 1.54 | U19: 2.28 | V19: 1.82 | W19: 11.36 | X19: 11.8 | Y19: 11.52 | Z19: 13.55 | AA19: 65.19 | AB19: 14.42 | AC19: 26.8 | AD19: 78.97 | AE19: 27.76
A20: 31.08 | B20: 28.16 | R20: 1 | S20: 900 | T20: 3.01 | U20: 3.9 | V20: 3.29 | W20: 20.77 | X20: 22.4 | Y20: 20.92 | Z20: 0 | AA20: 0.35 | AB20: 0.02 | AC20: 23.88 | AD20: 26.64 | AE20: 24.24
A21: 25.24 | R21: 0 | S21: 1000 | T21: 2.89 | U21: 3.82 | V21: 3.19 | W21: 12.75 | X21: 13.09 | Y21: 12.9 | Z21: 14.55 | AA21: 18.58 | AB21: 14.99 | AC21: 30.48 | AD21: 35.43 | AE21: 31.08
A22: 32.86 | B22: 30.22 | R22: 1 | S22: 1000 | T22: 1.63 | U22: 2.09 | V22: 1.88 | W22: 23.13 | X22: 23.71 | Y22: 23.36 | Z22: 0 | AA22: 0.02 | AB22: 0 | AC22: 24.85 | AD22: 25.79 | AE22: 25.24
A23: 27.58 | R23: 0 | S23: 1100 | T23: 3.03 | U23: 3.4 | V23: 3.22 | W23: 13.98 | X23: 14.18 | Y23: 14.09 | Z23: 15.28 | AA23: 15.89 | AB23: 15.55 | AC23: 32.56 | AD23: 33.13 | AE23: 32.86
A24: 35.03 | B24: 32.775 | R24: 1 | S24: 1100 | T24: 1.82 | U24: 2.3 | V24: 2.04 | W24: 25.32 | X24: 25.85 | Y24: 25.53 | Z24: 0 | AA24: 0.06 | AB24: 0.01 | AC24: 27.28 | AD24: 28.11 | AE24: 27.58
A25: 30.52 | R25: 0 | S25: 1200 | T25: 3.12 | U25: 3.53 | V25: 3.29 | W25: 15.34 | X25: 15.83 | Y25: 15.53 | Z25: 15.89 | AA25: 27.42 | AB25: 16.22 | AC25: 34.58 | AD25: 46.54 | AE25: 35.03
A26: 37.13 | B26: 35.215 | R26: 1 | S26: 1200 | T26: 2.03 | U26: 2.49 | V26: 2.26 | W26: 28.05 | X26: 28.97 | Y26: 28.24 | Z26: 0 | AA26: 0.08 | AB26: 0.02 | AC26: 30.19 | AD26: 31.28 | AE26: 30.52
A27: 33.3 | R27: 0 | S27: 1300 | T27: 2.62 | U27: 3.19 | V27: 2.91 | W27: 16.76 | X27: 16.99 | Y27: 16.88 | Z27: 17.09 | AA27: 17.79 | AB27: 17.35 | AC27: 36.78 | AD27: 37.5 | AE27: 37.13
A28: 39.6 | B28: 37.46 | R28: 1 | S28: 1300 | T28: 2.42 | U28: 3.15 | V28: 2.78 | W28: 30.28 | X28: 30.78 | Y28: 30.51 | Z28: 0 | AA28: 0.06 | AB28: 0.01 | AC28: 32.8 | AD28: 33.79 | AE28: 33.3
A29: 35.32 | R29: 0 | S29: 1400 | T29: 3.09 | U29: 3.51 | V29: 3.28 | W29: 18.02 | X29: 18.3 | Y29: 18.15 | Z29: 17.8 | AA29: 29.97 | AB29: 18.18 | AC29: 39.25 | AD29: 51.65 | AE29: 39.6
A30: 37.66 | B30: 36.975 | R30: 1 | S30: 1400 | T30: 2.21 | U30: 2.67 | V30: 2.46 | W30: 32.58 | X30: 33.92 | Y30: 32.86 | Z30: 0 | AA30: 0.04 | AB30: 0 | AC30: 34.79 | AD30: 36.49 | AE30: 35.32
A31: 36.29 | R31: 0 | S31: 1500 | T31: 3.16 | U31: 3.6 | V31: 3.4 | W31: 18.56 | X31: 19.04 | Y31: 18.79 | Z31: 15.12 | AA31: 15.84 | AB31: 15.47 | AC31: 37.24 | AD31: 38.13 | AE31: 37.66
A32: 44.46 | B32: 42.19 | R32: 1 | S32: 1500 | T32: 2.14 | U32: 2.59 | V32: 2.35 | W32: 33.75 | X32: 34.27 | Y32: 33.94 | Z32: 0 | AA32: 0.05 | AB32: 0.01 | AC32: 36.01 | AD32: 36.76 | AE32: 36.29
A33: 39.92 | R33: 0 | S33: 1600 | T33: 3.25 | U33: 3.66 | V33: 3.47 | W33: 21.01 | X33: 21.51 | Y33: 21.26 | Z33: 19.48 | AA33: 20.05 | AB33: 19.74 | AC33: 43.92 | AD33: 44.91 | AE33: 44.46
A34: 46.34 | B34: 44.59 | R34: 1 | S34: 1600 | T34: 2.32 | U34: 2.88 | V34: 2.56 | W34: 37.08 | X34: 37.75 | Y34: 37.36 | Z34: 0 | AA34: 0.03 | AB34: 0 | AC34: 39.48 | AD34: 40.41 | AE34: 39.92
A35: 42.84 | R35: 0 | S35: 1700 | T35: 2.91 | U35: 3.49 | V35: 3.11 | W35: 22.09 | X35: 22.65 | Y35: 22.3 | Z35: 20.22 | AA35: 42.7 | AB35: 20.93 | AC35: 45.53 | AD35: 68.84 | AE35: 46.34
A36: 47.25 | B36: 46.725 | R36: 1 | S36: 1700 | T36: 2.68 | U36: 3.29 | V36: 2.99 | W36: 39.5 | X36: 41.18 | Y36: 39.84 | Z36: 0 | AA36: 0.12 | AB36: 0.02 | AC36: 42.36 | AD36: 44.36 | AE36: 42.84
A37: 46.2 | R37: 0 | S37: 1800 | T37: 1.94 | U37: 2.8 | V37: 2.33 | W37: 23.47 | X37: 23.79 | Y37: 23.62 | Z37: 20.92 | AA37: 23.39 | AB37: 21.31 | AC37: 46.59 | AD37: 49.57 | AE37: 47.25
A38: 50.99 | B38: 49.715 | R38: 1 | S38: 1800 | T38: 3.89 | U38: 4.7 | V38: 4.21 | W38: 41.64 | X38: 42.42 | Y38: 41.96 | Z38: 0 | AA38: 0.08 | AB38: 0.02 | AC38: 45.64 | AD38: 46.92 | AE38: 46.2
A39: 48.44 | R39: 0 | S39: 1900 | T39: 3.08 | U39: 3.6 | V39: 3.3 | W39: 24.92 | X39: 25.44 | Y39: 25.15 | Z39: 22.02 | AA39: 35.2 | AB39: 22.54 | AC39: 50.38 | AD39: 64.06 | AE39: 50.99
A40: NaN | R40: 1 | S40: 1900 | T40: 3.33 | U40: 4.01 | V40: 3.65 | W40: 44.5 | X40: 46.03 | Y40: 44.78 | Z40: 0 | AA40: 0.06 | AB40: 0.01 | AC40: 47.9 | AD40: 49.65 | AE40: 48.44
A41: NaN | R41: 0 | S41: 2000 | T41: 0 | U41: 0 | V41: NaN | W41: 0 | X41: 0 | Y41: NaN | Z41: 0 | AA41: 0 | AB41: NaN | AC41: 0 | AD41: 0 | AE41: NaN
R42: 1 | S42: 2000 | T42: 0 | U42: 0 | V42: NaN | W42: 0 | X42: 0 | Y42: NaN | Z42: 0 | AA42: 0 | AB42: NaN | AC42: 0 | AD42: 0 | AE42: NaN

Sheet b27 mean calculation
A1: Total (Mean) | B1: Mean
A2: 15.46 | B2: =AVERAGE(A2:A3) -> 9.215
A3: 2.97
A4: 15.01 | B4: =AVERAGE(A4:A5) -> 10.115
A5: 5.22
A6: 16.92 | B6: =AVERAGE(A6:A7) -> 12.245
A7: 7.57
A8: 18.55 | B8: =AVERAGE(A8:A9) -> 14.22
A9: 9.89
A10: 21.05 | B10: =AVERAGE(A10:A11) -> 16.78
A11: 12.51
A12: 23.63 | B12: =AVERAGE(A12:A13) -> 19.255
A13: 14.88
A14: 25.98 | B14: =AVERAGE(A14:A15) -> 21.595
A15: 17.21
A16: 28.32 | B16: =AVERAGE(A16:A17) -> 23.755
A17: 19.19
A18: 30.29 | B18: =AVERAGE(A18:A19) -> 26.075
A19: 21.86
A20: 32.11 | B20: =AVERAGE(A20:A21) -> 28.27
A21: 24.43
A22: 34.14 | B22: =AVERAGE(A22:A23) -> 29.995
A23: 25.85
A24: 36.4 | B24: =AVERAGE(A24:A25) -> 32.27
A25: 28.14
A26: 38.33 | B26: =AVERAGE(A26:A27) -> 34.39
A27: 30.45
A28: 40.46 | B28: =AVERAGE(A28:A29) -> 36.685
A29: 32.91
A30: 42.88 | B30: =AVERAGE(A30:A31) -> 39.065
A31: 35.25
A32: 44.61 | B32: =AVERAGE(A32:A33) -> 40.92
A33: 37.23
A34: 46.71 | B34: =AVERAGE(A34:A35) -> 43.075
A35: 39.44
A36: 48.34 | B36: =AVERAGE(A36:A37) -> 45.03
A37: 41.72
A38: 52.09 | B38: =AVERAGE(A38:A39) -> 48.265
A39: 44.44
A40: 53.14 | B40: =AVERAGE(A40:A41) -> 50
A41: 46.86
A42: 56.58 | B42: =AVERAGE(A42:A43) -> 53.17
A43: 49.76
A44: 59.26 | B44: =AVERAGE(A44:A45) -> 55.79
A45: 52.32
A46: 61.61 | B46: =AVERAGE(A46:A47) -> 57.98
A47: 54.35
A48: 64.14 | B48: =AVERAGE(A48:A49) -> 60.69
A49: 57.24
A50: NaN
A51: NaN

Sheet Test_data_2019b27
A1: Core | B1: Rate | C1: ISRs (Min) | D1: ISRs (Max) | E1: ISRs (Max) | F1: TL (min) | G1: TL (max) | H1: TL (Mean) | I1: Other (Min) | J1: Other (Max) | K1: Other (Mean) | L1: Total (min) | M1: Total (max) | N1: Total (Mean)
A2: 0 | B2: 100 | C2: 1.43 | D2: 3.29 | E2: 2.55 | F2: 1.78 | G2: 3.37 | H2: 1.89 | I2: 5.7 | J2: 93.94 | K2: 11.01 | L2: 8.96 | M2: 99.96 | N2: 15.46
A3: 1 | B3: 100 | C3: 0.15 | D3: 0.46 | E3: 0.26 | F3: 2.57 | G3: 3.83 | H3: 2.71 | I3: 0 | J3: 0 | K3: 0 | L3: 2.81 | M3: 4.25 | N3: 2.97
A4: 0 | B4: 200 | C4: 2.7 | D4: 2.91 | E4: 2.78 | F4: 2.88 | G4: 2.97 | H4: 2.92 | I4: 8.92 | J4: 18.44 | K4: 9.3 | L4: 14.59 | M4: 24.28 | N4: 15.01
A5: 1 | B5: 200 | C5: 0.2 | D5: 0.34 | E5: 0.26 | F5: 4.93 | G5: 5.18 | H5: 4.96 | I5: 0 | J5: 0 | K5: 0 | L5: 5.13 | M5: 5.46 | N5: 5.22
A6: 0 | B6: 300 | C6: 2.87 | D6: 3.07 | E6: 2.96 | F6: 4 | G6: 4.08 | H6: 4.03 | I6: 9.44 | J6: 11.3 | K6: 9.92 | L6: 16.39 | M6: 18.41 | N6: 16.92
A7: 1 | B7: 300 | C7: 0.21 | D7: 0.35 | E7: 0.27 | F7: 7.25 | G7: 7.37 | H7: 7.3 | I7: 0 | J7: 0 | K7: 0 | L7: 7.46 | M7: 7.71 | N7: 7.57
A8: 0 | B8: 400 | C8: 3 | D8: 3.3 | E8: 3.12 | F8: 5.11 | G8: 5.27 | H8: 5.16 | I8: 9.99 | J8: 19.89 | K8: 10.27 | L8: 18.21 | M8: 28.38 | N8: 18.55
A9: 1 | B9: 400 | C9: 0.19 | D9: 0.35 | E9: 0.27 | F9: 9.56 | G9: 10.02 | H9: 9.62 | I9: 0 | J9: 0 | K9: 0 | L9: 9.77 | M9: 10.33 | N9: 9.89
A10: 0 | B10: 500 | C10: 3.22 | D10: 3.52 | E10: 3.33 | F10: 6.37 | G10: 6.49 | H10: 6.42 | I10: 11.05 | J10: 12.92 | K10: 11.29 | L10: 20.76 | M10: 22.77 | N10: 21.05
A11: 1 | B11: 500 | C11: 0.18 | D11: 0.37 | E11: 0.27 | F11: 12.15 | G11: 12.45 | H11: 12.24 | I11: 0 | J11: 0 | K11: 0 | L11: 12.39 | M11: 12.73 | N11: 12.51
A12: 0 | B12: 600 | C12: 3.47 | D12: 3.69 | E12: 3.57 | F12: 7.41 | G12: 7.6 | H12: 7.49 | I12: 12.33 | J12: 13.77 | K12: 12.57 | L12: 23.36 | M12: 24.93 | N12: 23.63
A13: 1 | B13: 600 | C13: 0.14 | D13: 0.36 | E13: 0.27 | F13: 14.49 | G13: 14.85 | H13: 14.6 | I13: 0 | J13: 0 | K13: 0 | L13: 14.74 | M13: 15.08 | N13: 14.88
... A49: 1 | B49: 2400 | C49: 0.08 | D49: 0.37 | E49: 0.22 | F49: 56.76 | G49: 57.32 | H49: 57.01 | I49: 0 | J49: 0 | K49: 0 | L49: 56.89 | M49: 57.51 | N49: 57.24
A50: 0 | B50: 2500 | C50: 0 | D50: 0 | E50: NaN | F50: 0 | G50: 0 | H50: NaN | I50: 0 | J50: 0 | K50: NaN | L50: 0 | M50: 0 | N50: NaN
A51: 1 | B51: 2500 | C51: 0 | D51: 0 | E51: NaN | F51: 0 | G51: 0 | H51: NaN | I51: 0 | J51: 0 | K51: NaN | L51: 0 | M51: 0 | N51: NaN

Sheet Test_Data_2018rc1
A1: Core | B1: Rate | C1: ISRs (Min) | D1: ISRs (Max) | E1: ISRs (Max) | F1: TL (min) | G1: TL (max) | H1: TL (Mean) | I1: Other (Min) | J1: Other (Max) | K1: Other (Mean) | L1: Total (min) | M1: Total (max) | N1: Total (Mean) | Q1: Total Mean
A2: 0 | B2: 100 | C2: 0.05 | D2: 1.9 | E2: 0.7 | F2: 1.16 | G2: 89.82 | H2: 2.64 | I2: 3.65 | J2: 87.07 | K2: 9.6 | L2: 5.04 | M2: 99.98 | N2: 12.94 | P2: 100 | Q2: =AVERAGE(N2:N3) -> 8.56
A3: 1 | B3: 100 | C3: 0.61 | D3: 2.05 | E3: 1.56 | F3: 2.23 | G3: 3.73 | H3: 2.61 | I3: 0 | J3: 0.14 | K3: 0.01 | L3: 3.27 | M3: 5.59 | N3: 4.18 | P3: =P2+100 -> 200 | Q3: =AVERAGE(N4:N5) -> 9.325
A4: 0 | B4: 200 | C4: 0.5 | D4: 1.76 | E4: 1.19 | F4: 2.95 | G4: 3.07 | H4: 2.99 | I4: 7.82 | J4: 17.3 | K4: 8.24 | L4: 11.55 | M4: 21.7 | N4: 12.42 | P4: =P3+100 -> 300 | Q4: =AVERAGE(N6:N7) -> 11.525
A5: 1 | B5: 200 | C5: 0.73 | D5: 1.95 | E5: 1.33 | F5: 4.8 | G5: 5.09 | H5: 4.9 | I5: 0 | J5: 0.2 | K5: 0 | L5: 5.63 | M5: 6.82 | N5: 6.23 | P5: =P4+100 -> 400 | Q5: =AVERAGE(N8:N9) -> 13.275
A6: 0 | B6: 300 | C6: 0.42 | D6: 1.27 | E6: 0.79 | F6: 4.12 | G6: 4.23 | H6: 4.18 | I6: 8.48 | J6: 19.14 | K6: 8.99 | L6: 13.23 | M6: 24.38 | N6: 13.97 | P6: =P5+100 -> 500 | Q6: =AVERAGE(N10:N11) -> 16.605
A7: 1 | B7: 300 | C7: 1.43 | D7: 2.3 | E7: 1.92 | F7: 7.1 | G7: 7.55 | H7: 7.16 | I7: 0 | J7: 0.07 | K7: 0.01 | L7: 8.53 | M7: 9.56 | N7: 9.08 | P7: =P6+100 -> 600 | Q7: =AVERAGE(N12:N13) -> 18.22
A8: 0 | B8: 400 | C8: 1.6 | D8: 1.99 | E8: 1.82 | F8: 5.24 | G8: 5.4 | H8: 5.3 | I8: 8.86 | J8: 12.52 | K8: 9.09 | L8: 15.86 | M8: 19.72 | N8: 16.22 | P8: =P7+100 -> 700 | Q8: =AVERAGE(N14:N15) -> 21.385
A9: 1 | B9: 400 | C9: 0.85 | D9: 1.28 | E9: 1.06 | F9: 9.19 | G9: 9.38 | H9: 9.26 | I9: 0 | J9: 0.04 | K9: 0 | L9: 10.03 | M9: 10.65 | N9: 10.33 | P9: =P8+100 -> 800 | Q9: =AVERAGE(N16:N17) -> 22.78
A10: 0 | B10: 500 | C10: 1.45 | D10: 2.18 | E10: 1.79 | F10: 6.52 | G10: 6.78 | H10: 6.6 | I10: 9.99 | J10: 33.35 | K10: 11.76 | L10: 18.3 | M10: 41.9 | N10: 20.15 | P10: =P9+100 -> 900 | Q10: =AVERAGE(N18:N19) -> 25.45
A11: 1 | B11: 500 | C11: 1.04 | D11: 1.83 | E11: 1.32 | F11: 11.57 | G11: 12.24 | H11: 11.74 | I11: 0 | J11: 0.08 | K11: 0 | L11: 12.73 | M11: 14.03 | N11: 13.06 | P11: =P10+100 -> 1000 | Q11: =AVERAGE(N20:N21) -> 27.565
A12: 0 | B12: 600 | C12: 0.95 | D12: 1.7 | E12: 1.33 | F12: 7.63 | G12: 7.86 | H12: 7.74 | I12: 10.92 | J12: 19.97 | K12: 11.43 | L12: 19.75 | M12: 29.21 | N12: 20.51 | P12: =P11+100 -> 1100 | Q12: =AVERAGE(N22:N23) -> 29.52
A13: 1 | B13: 600 | C13: 1.55 | D13: 2.37 | E13: 1.93 | F13: 13.82 | G13: 14.29 | H13: 14 | I13: 0 | J13: 0.07 | K13: 0.01 | L13: 15.61 | M13: 16.51 | N13: 15.93 | P13: =P12+100 -> 1200 | Q13: =AVERAGE(N24:N25) -> 31.995
A14: 0 | B14: 700 | C14: 1.79 | D14: 2.51 | E14: 1.99 | F14: 8.98 | G14: 9.3 | H14: 9.11 | I14: 11.55 | J14: 35.64 | K14: 13.84 | L14: 22.42 | M14: 47.16 | N14: 24.95 | P14: =P13+100 -> 1300 | Q14: =AVERAGE(N26:N27) -> 33.71
A15: 1 | B15: 700 | C15: 1.27 | D15: 1.66 | E15: 1.46 | F15: 16.13 | G15: 17.34 | H15: 16.35 | I15: 0 | J15: 0.06 | K15: 0 | L15: 17.52 | M15: 18.78 | N15: 17.82 | P15: =P14+100 -> 1400 | Q15: =AVERAGE(N28:N29) -> 35.835
A16: 0 | B16: 800 | C16: 1.73 | D16: 2.19 | E16: 1.95 | F16: 10.16 | G16: 10.39 | H16: 10.3 | I16: 12.51 | J16: 29.38 | K16: 13.29 | L16: 24.61 | M16: 41.83 | N16: 25.53 | P16: =P15+100 -> 1500 | Q16: =AVERAGE(N30:N31) -> 40.4
A17: 1 | B17: 800 | C17: 1.45 | D17: 1.89 | E17: 1.65 | F17: 18.15 | G17: 19.09 | H17: 18.38 | I17: 0 | J17: 0.04 | K17: 0 | L17: 19.71 | M17: 20.79 | N17: 20.03 | P17: =P16+100 -> 1600 | Q17: =AVERAGE(N32:N33) -> 42.285
A18: 0 | B18: 900 | C18: 0.42 | D18: 1.11 | E18: 0.76 | F18: 11.37 | G18: 11.76 | H18: 11.58 | I18: 13.22 | J18: 42.61 | K18: 14.77 | L18: 25.29 | M18: 55.06 | N18: 27.11 | P18: =P17+100 -> 1700 | Q18: =AVERAGE(N34:N35) -> 42.705
A19: 1 | B19: 900 | C19: 2.61 | D19: 3.48 | E19: 3.03 | F19: 20.35 | G19: 21.87 | H19: 20.72 | I19: 0 | J19: 0.36 | K19: 0.03 | L19: 23.34 | M19: 25.72 | N19: 23.79 | P19: =P18+100 -> 1800 | Q19: =AVERAGE(N36:N37) -> 44.59
A20: 0 | B20: 1000 | C20: 1.54 | D20: 2.22 | E20: 1.85 | F20: 12.72 | G20: 13.16 | H20: 12.84 | I20: 13.75 | J20: 45.41 | K20: 15.8 | L20: 28.13 | M20: 60.79 | N20: 30.48 | P20: 1900 | Q20: =AVERAGE(N38:N39) -> #DIV/0!
A21: 1 | B21: 1000 | C21: 1.66 | D21: 2.24 | E21: 1.94 | F21: 22.47 | G21: 23.87 | H21: 22.7 | I21: 0 | J21: 0.08 | K21: 0.01 | L21: 24.32 | M21: 25.96 | N21: 24.65
A22: 0 | B22: 1100 | C22: 1.63 | D22: 2.15 | E22: 1.89 | F22: 13.86 | G22: 14.35 | H22: 14.06 | I22: 14.21 | J22: 47.4 | K22: 15.82 | L22: 30.1 | M22: 63.89 | N22: 31.77
A23: 1 | B23: 1100 | C23: 1.84 | D23: 2.39 | E23: 2.09 | F23: 24.96 | G23: 26.31 | H23: 25.17 | I23: 0 | J23: 0.11 | K23: 0.01 | L23: 26.88 | M23: 28.73 | N23: 27.27
A24: 0 | B24: 1200 | C24: 1.77 | D24: 2.44 | E24: 1.99 | F24: 15.41 | G24: 15.93 | H24: 15.61 | I24: 15.27 | J24: 49.93 | K24: 16.85 | L24: 32.7 | M24: 68.3 | N24: 34.45
A25: 1 | B25: 1200 | C25: 1.95 | D25: 2.29 | E25: 2.11 | F25: 27.25 | G25: 28.82 | H25: 27.42 | I25: 0 | J25: 0.05 | K25: 0.01 | L25: 29.28 | M25: 31.16 | N25: 29.54
A26: 0 | B26: 1300 | C26: 1.56 | D26: 2.02 | E26: 1.79 | F26: 16.56 | G26: 16.98 | H26: 16.76 | I26: 15.85 | J26: 34.31 | K26: 16.73 | L26: 34.26 | M26: 53.14 | N26: 35.27
A27: 1 | B27: 1300 | C27: 2.29 | D27: 2.73 | E27: 2.48 | F27: 29.43 | G27: 30.8 | H27: 29.66 | I27: 0 | J27: 0.07 | K27: 0.01 | L27: 31.76 | M27: 33.49 | N27: 32.15
A28: 0 | B28: 1400 | C28: 1.55 | D28: 2.03 | E28: 1.8 | F28: 17.8 | G28: 18.28 | H28: 17.95 | I28: 16.55 | J28: 38.98 | K28: 17.39 | L28: 36.01 | M28: 59.08 | N28: 37.14
A29: 1 | B29: 1400 | C29: 2.47 | D29: 3 | E29: 2.71 | F29: 31.57 | G29: 33.03 | H29: 31.81 | I29: 0 | J29: 0.07 | K29: 0.01 | L29: 34.23 | M29: 35.77 | N29: 34.53
A30: 0 | B30: 1500 | C30: 1.48 | D30: 2.2 | E30: 1.77 | F30: 19.04 | G30: 19.76 | H30: 19.41 | I30: 17.3 | J30: 46.83 | K30: 22.51 | L30: 38.14 | M30: 68.37 | N30: 43.69
A31: 1 | B31: 1500 | C31: 2.6 | D31: 3.39 | E31: 2.93 | F31: 33.6 | G31: 35.48 | H31: 34.16 | I31: 0 | J31: 0.18 | K31: 0.02 | L31: 36.41 | M31: 38.9 | N31: 37.11
A32: 0 | B32: 1600 | C32: 1.95 | D32: 2.53 | E32: 2.2 | F32: 20.74 | G32: 21.64 | H32: 21.01 | I32: 18.32 | J32: 54.13 | K32: 22.41 | L32: 41.32 | M32: 78.23 | N32: 45.62
... A37: 1 | B37: 1800 | C37: 3.64 | D37: 4.46 | E37: 4.07 | F37: 40.03 | G37: 41.66 | H37: 40.39 | I37: 0 | J37: 0.4 | K37: 0.07 | L37: 43.7 | M37: 46.34 | N37: 44.53
A40: Software | B40: Version
A41: CompactRIO Support | B41: 18
A42: Hardware Configuration Web Support | B42: 18.0.0
A43: LabVIEW Real-Time | B43: 18.0.0
A44: Network Configuration Web Support | B44: 18.0.0
A45: Network Streams | B45: 18
A46: NI System Configuration | B46: 18.0.0
A47: NI System Configuration Remote Support | B47: 18.0.0
A48: NI Web-based Configuration and Monitoring | B48: 18.0.0
A49: NI-RIO | B49: 18
A50: NI-RIO Server | B50: 18
A51: NI-VISA | B51: 18.0.0
A52: NI-VISA ENET Passport | B52: 18.0.0
A53: NI-VISA ENET-ASRL Passport | B53: 18.0.0
A54: NI-VISA Remote Passport | B54: 18.0.0
A55: NI-VISA Server | B55: 18.0.0
A56: NI-VISA USB Passport | B56: 18.0.0
A57: Remote Panel Server for LabVIEW RT | B57: 18.0.0
A58: Run-Time Engine for Web Services | B58: 18.0.0
A59: Software Management Web Support | B59: 18.0.0
A60: SSL Support for LabVIEW RT | B60: 18.0.0
A61: Time Configuration Web Support | B61: 18.0.0
A62: WebDAV Server | B62: 18.0.0
A64: Hardware

Sheet Test_Data_2018b10
A1: Core | B1: Rate | C1: ISRs (Min) | D1: ISRs (Max) | E1: ISRs (Max) | F1: TL (min) | G1: TL (max) | H1: TL (Mean) | I1: Other (Min) | J1: Other (Max) | K1: Other (Mean) | L1: Total (min) | M1: Total (max) | N1: Total (Mean) | Q1: Total Mean
A2: 0 | B2: 100 | C2: 0 | D2: 2.58 | E2: 0.77 | F2: 1.15 | G2: 94.81 | H2: 2.59 | I2: 3.53 | J2: 86.44 | K2: 9.98 | L2: 5.24 | M2: 99.97 | N2: 13.34 | P2: 100 | Q2: =AVERAGE(N2:N3) -> 8.755
A3: 1 | B3: 100 | C3: 0.71 | D3: 2.06 | E3: 1.54 | F3: 2.27 | G3: 3.73 | H3: 2.62 | I3: 0 | J3: 0.25 | K3: 0 | L3: 3.04 | M3: 5.65 | N3: 4.17 | P3: =P2+100 -> 200 | Q3: =AVERAGE(N4:N5) -> 9.17
A4: 0 | B4: 200 | C4: 0.42 | D4: 1.72 | E4: 1.19 | F4: 2.88 | G4: 2.98 | H4: 2.93 | I4: 7.6 | J4: 16.6 | K4: 7.91 | L4: 11.27 | M4: 21.01 | N4: 12.04 | P4: =P3+100 -> 300 | Q4: =AVERAGE(N6:N7) -> 11.295
A5: 1 | B5: 200 | C5: 0.86 | D5: 2.09 | E5: 1.37 | F5: 4.85 | G5: 5.15 | H5: 4.93 | I5: 0 | J5: 0.09 | K5: 0 | L5: 5.71 | M5: 7.04 | N5: 6.3 | P5: =P4+100 -> 400 | Q5: =AVERAGE(N8:N9) -> 13.27
A6: 0 | B6: 300 | C6: 0.35 | D6: 1.06 | E6: 0.73 | F6: 4.02 | G6: 4.19 | H6: 4.07 | I6: 8.35 | J6: 8.85 | K6: 8.54 | L6: 12.8 | M6: 13.92 | N6: 13.34 | P6: =P5+100 -> 500 | Q6: =AVERAGE(N10:N11) -> 16.005
A7: 1 | B7: 300 | C7: 1.68 | D7: 2.41 | E7: 1.98 | F7: 7.16 | G7: 7.49 | H7: 7.26 | I7: 0 | J7: 0.09 | K7: 0.01 | L7: 8.88 | M7: 9.64 | N7: 9.25 | P7: =P6+100 -> 600 | Q7: =AVERAGE(N12:N13) -> 18.145
A8: 0 | B8: 400 | C8: 1.5 | D8: 2.07 | E8: 1.84 | F8: 5.13 | G8: 5.29 | H8: 5.2 | I8: 8.56 | J8: 30.78 | K8: 9.01 | L8: 15.47 | M8: 38.14 | N8: 16.04 | P8: =P7+100 -> 700 | Q8: =AVERAGE(N14:N15) -> 20.655
A9: 1 | B9: 400 | C9: 0.86 | D9: 1.44 | E9: 1.1 | F9: 9.31 | G9: 9.82 | H9: 9.38 | I9: 0 | J9: 0.13 | K9: 0.01 | L9: 10.22 | M9: 11.26 | N9: 10.5 | P9: =P8+100 -> 800 | Q9: =AVERAGE(N16:N17) -> 22.485
A10: 0 | B10: 500 | C10: 1.5 | D10: 1.99 | E10: 1.8 | F10: 6.45 | G10: 6.63 | H10: 6.54 | I10: 9.98 | J10: 19.84 | K10: 10.42 | L10: 18.2 | M10: 28.32 | N10: 18.75 | P10: =P9+100 -> 900 | Q10: =AVERAGE(N18:N19) -> 24.48
A11: 1 | B11: 500 | C11: 1.14 | D11: 1.58 | E11: 1.36 | F11: 11.76 | G11: 12.74 | H11: 11.89 | I11: 0 | J11: 0.07 | K11: 0.01 | L11: 13.02 | M11: 14.2 | N11: 13.26 | P11: =P10+100 -> 1000 | Q11: =AVERAGE(N20:N21) -> 26.625
A12: 0 | B12: 600 | C12: 0.72 | D12: 1.74 | E12: 1.4 | F12: 7.55 | G12: 7.81 | H12: 7.66 | I12: 10.83 | J12: 28.05 | K12: 11.19 | L12: 19.34 | M12: 37.6 | N12: 20.25 | P12: =P11+100 -> 1100 | Q12: =AVERAGE(N22:N23) -> 28.85
A13: 1 | B13: 600 | C13: 1.55 | D13: 2.6 | E13: 1.95 | F13: 13.91 | G13: 14.51 | H13: 14.08 | I13: 0 | J13: 0.09 | K13: 0.01 | L13: 15.69 | M13: 16.55 | N13: 16.04 | P13: =P12+100 -> 1200 | Q13: =AVERAGE(N24:N25) -> 31.21
A14: 0 | B14: 700 | C14: 1.62 | D14: 2.33 | E14: 1.89 | F14: 8.89 | G14: 9.18 | H14: 8.98 | I14: 11.53 | J14: 53.14 | K14: 12.32 | L14: 22.22 | M14: 64.65 | N14: 23.18 | P14: =P13+100 -> 1300 | Q14: =AVERAGE(N26:N27) -> 33.415
A15: 1 | B15: 700 | C15: 1.42 | D15: 1.88 | E15: 1.63 | F15: 16.36 | G15: 17.91 | H15: 16.5 | I15: 0 | J15: 0.05 | K15: 0.01 | L15: 17.84 | M15: 19.75 | N15: 18.13 | P15: =P14+100 -> 1400 | Q15: =AVERAGE(N28:N29) -> 35.68
A16: 0 | B16: 800 | C16: 1.87 | D16: 2.21 | E16: 2.04 | F16: 10.09 | G16: 10.27 | H16: 10.16 | I16: 12.34 | J16: 15.38 | K16: 12.67 | L16: 24.48 | M16: 27.81 | N16: 24.87 | P16: =P15+100 -> 1500 | Q16: =AVERAGE(N30:N31) -> 37.755
A17: 1 | B17: 800 | C17: 1.44 | D17: 1.81 | E17: 1.63 | F17: 18.29 | G17: 18.88 | H17: 18.47 | I17: 0 | J17: 0.02 | K17: 0 | L17: 19.83 | M17: 20.59 | N17: 20.1 | P17: =P16+100 -> 1600 | Q17: =AVERAGE(N32:N33) -> 40.52
A18: 0 | B18: 900 | C18: 0.61 | D18: 1.08 | E18: 0.8 | F18: 11.26 | G18: 11.55 | H18: 11.4 | I18: 12.87 | J18: 13.32 | K18: 13.09 | L18: 24.96 | M18: 25.7 | N18: 25.28 | P18: =P17+100 -> 1700 | Q18: =AVERAGE(N34:N35) -> 42.625
A19: 1 | B19: 900 | C19: 2.64 | D19: 3.32 | E19: 3.02 | F19: 20.53 | G19: 20.74 | H19: 20.64 | I19: 0 | J19: 0.11 | K19: 0.02 | L19: 23.28 | M19: 24.02 | N19: 23.68 | P19: =P18+100 -> 1800 | Q19: =AVERAGE(N36:N37) -> 44.55
A20: 0 | B20: 1000 | C20: 1.66 | D20: 2.13 | E20: 1.93 | F20: 12.53 | G20: 12.97 | H20: 12.7 | I20: 13.52 | J20: 23.77 | K20: 13.88 | L20: 28.02 | M20: 38.58 | N20: 28.51 | P20: 1900 | Q20: =AVERAGE(N38:N39) -> 47.44
A21: 1 | B21: 1000 | C21: 1.71 | D21: 2.16 | E21: 1.9 | F21: 22.6 | G21: 23.58 | H21: 22.83 | I21: 0 | J21: 0.05 | K21: 0.01 | L21: 24.32 | M21: 25.53 | N21: 24.74
A22: 0 | B22: 1100 | C22: 1.43 | D22: 1.95 | E22: 1.69 | F22: 13.84 | G22: 14.07 | H22: 13.95 | I22: 14.34 | J22: 17.86 | K22: 14.59 | L22: 29.91 | M22: 33.48 | N22: 30.23
A23: 1 | B23: 1100 | C23: 2.13 | D23: 2.64 | E23: 2.4 | F23: 24.91 | G23: 25.39 | H23: 25.07 | I23: 0 | J23: 0.07 | K23: 0.01 | L23: 27.13 | M23: 27.86 | N23: 27.47
A24: 0 | B24: 1200 | C24: 1.69 | D24: 2.12 | E24: 1.9 | F24: 15.22 | G24: 15.5 | H24: 15.33 | I24: 15.07 | J24: 25.74 | K24: 15.4 | L24: 32.06 | M24: 43.07 | N24: 32.63
A25: 1 | B25: 1200 | C25: 2.09 | D25: 2.51 | E25: 2.33 | F25: 27.28 | G25: 28.41 | H25: 27.45 | I25: 0 | J25: 0.07 | K25: 0.01 | L25: 29.42 | M25: 30.85 | N25: 29.79
A26: 0 | B26: 1300 | C26: 1.68 | D26: 2.19 | E26: 1.91 | F26: 16.45 | G26: 16.72 | H26: 16.58 | I26: 15.65 | J26: 19.37 | K26: 16.03 | L26: 34.02 | M26: 37.85 | N26: 34.52
A27: 1 | B27: 1300 | C27: 2.33 | D27: 2.77 | E27: 2.55 | F27: 29.51 | G27: 30.13 | H27: 29.75 | I27: 0 | J27: 0.05 | K27: 0.01 | L27: 31.94 | M27: 32.69 | N27: 32.31
A28: 0 | B28: 1400 | C28: 1.79 | D28: 2.12 | E28: 1.97 | F28: 17.74 | G28: 17.97 | H28: 17.85 | I28: 16.61 | J28: 17.19 | K28: 16.83 | L28: 36.38 | M28: 36.94 | N28: 36.65
A29: 1 | B29: 1400 | C29: 2.43 | D29: 2.9 | E29: 2.66 | F29: 31.82 | G29: 32.33 | H29: 32.04 | I29: 0 | J29: 0.04 | K29: 0 | L29: 34.39 | M29: 34.96 | N29: 34.71
A30: 0 | B30: 1500 | C30: 1.56 | D30: 2.21 | E30: 1.91 | F30: 18.86 | G30: 19.41 | H30: 19.13 | I30: 16.9 | J30: 27.94 | K30: 17.27 | L30: 37.83 | M30: 49.23 | N30: 38.31
A31: 1 | B31: 1500 | C31: 2.61 | D31: 3.33 | E31: 2.87 | F31: 34.1 | G31: 35.37 | H31: 34.32 | I31: 0 | J31: 0.07 | K31: 0.01 | L31: 36.77 | M31: 38.23 | N31: 37.2
A32: 0 | B32: 1600 | C32: 1.99 | D32: 2.43 | E32: 2.17 | F32: 20.47 | G32: 20.87 | H32: 20.64 | I32: 18 | J32: 32.91 | K32: 18.52 | L32: 40.72 | M32: 55.72 | N32: 41.33
... A39: 1 | B39: 1900 | C39: 3.19 | D39: 3.74 | E39: 3.49 | F39: 43.68 | G39: 44.28 | H39: 43.92 | I39: 0 | J39: 0.06 | K39: 0.01 | L39: 47.03 | M39: 47.83 | N39: 47.42
A42: Software | B42: Version
A43: CompactRIO Support | B43: 18
A44: Hardware Configuration Web Support | B44: 16.0.0
A45: LabVIEW Real-Time | B45: 18.0.0
A46: Network Configuration Web Support | B46: 16.0.0
A47: Network Streams | B47: 18
A48: NI System Configuration | B48: 17.5.0
A49: NI System Configuration Remote Support | B49: 17.5.0
A50: NI Web-based Configuration and Monitoring | B50: 18.0.0
A51: NI-RIO | B51: 18
A52: NI-VISA | B52: 17.5.0
A53: NI-VISA ENET Passport | B53: 17.5.0
A54: NI-VISA ENET-ASRL Passport | B54: 17.5.0
A55: NI-VISA Remote Passport | B55: 17.5.0
A56: NI-VISA Server | B56: 17.5.0
A57: NI-VISA USB Passport | B57: 17.5.0
A58: Remote Panel Server for LabVIEW RT | B58: 18.0.0
A59: Run-Time Engine for Web Services | B59: 18.0.0
A60: Software Management Web Support | B60: 16.0.0
A61: SSL Support for LabVIEW RT | B61: 18.0.0
A62: Time Configuration Web Support | B62: 16.0.0
A63: WebDAV Server | B63: 18.0.0
A65: Hardware

Sheet Test_Data_2017
A1: Core | B1: Rate | C1: ISRs (Min) | D1: ISRs (Max) | E1: ISRs (Max) | F1: TL (min) | G1: TL (max) | H1: TL (Mean) | I1: Other (Min) | J1: Other (Max) | K1: Other (Mean) | L1: Total (min) | M1: Total (max) | N1: Total (Mean) | Q1: Total Mean
A2: 0 | B2: 100 | C2: 0.08 | D2: 2.79 | E2: 1.12 | F2: 1.26 | G2: 94.38 | H2: 2.69 | I2: 5.53 | J2: 96.53 | K2: 19.44 | L2: 9.5 | M2: 100 | N2: 23.25 | P2: 100 | Q2: =AVERAGE(N2:N3) -> 13.75
A3: 1 | B3: 100 | C3: 0.56 | D3: 1.88 | E3: 1.32 | F3: 2.45 | G3: 4.36 | H3: 2.92 | I3: 0 | J3: 0.12 | K3: 0.01 | L3: 3.3 | M3: 6.12 | N3: 4.25 | P3: =P2+100 -> 200 | Q3: =AVERAGE(N4:N5) -> 10.285
A4: 0 | B4: 200 | C4: 0.92 | D4: 1.95 | E4: 1.52 | F4: 2.98 | G4: 3.13 | H4: 3.02 | I4: 8.17 | J4: 43.48 | K4: 9.73 | L4: 12.26 | M4: 48.36 | N4: 14.27 | P4: =P3+100 -> 300 | Q4: =AVERAGE(N6:N7) -> 12.245
A5: 1 | B5: 200 | C5: 0.73 | D5: 1.64 | E5: 1.06 | F5: 5.16 | G5: 5.88 | H5: 5.24 | I5: 0 | J5: 0.04 | K5: 0 | L5: 5.96 | M5: 7.48 | N5: 6.3 | P5: =P4+100 -> 400 | Q5: =AVERAGE(N8:N9) -> 14.155
A6: 0 | B6: 300 | C6: 0.71 | D6: 1.53 | E6: 1.14 | F6: 4.16 | G6: 4.33 | H6: 4.21 | I6: 8.94 | J6: 33.66 | K6: 9.89 | L6: 14 | M6: 39.3 | N6: 15.23 | P6: =P5+100 -> 500 | Q6: =AVERAGE(N10:N11) -> 16.44
A7: 1 | B7: 300 | C7: 1.21 | D7: 2.06 | E7: 1.58 | F7: 7.57 | G7: 8.32 | H7: 7.67 | I7: 0 | J7: 0.12 | K7: 0.01 | L7: 8.9 | M7: 10.19 | N7: 9.26 | P7: =P6+100 -> 600 | Q7: =AVERAGE(N12:N13) -> 18.71
A8: 0 | B8: 400 | C8: 1.3 | D8: 1.91 | E8: 1.68 | F8: 5.28 | G8: 5.52 | H8: 5.35 | I8: 9.58 | J8: 13.02 | K8: 9.94 | L8: 16.48 | M8: 20.26 | N8: 16.97 | P8: =P7+100 -> 700 | Q8: =AVERAGE(N14:N15) -> 20.745
A9: 1 | B9: 400 | C9: 0.97 | D9: 1.57 | E9: 1.18 | F9: 10.03 | G9: 10.57 | H9: 10.17 | I9: 0 | J9: 0.03 | K9: 0 | L9: 11.06 | M9: 11.65 | N9: 11.34 | P9: =P8+100 -> 800 | Q9: =AVERAGE(N16:N17) -> 23.205
A10: 0 | B10: 500 | C10: 1.47 | D10: 1.95 | E10: 1.71 | F10: 6.4 | G10: 6.71 | H10: 6.56 | I10: 10.34 | J10: 13.69 | K10: 10.78 | L10: 18.49 | M10: 22.13 | N10: 19.04 | P10: =P9+100 -> 900 | Q10: =AVERAGE(N18:N19) -> 25.48
A11: 1 | B11: 500 | C11: 1.14 | D11: 1.6 | E11: 1.34 | F11: 12.36 | G11: 12.83 | H11: 12.49 | I11: 0 | J11: 0.05 | K11: 0 | L11: 13.53 | M11: 14.22 | N11: 13.84 | P11: =P10+100 -> 1000 | Q11: =AVERAGE(N20:N21) -> 27.355
A12: 0 | B12: 600 | C12: 1.2 | D12: 1.86 | E12: 1.61 | F12: 7.73 | G12: 7.92 | H12: 7.83 | I12: 11.05 | J12: 19.69 | K12: 11.55 | L12: 20.34 | M12: 29.23 | N12: 20.98 | P12: =P11+100 -> 1100 | Q12: =AVERAGE(N22:N23) -> 29.85
A13: 1 | B13: 600 | C13: 1.32 | D13: 2.02 | E13: 1.59 | F13: 14.72 | G13: 15.4 | H13: 14.84 | I13: 0 | J13: 0.06 | K13: 0 | L13: 16.14 | M13: 17.07 | N13: 16.44 | P13: =P12+100 -> 1200 | Q13: =AVERAGE(N24:N25) -> 31.965
A14: 0 | B14: 700 | C14: 1.49 | D14: 1.94 | E14: 1.75 | F14: 8.94 | G14: 9.1 | H14: 9.01 | I14: 11.69 | J14: 15.14 | K14: 11.98 | L14: 22.28 | M14: 26.02 | N14: 22.74 | P14: =P13+100 -> 1300 | Q14: =AVERAGE(N26:N27) -> 34.155
A15: 1 | B15: 700 | C15: 1.35 | D15: 1.94 | E15: 1.61 | F15: 17 | G15: 17.49 | H15: 17.14 | I15: 0 | J15: 0.04 | K15: 0 | L15: 18.53 | M15: 19.2 | N15: 18.75 | P15: =P14+100 -> 1400 | Q15: =AVERAGE(N28:N29) -> 34.58
A16: 0 | B16: 800 | C16: 1.74 | D16: 2.2 | E16: 1.97 | F16: 10.2 | G16: 10.38 | H16: 10.29 | I16: 12.49 | J16: 18.8 | K16: 13.22 | L16: 24.6 | M16: 31.38 | N16: 25.48 | P16: =P15+100 -> 1500 | Q16: =AVERAGE(N30:N31) -> 38.885
A17: 1 | B17: 800 | C17: 1.37 | D17: 1.75 | E17: 1.56 | F17: 19.18 | G17: 19.91 | H17: 19.37 | I17: 0 | J17: 0.03 | K17: 0 | L17: 20.64 | M17: 21.37 | N17: 20.93 | P17: =P16+100 -> 1600 | Q17: =AVERAGE(N32:N33) -> 43.08
A18: 0 | B18: 900 | C18: 0.74 | D18: 1.28 | E18: 0.95 | F18: 11.46 | G18: 11.68 | H18: 11.55 | I18: 13.13 | J18: 41.21 | K18: 13.98 | L18: 25.46 | M18: 53.9 | N18: 26.48 | P18: =P17+100 -> 1700 | Q18: =AVERAGE(N34:N35) -> 44.79
A19: 1 | B19: 900 | C19: 2.42 | D19: 3.07 | E19: 2.7 | F19: 21.47 | G19: 22.72 | H19: 21.78 | I19: 0 | J19: 0.09 | K19: 0.01 | L19: 24.02 | M19: 25.86 | N19: 24.48 | P19: =P18+100 -> 1800 | Q19: =AVERAGE(N36:N37) -> 46.87
A20: 0 | B20: 1000 | C20: 1.61 | D20: 2.09 | E20: 1.84 | F20: 12.35 | G20: 13.05 | H20: 12.61 | I20: 13.75 | J20: 19.73 | K20: 14.56 | L20: 28.08 | M20: 34.27 | N20: 29.01 | P20: 1900 | Q20: =AVERAGE(N38:N39) -> 46.605
A21: 1 | B21: 1000 | C21: 1.6 | D21: 2.16 | E21: 1.86 | F21: 23.64 | G21: 24.26 | H21: 23.84 | I21: 0 | J21: 0.04 | K21: 0.01 | L21: 25.32 | M21: 26.14 | N21: 25.7 | P21: 2000 | Q21: =AVERAGE(N40:N41) -> 51.09
A22: 0 | B22: 1100 | C22: 1.72 | D22: 2.09 | E22: 1.94 | F22: 14.15 | G22: 14.34 | H22: 14.24 | I22: 14.54 | J22: 24.94 | K22: 15.18 | L22: 30.65 | M22: 41.35 | N22: 31.36 | P22: 2100 | Q22: =AVERAGE(N42:N43) -> 53.805
A23: 1 | B23: 1100 | C23: 1.72 | D23: 2.23 | E23: 1.96 | F23: 26.18 | G23: 27.4 | H23: 26.37 | I23: 0 | J23: 0.05 | K23: 0 | L23: 28.01 | M23: 29.23 | N23: 28.34
A24: 0 | B24: 1200 | C24: 1.89 | D24: 2.24 | E24: 2.06 | F24: 15.42 | G24: 15.62 | H24: 15.5 | I24: 15 | J24: 19.5 | K24: 15.73 | L24: 32.44 | M24: 37.28 | N24: 33.29
A25: 1 | B25: 1200 | C25: 1.91 | D25: 2.2 | E25: 2.04 | F25: 28.45 | G25: 28.85 | H25: 28.6 | I25: 0 | J25: 0.03 | K25: 0 | L25: 30.43 | M25: 30.94 | N25: 30.64
A26: 0 | B26: 1300 | C26: 1.73 | D26: 2.2 | E26: 1.98 | F26: 16.51 | G26: 16.81 | H26: 16.64 | I26: 15.8 | J26: 23.03 | K26: 16.5 | L26: 34.34 | M26: 41.84 | N26: 35.12
A27: 1 | B27: 1300 | C27: 1.98 | D27: 2.46 | E27: 2.24 | F27: 30.68 | G27: 31.56 | H27: 30.95 | I27: 0 | J27: 0.03 | K27: 0.01 | L27: 32.91 | M27: 33.87 | N27: 33.19
A28: 0 | B28: 1400 | C28: 1.94 | D28: 2.34 | E28: 2.13 | F28: 17.52 | G28: 17.81 | H28: 17.69 | I28: 14.19 | J28: 21.3 | K28: 14.85 | L28: 33.92 | M28: 41.41 | N28: 34.66
A29: 1 | B29: 1400 | C29: 1.97 | D29: 2.34 | E29: 2.17 | F29: 32.12 | G29: 32.76 | H29: 32.32 | I29: 0 | J29: 0.03 | K29: 0 | L29: 34.1 | M29: 35.1 | N29: 34.5
A30: 0 | B30: 1500 | C30: 2.06 | D30: 2.64 | E30: 2.26 | F30: 18.54 | G30: 19.37 | H30: 18.87 | I30: 16.18 | J30: 45.34 | K30: 18.8 | L30: 37.03 | M30: 67.25 | N30: 39.92
A31: 1 | B31: 1500 | C31: 1.95 | D31: 2.42 | E31: 2.19 | F31: 35.19 | G31: 37.33 | H31: 35.66 | I31: 0 | J31: 0.06 | K31: 0.01 | L31: 37.32 | M31: 39.71 | N31: 37.85
A32: 0 | B32: 1600 | C32: 1.95 | D32: 2.56 | E32: 2.22 | F32: 20.46 | G32: 21.09 | H32: 20.73 | I32: 17.61 | J32: 45.04 | K32: 22.6 | L32: 40.31 | M32: 68.44 | N32: 45.55
A33: 1 | B33: 1600 | C33: 2.34 | D33: 2.77 | E33: 2.52 | F33: 37.61 | G33: 39.61 | H33: 38.08 | I33: 0 | J33: 0.16 | K33: 0.02 | L33: 40.02 | M33: 42.47 | N33: 40.61
A34: 0 | B34: 1700 | C34: 1.78 | D34: 2.39 | E34: 2.03 | F34: 22.21 | G34: 22.82 | H34: 22.49 | I34: 18.87 | J34: 52.66 | K34: 21.58 | L34: 43.19 | M34: 77.87 | N34: 46.1
... A43: 1 | B43: 2100 | C43: 3.33 | D43: 3.82 | E43: 3.53 | F43: 50.62 | G43: 53.14 | H43: 50.98 | I43: 0 | J43: 0.08 | K43: 0.01 | L43: 53.97 | M43: 56.79 | N43: 54.52
A44: 0 | B44: 2200 | C44: 0 | D44: 0 | E44: NaN | F44: 0 | G44: 0 | H44: NaN | I44: 0 | J44: 0 | K44: NaN | L44: 0 | M44: 0 | N44: NaN
A45: 1 | B45: 2200 | C45: 0 | D45: 0 | E45: NaN | F45: 0 | G45: 0 | H45: NaN | I45: 0 | J45: 0 | K45: NaN | L45: 0 | M45: 0 | N45: NaN

Sheet Test_Data_2017b6
A1: Core | B1: Rate | C1: ISRs (Min) | D1: ISRs (Max) | E1: ISRs (Max) | F1: TL (min) | G1: TL (max) | H1: TL (Mean) | I1: Other (Min) | J1: Other (Max) | K1: Other (Mean) | L1: Total (min) | M1: Total (max) | N1: Total (Mean) | Q1: Total Mean
A2: 0 | B2: 100 | C2: 0.25 | D2: 1.98 | E2: 0.87 | F2: 1.19 | G2: 2.62 | H2: 1.91 | I2: 3.86 | J2: 76.15 | K2: 8.92 | L2: 6.06 | M2: 79.68 | N2: 11.69 | P2: 100 | Q2: =AVERAGE(N2:N3) -> 7.915
A3: 1 | B3: 100 | C3: 0.56 | D3: 1.96 | E3: 1.38 | F3: 2.41 | G3: 3.83 | H3: 2.76 | I3: 0 | J3: 0.07 | K3: 0 | L3: 2.96 | M3: 4.98 | N3: 4.14 | P3: =P2+100 -> 200 | Q3: =AVERAGE(N4:N5) -> 9.725
A4: 0 | B4: 200 | C4: 0.73 | D4: 1.73 | E4: 1.31 | F4: 2.99 | G4: 3.12 | H4: 3.03 | I4: 8.33 | J4: 19.08 | K4: 8.64 | L4: 12.29 | M4: 23.38 | N4: 12.98 | P4: =P3+100 -> 300 | Q4: =AVERAGE(N6:N7) -> 11.98
A5: 1 | B5: 200 | C5: 0.8 | D5: 1.8 | E5: 1.23 | F5: 5.19 | G5: 5.4 | H5: 5.24 | I5: 0 | J5: 0.08 | K5: 0 | L5: 6.02 | M5: 7.01 | N5: 6.47 | P5: =P4+100 -> 400 | Q5: =AVERAGE(N8:N9) -> 14.2
A6: 0 | B6: 300 | C6: 0.79 | D6: 1.53 | E6: 1.15 | F6: 4.16 | G6: 4.27 | H6: 4.21 | I6: 9.13 | J6: 10.65 | K6: 9.32 | L6: 14.14 | M6: 16.11 | N6: 14.68 | P6: =P5+100 -> 500 | Q6: =AVERAGE(N10:N11) -> 16.505
A7: 1 | B7: 300 | C7: 1.15 | D7: 1.96 | E7: 1.55 | F7: 7.67 | G7: 7.83 | H7: 7.73 | I7: 0 | J7: 0.12 | K7: 0 | L7: 8.89 | M7: 9.81 | N7: 9.28 | P7: =P6+100 -> 600 | Q7: =AVERAGE(N12:N13) -> 18.835
A8: 0 | B8: 400 | C8: 1.24 | D8: 1.95 | E8: 1.69 | F8: 5.31 | G8: 5.48 | H8: 5.37 | I8: 9.75 | J8: 10.12 | K8: 9.93 | L8: 16.52 | M8: 17.27 | N8: 16.99 | P8: =P7+100 -> 700 | Q8: =AVERAGE(N14:N15) -> 20.985
A9: 1 | B9: 400 | C9: 0.89 | D9: 1.62 | E9: 1.19 | F9: 10.11 | G9: 10.44 | H9: 10.22 | I9: 0 | J9: 0.03 | K9: 0 | L9: 11.14 | M9: 11.8 | N9: 11.41 | P9: =P8+100 -> 800 | Q9: =AVERAGE(N16:N17) -> 23.17
A10: 0 | B10: 500 | C10: 1.43 | D10: 2.02 | E10: 1.76 | F10: 6.49 | G10: 6.71 | H10: 6.56 | I10: 10.53 | J10: 13.23 | K10: 10.75 | L10: 18.68 | M10: 21.56 | N10: 19.07 | P10: =P9+100 -> 900 | Q10: =AVERAGE(N18:N19) -> 25.365
A11: 1 | B11: 500 | C11: 1.11 | D11: 1.65 | E11: 1.33 | F11: 12.47 | G11: 12.9 | H11: 12.61 | I11: 0 | J11: 0.02 | K11: 0 | L11: 13.72 | M11: 14.33 | N11: 13.94 | P11: =P10+100 -> 1000 | Q11: =AVERAGE(N20:N21) -> 27.41
A12: 0 | B12: 600 | C12: 1.07 | D12: 2.08 | E12: 1.45 | F12: 7.71 | G12: 7.93 | H12: 7.8 | I12: 11.26 | J12: 29.38 | K12: 11.66 | L12: 20.33 | M12: 39.37 | N12: 20.9 | P12: =P11+100 -> 1100 | Q12: =AVERAGE(N22:N23) -> 29.83
A13: 1 | B13: 600 | C13: 1.43 | D13: 2.17 | E13: 1.8 | F13: 14.83 | G13: 15.59 | H13: 14.97 | I13: 0 | J13: 0.07 | K13: 0 | L13: 16.48 | M13: 17.29 | N13: 16.77 | P13: =P12+100 -> 1200 | Q13: =AVERAGE(N24:N25) -> 32.155
A14: 0 | B14: 700 | C14: 1.6 | D14: 2.09 | E14: 1.81 | F14: 8.95 | G14: 9.16 | H14: 9.05 | I14: 11.86 | J14: 14.81 | K14: 12.15 | L14: 22.62 | M14: 25.6 | N14: 23.01 | P14: =P13+100 -> 1300 | Q14: =AVERAGE(N26:N27) -> 33.5
A15: 1 | B15: 700 | C15: 1.42 | D15: 1.82 | E15: 1.59 | F15: 17.22 | G15: 17.76 | H15: 17.37 | I15: 0 | J15: 0.06 | K15: 0 | L15: 18.72 | M15: 19.4 | N15: 18.96 | P15: =P14+100 -> 1400 | Q15: =AVERAGE(N28:N29) -> 36.635
A16: 0 | B16: 800 | C16: 1.74 | D16: 2.2 | E16: 1.93 | F16: 10.33 | G16: 10.52 | H16: 10.41 | I16: 12.74 | J16: 13.18 | K16: 12.88 | L16: 25.02 | M16: 25.51 | N16: 25.22 | P16: =P15+100 -> 1500 | Q16: =AVERAGE(N30:N31) -> 39.055
A17: 1 | B17: 800 | C17: 1.42 | D17: 1.81 | E17: 1.6 | F17: 19.33 | G17: 19.94 | H17: 19.52 | I17: 0 | J17: 0.05 | K17: 0 | L17: 20.79 | M17: 21.54 | N17: 21.12 | P17: =P16+100 -> 1600 | Q17: =AVERAGE(N32:N33) -> 41.01
A18: 0 | B18: 900 | C18: 0.7 | D18: 1.33 | E18: 0.97 | F18: 11.51 | G18: 11.7 | H18: 11.61 | I18: 13.33 | J18: 13.68 | K18: 13.48 | L18: 25.7 | M18: 26.45 | N18: 26.06 | P18: =P17+100 -> 1700 | Q18: =AVERAGE(N34:N35) -> 42.26
A19: 1 | B19: 900 | C19: 2.28 | D19: 2.95 | E19: 2.69 | F19: 21.89 | G19: 22.05 | H19: 21.96 | I19: 0 | J19: 0.09 | K19: 0.01 | L19: 24.22 | M19: 24.97 | N19: 24.67 | P19: =P18+100 -> 1800 | Q19: =AVERAGE(N36:N37) -> 46.105
A20: 0 | B20: 1000 | C20: 1.49 | D20: 2.24 | E20: 1.9 | F20: 12.5 | G20: 13.17 | H20: 12.68 | I20: 14 | J20: 16.98 | K20: 14.2 | L20: 28.24 | M20: 31.54 | N20: 28.78 | P20: 1900 | Q20: =AVERAGE(N38:N39) -> 48.815
A21: 1 | B21: 1000 | C21: 1.63 | D21: 2.26 | E21: 1.91 | F21: 23.95 | G21: 24.42 | H21: 24.13 | I21: 0 | J21: 0.04 | K21: 0 | L21: 25.74 | M21: 26.46 | N21: 26.04 | P21: 2000 | Q21: =AVERAGE(N40:N41) -> 50.13
A22: 0 | B22: 1100 | C22: 1.37 | D22: 1.82 | E22: 1.62 | F22: 14.14 | G22: 14.37 | H22: 14.26 | I22: 14.73 | J22: 15.17 | K22: 14.92 | L22: 30.51 | M22: 31.12 | N22: 30.8
A23: 1 | B23: 1100 | C23: 2.06 | D23: 2.53 | E23: 2.3 | F23: 26.33 | G23: 26.88 | H23: 26.55 | I23: 0 | J23: 0.03 | K23: 0 | L23: 28.39 | M23: 29.28 | N23: 28.86
A24: 0 | B24: 1200 | C24: 1.93 | D24: 2.23 | E24: 2.05 | F24: 15.57 | G24: 15.92 | H24: 15.75 | I24: 15.45 | J24: 20.8 | K24: 15.79 | L24: 33.09 | M24: 38.73 | N24: 33.6
A25: 1 | B25: 1200 | C25: 1.87 | D25: 2.14 | E25: 1.99 | F25: 28.6 | G25: 29.1 | H25: 28.71 | I25: 0 | J25: 0.02 | K25: 0 | L25: 30.52 | M25: 31.22 | N25: 30.71
A26: 0 | B26: 1300 | C26: 1.74 | D26: 2.06 | E26: 1.92 | F26: 16.15 | G26: 16.48 | H26: 16.33 | I26: 15.25 | J26: 15.72 | K26: 15.47 | L26: 33.31 | M26: 34.05 | N26: 33.72
A27: 1 | B27: 1300 | C27: 2.17 | D27: 2.44 | E27: 2.32 | F27: 30.83 | G27: 31.08 | H27: 30.96 | I27: 0 | J27: 0.03 | K27: 0 | L27: 33.07 | M27: 33.48 | N27: 33.28
A28: 0 | B28: 1400 | C28: 1.93 | D28: 2.31 | E28: 2.1 | F28: 18.05 | G28: 18.35 | H28: 18.17 | I28: 17 | J28: 17.59 | K28: 17.19 | L28: 37.14 | M28: 37.86 | N28: 37.47
A29: 1 | B29: 1400 | C29: 2.05 | D29: 2.37 | E29: 2.22 | F29: 33.3 | G29: 33.87 | H29: 33.58 | I29: 0 | J29: 0.02 | K29: 0 | L29: 35.47 | M29: 36.18 | N29: 35.8
A30: 0 | B30: 1500 | C30: 1.76 | D30: 2.17 | E30: 1.98 | F30: 19.37 | G30: 19.84 | H30: 19.61 | I30: 17.49 | J30: 20.59 | K30: 17.72 | L30: 38.92 | M30: 42.28 | N30: 39.32
A31: 1 | B31: 1500 | C31: 2.26 | D31: 2.79 | E31: 2.48 | F31: 36.08 | G31: 36.63 | H31: 36.31 | I31: 0 | J31: 0.04 | K31: 0 | L31: 38.42 | M31: 39.22 | N31: 38.79
A32: 0 | B32: 1600 | C32: 1.96 | D32: 2.48 | E32: 2.16 | F32: 20.55 | G32: 21.07 | H32: 20.77 | I32: 17.96 | J32: 23.58 | K32: 18.28 | L32: 40.76 | M32: 46.46 | N32: 41.21
A33: 1 | B33: 1600 | C33: 2.28 | D33: 2.65 | E33: 2.43 | F33: 38.12 | G33: 38.76 | H33: 38.38 | I33: 0 | J33: 0.02 | K33: 0 | L33: 40.48 | M33: 41.41 | N33: 40.81
... A41: 1 | B41: 2000 | C41: 2.94 | D41: 3.51 | E41: 3.18 | F41: 47.31 | G41: 47.99 | H41: 47.61 | I41: 0 | J41: 0.06 | K41: 0.02 | L41: 50.43 | M41: 51.32 | N41: 50.81
A44: Software | B44: Version
A45: CompactRIO Support | B45: 17
A46: Hardware Configuration Web Support | B46: 16.0.0
A47: LabVIEW Real-Time | B47: 17.0.0
A48: Network Configuration Web Support | B48: 16.0.0
A49: Network Streams | B49: 17
A50: NI System Configuration | B50: 17.0.0
A51: NI System Configuration Remote Support | B51: 17.0.0
A52: NI Web-based Configuration and Monitoring | B52: 16.0.0
A53: NI-RIO | B53: 17
A54: NI-VISA | B54: 17.0.0
A55: NI-VISA ENET Passport | B55: 17.0.0
A56: NI-VISA ENET-ASRL Passport | B56: 17.0.0
A57: NI-VISA Remote Passport | B57: 17.0.0
A58: NI-VISA Server | B58: 17.0.0
A59: NI-VISA USB Passport | B59: 17.0.0
A60: Remote Panel Server for LabVIEW RT | B60: 17.0.0
A61: Run-Time Engine for Web Services | B61: 17.0.0
A62: Software Management Web Support | B62: 16.0.0
A63: SSL Support for LabVIEW RT | B63: 17.0.0
A64: Time Configuration Web Support | B64: 16.0.0
A65: WebDAV Server | B65: 16.0.0
A67: Hardware

Sheet Test_Data_2017a17
A1: Core | B1: Rate | C1: ISRs (Min) | D1: ISRs (Max) | E1: ISRs (Max) | F1: TL (min) | G1: TL (max) | H1: TL (Mean) | I1: Other (Min) | J1: Other (Max) | K1: Other (Mean) | L1: Total (min) | M1: Total (max) | N1: Total (Mean) | P1: Total Mean
A2: 0 | B2: 100 | C2: 0.85 | D2: 3.13 | E2: 2.16 | F2: 1.19 | G2: 2.05 | H2: 1.89 | I2: 3.56 | J2: 64.9 | K2: 10.5 | L2: 5.59 | M2: 68.93 | N2: 14.56 | O2: 100 | P2: 9.295
A3: 1 | B3: 100 | C3: 0.89 | D3: 1.45 | E3: 1.26 | F3: 2.41 | G3: 3.58 | H3: 2.77 | I3: 0 | J3: 0 | K3: 0 | L3: 3.68 | M3: 4.67 | N3: 4.03 | O3: 200 | P3: 11.105
A4: 0 | B4: 200 | C4: 2.64 | D4: 3.98 | E4: 3.19 | F4: 2.91 | G4: 3.1 | H4: 2.98 | I4: 8.26 | J4: 36.59 | K4: 9.63 | L4: 13.99 | M4: 43.62 | N4: 15.8 | O4: 300 | P4: 14.01
A5: 1 | B5: 200 | C5: 0.67 | D5: 1.51 | E5: 1.11 | F5: 5.19 | G5: 5.79 | H5: 5.3 | I5: 0 | J5: 0 | K5: 0 | L5: 6.06 | M5: 6.82 | N5: 6.41 | O5: 400 | P5: 16.12
A6: 0 | B6: 300 | C6: 3.19 | D6: 4.59 | E6: 3.69 | F6: 4.1 | G6: 4.28 | H6: 4.16 | I6: 8.59 | J6: 32.26 | K6: 11.21 | L6: 16.07 | M6: 40.62 | N6: 19.05 | O6: 500 | P6: 18.305
A7: 1 | B7: 300 | C7: 0.91 | D7: 1.53 | E7: 1.21 | F7: 7.57 | G7: 8.24 | H7: 7.76 | I7: 0 | J7: 0 | K7: 0 | L7: 8.63 | M7: 9.59 | N7: 8.97 | O7: 600 | P7: 20.955
A8: 0 | B8: 400 | C8: 4.59 | D8: 6.07 | E8: 4.85 | F8: 5.23 | G8: 5.42 | H8: 5.29 | I8: 8.77 | J8: 43 | K8: 10.97 | L8: 18.74 | M8: 54.47 | N8: 21.12 | O8: 700 | P8: 22.29
A9: 1 | B9: 400 | C9: 0.56 | D9: 1.02 | E9: 0.75 | F9: 10.15 | G9: 11.23 | H9: 10.37 | I9: 0 | J9: 0 | K9: 0 | L9: 10.91 | M9: 12 | N9: 11.12 | O9: 800 | P9: 24.935
A10: 0 | B10: 500 | C10: 5.27 | D10: 6.33 | E10: 5.52 | F10: 6.33 | G10: 6.62 | H10: 6.43 | I10: 9.17 | J10: 36.25 | K10: 11.14 | L10: 20.88 | M10: 49.2 | N10: 23.09 | O10: 900 | P10: 26.46
A11: 1 | B11: 500 | C11: 0.63 | D11: 0.96 | E11: 0.77 | F11: 12.51 | G11: 13.77 | H11: 12.75 | I11: 0 | J11: 0 | K11: 0 | L11: 13.19 | M11: 14.64 | N11: 13.52 | O11: 1000 | P11: 28.755
A12: 0 | B12: 600 | C12: 5.57 | D12: 7.07 | E12: 6 | F12: 7.63 | G12: 7.89 | H12: 7.71 | I12: 9.43 | J12: 40.81 | K12: 12.14 | L12: 22.89 | M12: 55.5 | N12: 25.85 | O12: 1100 | P12: 30.93
A13: 1 | B13: 600 | C13: 0.79 | D13: 1.2 | E13: 0.99 | F13: 14.82 | G13: 16.07 | H13: 15.07 | I13: 0 | J13: 0 | K13: 0 | L13: 15.76 | M13: 17.1 | N13: 16.06 | O13: 1200 | P13: 33.705
... A18: 0 | B18: 900 | C18: 7.05 | D18: 7.88 | E18: 7.3 | F18: 11.21 | G18: 11.45 | H18: 11.32 | I18: 10.17 | J18: 22.51 | K18: 11.05 | L18: 28.56 | M18: 41.83 | N18: 29.66 | O18: 1700 | P18: 44.5
A19: 1 | B19: 900 | C19: 1.18 | D19: 1.54 | E19: 1.38 | F19: 21.77 | G19: 22.53 | H19: 21.88 | I19: 0 | J19: 0 | K19: 0 | L19: 23 | M19: 24.07 | N19: 23.26
A20: 0 | B20: 1000 | C20: 8.17 | D20: 9.76 | E20: 8.5 | F20: 12.21 | G20: 12.75 | H20: 12.39 | I20: 10.31 | J20: 34.5 | K20: 11.46 | L20: 30.91 | M20: 56.83 | N20: 32.35
A21: 1 | B21: 1000 | C21: 0.56 | D21: 1.09 | E21: 0.78 | F21: 24.09 | G21: 25.31 | H21: 24.38 | I21: 0 | J21: 0 | K21: 0 | L21: 24.68 | M21: 26.26 | N21: 25.16
A22: 0 | B22: 1100 | C22: 8.94 | D22: 9.79 | E22: 9.12 | F22: 13.75 | G22: 14.01 | H22: 13.87 | I22: 10.58 | J22: 20.35 | K22: 11.35 | L22: 33.38 | M22: 44.15 | N22: 34.34
A23: 1 | B23: 1100 | C23: 0.64 | D23: 0.98 | E23: 0.78 | F23: 26.52 | G23: 27.31 | H23: 26.74 | I23: 0 | J23: 0 | K23: 0 | L23: 27.24 | M23: 28.15 | N23: 27.52
A24: 0 | B24: 1200 | C24: 9.69 | D24: 11.52 | E24: 9.87 | F24: 15.13 | G24: 15.56 | H24: 15.28 | I24: 10.73 | J24: 43.55 | K24: 12.29 | L24: 35.79 | M24: 70.54 | N24: 37.44
A25: 1 | B25: 1200 | C25: 0.54 | D25: 0.74 | E25: 0.66 | F25: 29.11 | G25: 30.88 | H25: 29.3 | I25: 0 | J25: 0.01 | K25: 0 | L25: 29.7 | M25: 31.61 | N25: 29.97
A26: 0 | B26: 1300 | C26: 9.98 | D26: 11.61 | E26: 10.28 | F26: 16.07 | G26: 16.6 | H26: 16.27 | I26: 10.91 | J26: 52.3 | K26: 13.06 | L26: 37.17 | M26: 80.5 | N26: 39.61
A27: 1 | B27: 1300 | C27: 0.7 | D27: 1 | E27: 0.8 | F27: 31.04 | G27: 33.24 | H27: 31.61 | I27: 0 | J27: 0.01 | K27: 0 | L27: 31.87 | M27: 34.04 | N27: 32.41
A28: 0 | B28: 1400 | C28: 8.66 | D28: 9.46 | E28: 8.86 | F28: 17.06 | G28: 17.36 | H28: 17.18 | I28: 11.21 | J28: 25.08 | K28: 11.96 | L28: 37.11 | M28: 51.58 | N28: 38
A29: 1 | B29: 1400 | C29: 0.55 | D29: 0.84 | E29: 0.67 | F29: 32.62 | G29: 33.76 | H29: 32.92 | I29: 0 | J29: 0 | K29: 0 | L29: 33.22 | M29: 34.52 | N29: 33.6
A30: 0 | B30: 1500 | C30: 11.64 | D30: 12.55 | E30: 11.91 | F30: 19.02 | G30: 19.51 | H30: 19.23 | I30: 11.49 | J30: 24.55 | K30: 12.28 | L30: 42.3 | M30: 56.25 | N30: 43.42
... A35: 1 | B35: 1700 | C35: 0.8 | D35: 0.96 | E35: 0.88 | F35: 40.74 | G35: 42.14 | H35: 40.96 | I35: 0 | J35: 0 | K35: 0 | L35: 41.6 | M35: 43.09 | N35: 41.84
A38: Software | B38: Version
A39: CompactRIO Support | B39: 17
A40: Hardware Configuration Web Support | B40: 16.0.0
A41: LabVIEW Real-Time | B41: 17.0.0
A42: Network Configuration Web Support | B42: 16.0.0
A43: Network Streams | B43: 17
A44: NI System Configuration | B44: 16.0.0
A45: NI System Configuration Remote Support | B45: 17.0.0
A46: NI Web-based Configuration and Monitoring | B46: 16.0.0
A47: NI-RIO | B47: 17
A48: NI-VISA | B48: 16.0.0
A49: NI-VISA ENET Passport | B49: 16.0.0
A50: NI-VISA ENET-ASRL Passport | B50: 16.0.0
A51: NI-VISA Remote Passport | B51: 16.0.0
A52: NI-VISA Server | B52: 16.0.0
A53: NI-VISA USB Passport | B53: 16.0.0
A54: Remote Panel Server for LabVIEW RT | B54: 16.0.0
A55: Run-Time Engine for Web Services | B55: 16.0.0
A56: Software Management Web Support | B56: 16.0.0
A57: SSL Support for LabVIEW RT | B57: 17.0.0
A58: Time Configuration Web Support | B58: 16.0.0
A59: WebDAV Server | B59: 16.0.0
A61: Hardware

Sheet Test_Data_2016
A1: Core | B1: Rate | C1: ISRs (Min) | D1: ISRs (Max) | E1: ISRs (Max) | F1: TL (min) | G1: TL (max) | H1: TL (Mean) | I1: Other (Min) | J1: Other (Max) | K1: Other (Mean) | L1: Total (min) | M1: Total (max) | N1: Total (Mean) | Q1: Total (Mean)
A2: 0 | B2: 100 | C2: 0.55 | D2: 1.99 | E2: 1.11 | F2: 1.92 | G2: 2.06 | H2: 1.98 | I2: 6.56 | J2: 49.26 | K2: 7.44 | L2: 9.32 | M2: 53.11 | N2: 10.53 | P2: 100 | Q2: =AVERAGE(N2:N3) -> 7.305
A3: 1 | B3: 100 | C3: 0.62 | D3: 1.95 | E3: 1.4 | F3: 2.62 | G3: 2.89 | H3: 2.68 | I3: 0 | J3: 0 | K3: 0 | L3: 3.24 | M3: 4.65 | N3: 4.08 | P3: =P2+100 -> 200 | Q3: =AVERAGE(N4:N5) -> 9.75
A4: 0 | B4: 200 | C4: 1.39 | D4: 2.66 | E4: 1.97 | F4: 3.12 | G4: 3.26 | H4: 3.17 | I4: 6.87 | J4: 20.54 | K4: 8.07 | L4: 11.55 | M4: 25.98 | N4: 13.21 | P4: =P3+100 -> 300 | Q4: =AVERAGE(N6:N7) -> 11.72
A5: 1 | B5: 200 | C5: 0.77 | D5: 1.81 | E5: 1.18 | F5: 4.99 | G5: 5.51 | H5: 5.11 | I5: 0 | J5: 0 | K5: 0 | L5: 5.79 | M5: 7.04 | N5: 6.29 | P5: =P4+100 -> 400 | Q5: =AVERAGE(N8:N9) -> 13.63
A6: 0 | B6: 300 | C6: 1.33 | D6: 2.27 | E6: 1.68 | F6: 4.33 | G6: 4.47 | H6: 4.38 | I6: 7.26 | J6: 25.17 | K6: 8.01 | L6: 13.06 | M6: 31.69 | N6: 14.07 | P6: =P5+100 -> 500 | Q6: =AVERAGE(N10:N11) -> 17.04
A7: 1 | B7: 300 | C7: 1.5 | D7: 2.46 | E7: 1.91 | F7: 7.37 | G7: 7.95 | H7: 7.45 | I7: 0 | J7: 0 | K7: 0 | L7: 8.88 | M7: 10.15 | N7: 9.37 | P7: =P6+100 -> 600 | Q7: =AVERAGE(N12:N13) -> 19.115
A8: 0 | B8: 400 | C8: 2.72 | D8: 3.6 | E8: 3.13 | F8: 5.51 | G8: 5.76 | H8: 5.6 | I8: 7.22 | J8: 26.28 | K8: 7.9 | L8: 15.7 | M8: 35.65 | N8: 16.63 | P8: =P7+100 -> 700 | Q8: =AVERAGE(N14:N15) -> 20.69
A9: 1 | B9: 400 | C9: 0.7 | D9: 1.32 | E9: 0.93 | F9: 9.54 | G9: 10.62 | H9: 9.7 | I9: 0 | J9: 0 | K9: 0 | L9: 10.33 | M9: 11.83 | N9: 10.63 | P9: =P8+100 -> 800 | Q9: =AVERAGE(N16:N17) -> 23.115
A10: 0 | B10: 500 | C10: 3.84 | D10: 5.36 | E10: 4.15 | F10: 6.76 | G10: 7.08 | H10: 6.86 | I10: 7.62 | J10: 77.57 | K10: 9.53 | L10: 18.46 | M10: 90.01 | N10: 20.54 | P10: =P9+100 -> 900 | Q10: =AVERAGE(N18:N19) -> 25.175
A11: 1 | B11: 500 | C11: 0.95 | D11: 1.52 | E11: 1.22 | F11: 12.14 | G11: 13.86 | H11: 12.32 | I11: 0 | J11: 0 | K11: 0 | L11: 13.13 | M11: 15.32 | N11: 13.54 | P11: =P10+100 -> 1000 | Q11: =AVERAGE(N20:N21) -> 26.74
A12: 0 | B12: 600 | C12: 3.58 | D12: 4.64 | E12: 3.93 | F12: 7.93 | G12: 8.19 | H12: 8.01 | I12: 8 | J12: 36.09 | K12: 9.27 | L12: 19.69 | M12: 48.87 | N12: 21.22 | P12: =P11+100 -> 1100 | Q12: =AVERAGE(N22:N23) -> 29.85
A13: 1 | B13: 600 | C13: 1.72 | D13: 2.5 | E13: 2.11 | F13: 14.74 | G13: 15.68 | H13: 14.9 | I13: 0 | J13: 0 | K13: 0 | L13: 16.49 | M13: 17.92 | N13: 17.01 | P13: =P12+100 -> 1200 | Q13: =AVERAGE(N24:N25) -> 32.01
A14: 0 | B14: 700 | C14: 4.88 | D14: 5.47 | E14: 5.11 | F14: 9.14 | G14: 9.43 | H14: 9.24 | I14: 8.11 | J14: 10.88 | K14: 8.37 | L14: 22.32 | M14: 25.41 | N14: 22.72 | P14: =P13+100 -> 1300 | Q14: =AVERAGE(N26:N27) -> 33.82
A15: 1 | B15: 700 | C15: 1.32 | D15: 1.72 | E15: 1.53 | F15: 17.03 | G15: 17.44 | H15: 17.13 | I15: 0 | J15: 0 | K15: 0 | L15: 18.36 | M15: 19.03 | N15: 18.66 | P15: =P14+100 -> 1400 | Q15: =AVERAGE(N28:N29) -> 36.905
A16: 0 | B16: 800 | C16: 5.4 | D16: 5.89 | E16: 5.66 | F16: 10.54 | G16: 10.94 | H16: 10.66 | I16: 8.29 | J16: 24.87 | K16: 8.87 | L16: 24.55 | M16: 41.4 | N16: 25.18 | P16: =P15+100 -> 1500 | Q16: =AVERAGE(N30:N31) -> 38.805
A17: 1 | B17: 800 | C17: 1.37 | D17: 1.96 | E17: 1.61 | F17: 19.28 | G17: 20.24 | H17: 19.44 | I17: 0 | J17: 0 | K17: 0 | L17: 20.7 | M17: 22.01 | N17: 21.05 | P17: =P16+100 -> 1600 | Q17: =AVERAGE(N32:N33) -> 41.445
A18: 0 | B18: 900 | C18: 4.21 | D18: 5.16 | E18: 4.6 | F18: 11.54 | G18: 11.83 | H18: 11.64 | I18: 8.58 | J18: 25.36 | K18: 9.25 | L18: 24.52 | M18: 42.34 | N18: 25.48 | P18: =P17+100 -> 1700 | Q18: =AVERAGE(N34:N35) -> 43.19
A19: 1 | B19: 900 | C19: 2.59 | D19: 3.26 | E19: 2.97 | F19: 21.64 | G19: 22.64 | H19: 21.9 | I19: 0 | J19: 0 | K19: 0 | L19: 24.25 | M19: 25.8 | N19: 24.87 | P19: =P18+100 -> 1800 | Q19: =AVERAGE(N36:N37) -> 45.95
A20: 0 | B20: 1000 | C20: 5.14 | D20: 6.02 | E20: 5.58 | F20: 12.64 | G20: 13.2 | H20: 12.83 | I20: 8.64 | J20: 15.86 | K20: 8.95 | L20: 26.69 | M20: 34.39 | N20: 27.36 | P20: 1900 | Q20: =AVERAGE(N38:N39) -> 49.165
A21: 1 | B21: 1000 | C21: 1.61 | D21: 2.39 | E21: 1.95 | F21: 23.92 | G21: 24.54 | H21: 24.17 | I21: 0 | J21: 0 | K21: 0 | L21: 25.63 | M21: 26.64 | N21: 26.12 | P21: 2000 | Q21: =AVERAGE(N40:N41) -> #DIV/0!
A22: 0 | B22: 1100 | C22: 7.08 | D22: 8.06 | E22: 7.28 | F22: 14.33 | G22: 14.65 | H22: 14.47 | I22: 8.99 | J22: 25.49 | K22: 9.41 | L22: 30.63 | M22: 48.2 | N22: 31.16
A23: 1 | B23: 1100 | C23: 1.59 | D23: 2.04 | E23: 1.8 | F23: 26.57 | G23: 27.95 | H23: 26.74 | I23: 0 | J23: 0 | K23: 0 | L23: 28.24 | M23: 29.93 | N23: 28.54
A24: 0 | B24: 1200 | C24: 7.68 | D24: 8.39 | E24: 7.82 | F24: 15.67 | G24: 16.1 | H24: 15.78 | I24: 9.13 | J24: 29.43 | K24: 9.63 | L24: 32.7 | M24: 53.92 | N24: 33.22
A25: 1 | B25: 1200 | C25: 1.68 | D25: 2.12 | E25: 1.9 | F25: 28.71 | G25: 30.29 | H25: 28.91 | I25: 0 | J25: 0 | K25: 0 | L25: 30.52 | M25: 32.4 | N25: 30.8
A26: 0 | B26: 1300 | C26: 7.7 | D26: 8.43 | E26: 7.87 | F26: 16.73 | G26: 17.23 | H26: 16.98 | I26: 9.21 | J26: 21.41 | K26: 9.65 | L26: 33.75 | M26: 47.08 | N26: 34.5
A27: 1 | B27: 1300 | C27: 2 | D27: 2.41 | E27: 2.17 | F27: 30.8 | G27: 32.08 | H27: 30.97 | I27: 0 | J27: 0 | K27: 0 | L27: 32.87 | M27: 34.3 | N27: 33.14
A28: 0 | B28: 1400 | C28: 8.48 | D28: 9.27 | E28: 8.78 | F28: 18.54 | G28: 18.94 | H28: 18.73 | I28: 9.67 | J28: 22.78 | K28: 10.13 | L28: 36.95 | M28: 50.99 | N28: 37.63
A29: 1 | B29: 1400 | C29: 2.04 | D29: 2.47 | E29: 2.25 | F29: 33.72 | G29: 34.97 | H29: 33.93 | I29: 0 | J29: 0 | K29: 0 | L29: 35.8 | M29: 37.38 | N29: 36.18
A30: 0 | B30: 1500 | C30: 8.75 | D30: 9.8 | E30: 9.03 | F30: 19.36 | G30: 20 | H30: 19.66 | I30: 9.6 | J30: 26.83 | K30: 10.83 | L30: 38.06 | M30: 56.36 | N30: 39.52
A31: 1 | B31: 1500 | C31: 1.81 | D31: 2.25 | E31: 2.04 | F31: 35.76 | G31: 37.46 | H31: 36.05 | I31: 0 | J31: 0 | K31: 0 | L31: 37.74 | M31: 39.56 | N31: 38.09
A32: 0 | B32: 1600 | C32: 9.78 | D32: 10.38 | E32: 10.02 | F32: 21.05 | G32: 21.63 | H32: 21.32 | I32: 10.08 | J32: 18.43 | K32: 10.38 | L32: 41.17 | M32: 50.42 | N32: 41.73
A33: 1 | B33: 1600 | C33: 2.04 | D33: 2.45 | E33: 2.28 | F33: 38.61 | G33: 39.63 | H33: 38.88 | I33: 0 | J33: 0 | K33: 0 | L33: 40.75 | M33: 41.99 | N33: 41.16
... A39: 1 | B39: 1900 | C39: 2.79 | D39: 3.41 | E39: 3.06 | F39: 46.06 | G39: 47.47 | H39: 46.39 | I39: 0 | J39: 0 | K39: 0 | L39: 48.84 | M39: 50.74 | N39: 49.45

Sheet Test_Data_2016b59
A1: Core | B1: Rate | C1: ISRs (Min) | D1: ISRs (Max) | E1: ISRs (Max) | F1: TL (min) | G1: TL (max) | H1: TL (Mean) | I1: Other (Min) | J1: Other (Max) | K1: Other (Mean) | L1: Total (min) | M1: Total (max) | N1: Total (Mean) | Q1: Total (Mean)
A2: 0 | B2: 100 | C2: 0.64 | D2: 3.98 | E2: 1.44 | F2: 0.88 | G2: 2.07 | H2: 1.97 | I2: 3.52 | J2: 53.01 | K2: 8.33 | L2: 5.3 | M2: 58.33 | N2: 11.74 | P2: 100 | Q2: =AVERAGE(N2:N3) -> 7.955
A3: 1 | B3: 100 | C3: 0.55 | D3: 1.98 | E3: 1.35 | F3: 1.58 | G3: 3.51 | H3: 2.82 | I3: 0 | J3: 0 | K3: 0 | L3: 2.93 | M3: 4.89 | N3: 4.17 | P3: =P2+100 -> 200 | Q3: =AVERAGE(N4:N5) -> 9.92
A4: 0 | B4: 200 | C4: 1.75 | D4: 2.91 | E4: 2.54 | F4: 3.14 | G4: 3.28 | H4: 3.2 | I4: 7.21 | J4: 10.35 | K4: 7.55 | L4: 12.61 | M4: 16.37 | N4: 13.28 | P4: =P3+100 -> 300 | Q4: =AVERAGE(N6:N7) -> 12.1
A5: 1 | B5: 200 | C5: 0.62 | D5: 1.85 | E5: 1.08 | F5: 5.39 | G5: 5.72 | H5: 5.47 | I5: 0 | J5: 0 | K5: 0 | L5: 6.12 | M5: 7.33 | N5: 6.56 | P5: =P4+100 -> 400 | Q5: =AVERAGE(N8:N9) -> 14.78
A6: 0 | B6: 300 | C6: 1.79 | D6: 2.62 | E6: 2.15 | F6: 4.35 | G6: 4.5 | H6: 4.42 | I6: 7.56 | J6: 18.5 | K6: 7.93 | L6: 13.88 | M6: 25.31 | N6: 14.5 | P6: =P5+100 -> 500 | Q6: =AVERAGE(N10:N11) -> 16.8
A7: 1 | B7: 300 | C7: 1.45 | D7: 2.23 | E7: 1.85 | F7: 7.79 | G7: 8.22 | H7: 7.85 | I7: 0 | J7: 0 | K7: 0 | L7: 9.27 | M7: 10.2 | N7: 9.7 | P7: =P6+100 -> 600 | Q7: =AVERAGE(N12:N13) -> 20.77
A8: 0 | B8: 400 | C8: 3.45 | D8: 4.15 | E8: 3.75 | F8: 5.51 | G8: 5.71 | H8: 5.58 | I8: 7.79 | J8: 33.5 | K8: 8.57 | L8: 17.02 | M8: 43.36 | N8: 17.9 | P8: =P7+100 -> 700 | Q8: =AVERAGE(N14:N15) -> 23.14
A9: 1 | B9: 400 | C9: 0.86 | D9: 1.51 | E9: 1.14 | F9: 10.37 | G9: 11 | H9: 10.52 | I9: 0 | J9: 0 | K9: 0 | L9: 11.31 | M9: 12.12 | N9: 11.66 | P9: =P8+100 -> 800 | Q9: =AVERAGE(N16:N17) -> 23.79
A10: 0 | B10: 500 | C10: 3.83 | D10: 4.75 | E10: 4.17 | F10: 6.78 | G10: 7.13 | H10: 6.9 | I10: 7.87 | J10: 31.52 | K10: 8.56 | L10: 18.76 | M10: 43.16 | N10: 19.63 | P10: =P9+100 -> 900 | Q10: =AVERAGE(N18:N19) -> 26.3
A11: 1 | B11: 500 | C11: 0.87 | D11: 1.38 | E11: 1.11 | F11: 12.68 | G11: 13.57 | H11: 12.86 | I11: 0 | J11: 0 | K11: 0 | L11: 13.64 | M11: 14.65 | N11: 13.97 | P11: =P10+100 -> 1000 | Q11: =AVERAGE(N20:N21) -> 28.37
A12: 0 | B12: 600 | C12: 4.21 | D12: 6.21 | E12: 4.54 | F12: 8.04 | G12: 8.46 | H12: 8.15 | I12: 8.27 | J12: 82.51 | K12: 11.59 | L12: 20.71 | M12: 96.79 | N12: 24.28 | P12: =P11+100 -> 1100 | Q12: =AVERAGE(N22:N23) -> 30.855
A13: 1 | B13: 600 | C13: 1.25 | D13: 2.2 | E13: 1.72 | F13: 15.05 | G13: 17.54 | H13: 15.55 | I13: 0 | J13: 0 | K13: 0 | L13: 16.57 | M13: 19.74 | N13: 17.26 | P13: =P12+100 -> 1200 | Q13: =AVERAGE(N24:N25) -> 35.215
A14: 0 | B14: 700 | C14: 5.1 | D14: 6.72 | E14: 5.43 | F14: 9.23 | G14: 9.81 | H14: 9.36 | I14: 8.49 | J14: 75.46 | K14: 12.1 | L14: 22.97 | M14: 91.64 | N14: 26.88 | P14: =P13+100 -> 1300 | Q14: =AVERAGE(N26:N27) -> 38.455
A15: 1 | B15: 700 | C15: 1.17 | D15: 1.83 | E15: 1.43 | F15: 17.68 | G15: 20.01 | H15: 17.97 | I15: 0 | J15: 0 | K15: 0 | L15: 18.95 | M15: 21.78 | N15: 19.4 | P15: =P14+100 -> 1400 | Q15: =AVERAGE(N28:N29) -> 38.99
A16: 0 | B16: 800 | C16: 5.32 | D16: 6.25 | E16: 5.61 | F16: 10.53 | G16: 10.92 | H16: 10.71 | I16: 8.64 | J16: 37.92 | K16: 9.4 | L16: 24.7 | M16: 54.95 | N16: 25.72 | P16: =P15+100 -> 1500 | Q16: =AVERAGE(N30:N31) -> 40.16
A17: 1 | B17: 800 | C17: 1.37 | D17: 1.83 | E17: 1.63 | F17: 20.01 | G17: 21.02 | H17: 20.23 | I17: 0 | J17: 0 | K17: 0 | L17: 21.45 | M17: 22.78 | N17: 21.86 | P17: =P16+100 -> 1600 | Q17: =AVERAGE(N32:N33) -> 43.06
A18: 0 | B18: 900 | C18: 4.86 | D18: 5.72 | E18: 5.22 | F18: 11.67 | G18: 12.05 | H18: 11.78 | I18: 8.98 | J18: 35.88 | K18: 9.59 | L18: 25.64 | M18: 53.46 | N18: 26.59 | P18: =P17+100 -> 1700 | Q18: =AVERAGE(N34:N35) -> 46.665
A19: 1 | B19: 900 | C19: 2.36 | D19: 3.19 | E19: 2.86 | F19: 22.97 | G19: 24.14 | H19: 23.15 | I19: 0 | J19: 0 | K19: 0 | L19: 25.61 | M19: 27.28 | N19: 26.01 | P19: =P18+100 -> 1800 | Q19: =AVERAGE(N36:N37) -> 48.22
A20: 0 | B20: 1000 | C20: 6.5 | D20: 7.28 | E20: 6.87 | F20: 12.99 | G20: 13.72 | H20: 13.21 | I20: 9.04 | J20: 20.87 | K20: 9.52 | L20: 28.94 | M20: 41.47 | N20: 29.61 | P20: 1900 | Q20: =AVERAGE(N38:N39) -> 49.765
A21: 1 | B21: 1000 | C21: 1.56 | D21: 2.17 | E21: 1.83 | F21: 25.09 | G21: 26.51 | H21: 25.3 | I21: 0 | J21: 0 | K21: 0 | L21: 26.72 | M21: 28.28 | N21: 27.13 | P21: 2000 | Q21: =AVERAGE(N40:N41) -> #DIV/0!
A22: 0 | B22: 1100 | C22: 7.25 | D22: 8.31 | E22: 7.44 | F22: 14.3 | G22: 14.92 | H22: 14.49 | I22: 9.36 | J22: 38.27 | K22: 10.06 | L22: 31.18 | M22: 61.24 | N22: 31.99
A23: 1 | B23: 1100 | C23: 1.71 | D23: 2.16 | E23: 1.87 | F23: 27.64 | G23: 29.17 | H23: 27.85 | I23: 0 | J23: 0 | K23: 0 | L23: 29.39 | M23: 31.14 | N23: 29.72
A24: 0 | B24: 1200 | C24: 7.72 | D24: 9.79 | E24: 8.02 | F24: 15.92 | G24: 16.58 | H24: 16.08 | I24: 9.65 | J24: 73.62 | K24: 13.85 | L24: 33.43 | M24: 100 | N24: 37.94
A25: 1 | B25: 1200 | C25: 1.64 | D25: 2.25 | E25: 1.9 | F25: 30.29 | G25: 33.31 | H25: 30.59 | I25: 0 | J25: 0 | K25: 0 | L25: 32.04 | M25: 35.32 | N25: 32.49
A26: 0 | B26: 1300 | C26: 7.9 | D26: 9.96 | E26: 8.36 | F26: 17.08 | G26: 17.74 | H26: 17.27 | I26: 9.78 | J26: 72.46 | K26: 15.77 | L26: 34.85 | M26: 100 | N26: 41.39
A27: 1 | B27: 1300 | C27: 2.07 | D27: 2.94 | E27: 2.36 | F27: 32.62 | G27: 35.8 | H27: 33.15 | I27: 0 | J27: 0 | K27: 0 | L27: 34.75 | M27: 38.49 | N27: 35.52
A28: 0 | B28: 1400 | C28: 8.5 | D28: 10.57 | E28: 8.81 | F28: 18.5 | G28: 19.17 | H28: 18.68 | I28: 10.14 | J28: 70.26 | K28: 12.67 | L28: 37.43 | M28: 100 | N28: 40.16
A29: 1 | B29: 1400 | C29: 2.07 | D29: 2.75 | E29: 2.41 | F29: 35.06 | G29: 38.19 | H29: 35.41 | I29: 0 | J29: 0 | K29: 0 | L29: 37.4 | M29: 40.72 | N29: 37.82
A30: 0 | B30: 1500 | C30: 8.89 | D30: 9.86 | E30: 9.23 | F30: 19.56 | G30: 20.38 | H30: 19.9 | I30: 10.02 | J30: 27.34 | K30: 11.53 | L30: 38.73 | M30: 57.14 | N30: 40.65
A31: 1 | B31: 1500 | C31: 1.92 | D31: 2.35 | E31: 2.11 | F31: 37.21 | G31: 38.56 | H31: 37.56 | I31: 0 | J31: 0 | K31: 0 | L31: 39.13 | M31: 40.68 | N31: 39.67
A32: 0 | B32: 1600 | C32: 9.87 | D32: 11.56 | E32: 10.11 | F32: 21.32 | G32: 21.97 | H32: 21.55 | I32: 10.49 | J32: 52.79 | K32: 11.64 | L32: 41.84 | M32: 86.32 | N32: 43.3
A33: 1 | B33: 1600 | C33: 2.06 | D33: 2.82 | E33: 2.35 | F33: 40.14 | G33: 42.65 | H33: 40.47 | I33: 0 | J33: 0 | K33: 0 | L33: 42.37 | M33: 45.47 | N33: 42.82
... A39: 1 | B39: 1900 | C39: 3.01 | D39: 3.56 | E39: 3.25 | F39: 47.62 | G39: 48.3 | H39: 47.89 | I39: 0 | J39: 0 | K39: 0 | L39: 50.73 | M39: 51.63 | N39: 51.14

Sheet Test_Data_2016b55
A1: Core | B1: Rate | C1: ISRs (Min) | D1: ISRs (Max) | E1: ISRs (Max) | F1: TL (min) | G1: TL (max) | H1: TL (Mean) | I1: Other (Min) | J1: Other (Max) | K1: Other (Mean) | L1: Total (min) | M1: Total (max) | N1: Total (Mean) | Q1: Total (Mean)
A2: 0 | B2: 100 | C2: 0.87 | D2: 4.35 | E2: 1.58 | F2: 1.31 | G2: 2.18 | H2: 2.02 | I2: 3.46 | J2: 76.22 | K2: 9.79 | L2: 6.21 | M2: 80.46 | N2: 13.39 | P2: 100 | Q2: =AVERAGE(N2:N3) -> 8.835
A3: 1 | B3: 100 | C3: 0.66 | D3: 1.93 | E3: 1.33 | F3: 2.62 | G3: 3.71 | H3: 2.94 | I3: 0 | J3: 0 | K3: 0 | L3: 3.36 | M3: 5.12 | N3: 4.28 | P3: =P2+100 -> 200 | Q3: =AVERAGE(N4:N5) -> 10.06
A4: 0 | B4: 200 | C4: 1.56 | D4: 2.55 | E4: 2.11 | F4: 3.2 | G4: 3.38 | H4: 3.26 | I4: 7.24 | J4: 43.9 | K4: 8.14 | L4: 12.26 | M4: 49.79 | N4: 13.5 | P4: =P3+100 -> 300 | Q4: =AVERAGE(N6:N7) -> 12.44
A5: 1 | B5: 200 | C5: 0.76 | D5: 1.74 | E5: 1.2 | F5: 5.34 | G5: 6.14 | H5: 5.42 | I5: 0 | J5: 0 | K5: 0 | L5: 6.14 | M5: 7.7 | N5: 6.62 | P5: =P4+100 -> 400 | Q5: =AVERAGE(N8:N9) -> 14.695
A6: 0 | B6: 300 | C6: 2.22 | D6: 3.29 | E6: 2.7 | F6: 4.39 | G6: 4.59 | H6: 4.48 | I6: 7.6 | J6: 14.97 | K6: 8.03 | L6: 14.47 | M6: 22.12 | N6: 15.21 | P6: =P5+100 -> 500 | Q6: =AVERAGE(N10:N11) -> 17.12
A7: 1 | B7: 300 | C7: 1.15 | D7: 1.95 | E7: 1.53 | F7: 8.05 | G7: 8.29 | H7: 8.14 | I7: 0 | J7: 0 | K7: 0 | L7: 9.27 | M7: 10.11 | N7: 9.67 | P7: =P6+100 -> 600 | Q7: =AVERAGE(N12:N13) -> 19.35
A8: 0 | B8: 400 | C8: 3.5 | D8: 4.08 | E8: 3.84 | F8: 5.67 | G8: 5.83 | H8: 5.74 | I8: 7.79 | J8: 15.81 | K8: 8.02 | L8: 17.15 | M8: 25.73 | N8: 17.61 | P8: =P7+100 -> 700 | Q8: =AVERAGE(N14:N15) -> 22.65
A9: 1 | B9: 400 | C9: 0.91 | D9: 1.5 | E9: 1.09 | F9: 10.63 | G9: 10.82 | H9: 10.7 | I9: 0 | J9: 0 | K9: 0 | L9: 11.59 | M9: 12.28 | N9: 11.78 | P9: =P8+100 -> 800 | Q9: =AVERAGE(N16:N17) -> 24.14
A10: 0 | B10: 500 | C10: 4.08 | D10: 4.68 | E10: 4.33 | F10: 6.96 | G10: 7.17 | H10: 7.04 | I10: 8.04 | J10: 19.55 | K10: 8.29 | L10: 19.26 | M10: 31.15 | N10: 19.66 | P10: =P9+100 -> 900 | Q10: =AVERAGE(N18:N19) -> 26.51
A11: 1 | B11: 500 | C11: 1.01 | D11: 1.55 | E11: 1.23 | F11: 13.2 | G11: 14.04 | H11: 13.35 | I11: 0 | J11: 0 | K11: 0 | L11: 14.21 | M11: 15.55 | N11: 14.58 | P11: =P10+100 -> 1000 | Q11: =AVERAGE(N20:N21) -> 28.97
A12: 0 | B12: 600 | C12: 4.29 | D12: 4.96 | E12: 4.63 | F12: 8.21 | G12: 8.48 | H12: 8.31 | I12: 8.28 | J12: 8.84 | K12: 8.45 | L12: 21.05 | M12: 21.74 | N12: 21.38 | P12: =P11+100 -> 1100 | Q12: =AVERAGE(N22:N23) -> 31.07
A13: 1 | B13: 600 | C13: 1.22 | D13: 1.78 | E13: 1.48 | F13: 15.7 | G13: 16.21 | H13: 15.84 | I13: 0 | J13: 0 | K13: 0 | L13: 16.99 | M13: 17.82 | N13: 17.32 | P13: =P12+100 -> 1200 | Q13: =AVERAGE(N24:N25) -> 33.895
A14: 0 | B14: 700 | C14: 5 | D14: 6.88 | E14: 5.3 | F14: 9.56 | G14: 9.97 | H14: 9.67 | I14: 8.48 | J14: 83.15 | K14: 10.29 | L14: 23.23 | M14: 100 | N14: 25.26 | P14: =P13+100 -> 1300 | Q14: =AVERAGE(N26:N27) -> 36.04
A15: 1 | B15: 700 | C15: 1.34 | D15: 1.83 | E15: 1.56 | F15: 18.26 | G15: 20.77 | H15: 18.47 | I15: 0 | J15: 0 | K15: 0 | L15: 19.64 | M15: 22.36 | N15: 20.04 | P15: =P14+100 -> 1400 | Q15: =AVERAGE(N28:N29) -> 37.945
A16: 0 | B16: 800 | C16: 5.55 | D16: 6.27 | E16: 5.86 | F16: 10.78 | G16: 11.18 | H16: 10.92 | I16: 8.75 | J16: 18.32 | K16: 9.19 | L16: 25.31 | M16: 35.32 | N16: 25.97 | P16: =P15+100 -> 1500 | Q16: =AVERAGE(N30:N31) -> 40.675
A17: 1 | B17: 800 | C17: 1.2 | D17: 1.68 | E17: 1.42 | F17: 20.72 | G17: 21.43 | H17: 20.89 | I17: 0 | J17: 0 | K17: 0 | L17: 22 | M17: 22.81 | N17: 22.31 | P17: =P16+100 -> 1600 | Q17: =AVERAGE(N32:N33) -> 43.965
A18: 0 | B18: 900 | C18: 4.75 | D18: 5.77 | E18: 5.16 | F18: 12.04 | G18: 12.44 | H18: 12.21 | I18: 9.01 | J18: 9.38 | K18: 9.16 | L18: 25.96 | M18: 27.07 | N18: 26.54 | P18: =P17+100 -> 1700 | Q18: =AVERAGE(N34:N35) -> #DIV/0!
A19: 1 | B19: 900 | C19: 2.38 | D19: 3.21 | E19: 2.89 | F19: 23.44 | G19: 23.88 | H19: 23.59 | I19: 0 | J19: 0 | K19: 0 | L19: 26.11 | M19: 26.84 | N19: 26.48 | P19: =P18+100 -> 1800 | Q19: =AVERAGE(N36:N37) -> #DIV/0!
A20: 0 | B20: 1000 | C20: 6.33 | D20: 7.83 | E20: 6.72 | F20: 13.37 | G20: 13.92 | H20: 13.52 | I20: 9.02 | J20: 51.43 | K20: 9.9 | L20: 28.97 | M20: 73.11 | N20: 30.14 | P20: 1900 | Q20: =AVERAGE(N38:N39) -> #DIV/0!
A21: 1 | B21: 1000 | C21: 1.63 | D21: 2.15 | E21: 1.87 | F21: 25.65 | G21: 27.82 | H21: 25.93 | I21: 0 | J21: 0 | K21: 0 | L21: 27.34 | M21: 29.88 | N21: 27.8 | P21: 2000 | Q21: =AVERAGE(N40:N41) -> #DIV/0!
A22: 0 | B22: 1100 | C22: 6.75 | D22: 7.4 | E22: 7.07 | F22: 14.66 | G22: 15.19 | H22: 14.82 | I22: 9.32 | J22: 13.25 | K22: 9.6 | L22: 31.11 | M22: 35.37 | N22: 31.49
A23: 1 | B23: 1100 | C23: 1.85 | D23: 2.61 | E23: 2.14 | F23: 28.29 | G23: 29.02 | H23: 28.51 | I23: 0 | J23: 0 | K23: 0 | L23: 30.3 | M23: 31.34 | N23: 30.65
A24: 0 | B24: 1200 | C24: 7.1 | D24: 9.17 | E24: 7.34 | F24: 15.9 | G24: 16.46 | H24: 16.09 | I24: 9.5 | J24: 66.95 | K24: 11.4 | L24: 32.74 | M24: 92.58 | N24: 34.83
A25: 1 | B25: 1200 | C25: 1.72 | D25: 2.41 | E25: 1.94 | F25: 30.73 | G25: 33.56 | H25: 31.02 | I25: 0 | J25: 0 | K25: 0 | L25: 32.54 | M25: 35.96 | N25: 32.96
A26: 0 | B26: 1300 | C26: 8.04 | D26: 8.61 | E26: 8.29 | F26: 17.58 | G26: 18.05 | H26: 17.73 | I26: 9.74 | J26: 19.58 | K26: 10.2 | L26: 35.55 | M26: 46.07 | N26: 36.22
A27: 1 | B27: 1300 | C27: 1.95 | D27: 2.41 | E27: 2.19 | F27: 33.52 | G27: 34.07 | H27: 33.67 | I27: 0 | J27: 0 | K27: 0 | L27: 35.49 | M27: 36.33 | N27: 35.86
A28: 0 | B28: 1400 | C28: 8.52 | D28: 9.09 | E28: 8.77 | F28: 18.76 | G28: 19.2 | H28: 18.89 | I28: 9.94 | J28: 10.56 | K28: 10.12 | L28: 37.36 | M28: 38.3 | N28: 37.78
A29: 1 | B29: 1400 | C29: 1.89 | D29: 2.25 | E29: 2.03 | F29: 35.85 | G29: 36.44 | H29: 36.09 | I29: 0 | J29: 0 | K29: 0 | L29: 37.81 | M29: 38.6 | N29: 38.11
A30: 0 | B30: 1500 | C30: 8.58 | D30: 9.84 | E30: 9.04 | F30: 20.03 | G30: 20.74 | H30: 20.28 | I30: 10.18 | J30: 21.92 | K30: 10.86 | L30: 39.06 | M30: 51.83 | N30: 40.17
A31: 1 | B31: 1500 | C31: 2.21 | D31: 2.92 | E31: 2.48 | F31: 38.44 | G31: 39.49 | H31: 38.69 | I31: 0 | J31: 0 | K31: 0 | L31: 40.72 | M31: 42.24 | N31: 41.18
A32: 0 | B32: 1600 | C32: 9.56 | D32: 9.77 | E32: 9.63 | F32: 22.02 | G32: 22.59 | H32: 22.27 | I32: 10.48 | J32: 20.4 | K32: 11.99 | L32: 42.17 | M32: 52.37 | N32: 43.89
A33: 1 | B33: 1600 | C33: 2.29 | D33: 2.52 | E33: 2.41 | F33: 41.48 | G33: 41.94 | H33: 41.63 | I33: 0 | J33: 0 | K33: 0 | L33: 43.85 | M33: 44.42 | N33: 44.04

Sheet Test_Data_9068_2015b64
A1: Core | B1: Rate | C1: ISRs (Min) | D1: ISRs (Max) | E1: ISRs (Max) | F1: TL (min) | G1: TL (max) | H1: TL (Mean) | I1: Other (Min) | J1: Other (Max) | K1: Other (Mean) | L1: Total (min) | M1: Total (max) | N1: Total (Mean) | R1: Total (Mean)
A2: 0 | B2: 100 | C2: 0.61 | D2: 4.55 | E2: 1.55 | F2: 1.23 | G2: 86.2 | H2: 2.61 | I2: 3.22 | J2: 76.01 | K2: 7.59 | L2: 6.09 | M2: 100 | N2: 11.75 | Q2: 100 | R2: =AVERAGE(N2:N3) -> 7.665
A3: 1 | B3: 100 | C3: 0.5 | D3: 1.43 | E3: 0.95 | F3: 1 | G3: 3.88 | H3: 2.62 | I3: 0 | J3: 0 | K3: 0 | L3: 2.38 | M3: 4.84 | N3: 3.58 | Q3: =Q2+100 -> 200 | R3: =AVERAGE(N4:N5) -> 9.23
A4: 0 | B4: 200 | C4: 1.77 | D4: 2.47 | E4: 2.16 | F4: 2.98 | G4: 3.09 | H4: 3.02 | I4: 6.78 | J4: 46.37 | K4: 7.32 | L4: 11.68 | M4: 51.86 | N4: 12.5 | Q4: =Q3+100 -> 300 | R4: =AVERAGE(N6:N7) -> 11.25
A5: 1 | B5: 200 | C5: 0.58 | D5: 1.35 | E5: 0.98 | F5: 4.9 | G5: 5.41 | H5: 4.99 | I5: 0 | J5: 0 | K5: 0 | L5: 5.55 | M5: 6.75 | N5: 5.96 | Q5: =Q4+100 -> 400 | R5: =AVERAGE(N8:N9) -> 13.285
A6: 0 | B6: 300 | C6: 2.63 | D6: 3.09 | E6: 2.82 | F6: 4.14 | G6: 4.25 | H6: 4.18 | I6: 7.05 | J6: 10.33 | K6: 7.32 | L6: 13.89 | M6: 17.39 | N6: 14.32 | Q6: =Q5+100 -> 500 | R6: =AVERAGE(N10:N11) -> 16.775
A7: 1 | B7: 300 | C7: 0.65 | D7: 1.1 | E7: 0.9 | F7: 7.23 | G7: 7.46 | H7: 7.28 | I7: 0 | J7: 0 | K7: 0 | L7: 7.9 | M7: 8.47 | N7: 8.18 | Q7: =Q6+100 -> 600 | R7: =AVERAGE(N12:N13) -> 17.775
A8: 0 | B8: 400 | C8: 3.06 | D8: 3.47 | E8: 3.24 | F8: 5.23 | G8: 5.42 | H8: 5.32 | I8: 7.28 | J8: 8.26 | K8: 7.44 | L8: 15.69 | M8: 16.89 | N8: 16 | Q8: =Q7+100 -> 700 | R8: =AVERAGE(N14:N15) -> 19.83
A9: 1 | B9: 400 | C9: 0.66 | D9: 1.25 | E9: 1.03 | F9: 9.45 | G9: 9.77 | H9: 9.54 | I9: 0 | J9: 0 | K9: 0 | L9: 10.35 | M9: 10.79 | N9: 10.57 | Q9: =Q8+100 -> 800 | R9: =AVERAGE(N16:N17) -> 22.425
A10: 0 | B10: 500 | C10: 2.63 | D10: 4.35 | E10: 3.09 | F10: 6.5 | G10: 6.88 | H10: 6.59 | I10: 7.51 | J10: 88.77 | K10: 10.11 | L10: 16.75 | M10: 100 | N10: 19.78 | Q10: =Q9+100 -> 900 | R10: =AVERAGE(N18:N19) -> 24.06
A11: 1 | B11: 500 | C11: 1.17 | D11: 2.52 | E11: 1.87 | F11: 11.73 | G11: 13.69 | H11: 11.9 | I11: 0 | J11: 0 | K11: 0 | L11: 12.92 | M11: 15.88 | N11: 13.77 | Q11: =Q10+100 -> 1000 | R11: =AVERAGE(N20:N21) -> 25.885
A12: 0 | B12: 600 | C12: 4.12 | D12: 4.6 | E12: 4.29 | F12: 7.6 | G12: 7.82 | H12: 7.7 | I12: 7.69 | J12: 23.5 | K12: 8.32 | L12: 19.53 | M12: 35.83 | N12: 20.32 | Q12: =Q11+100 -> 1100 | R12: =AVERAGE(N22:N23) -> 28.435
A13: 1 | B13: 600 | C13: 0.95 | D13: 1.36 | E13: 1.13 | F13: 13.95 | G13: 14.48 | H13: 14.1 | I13: 0 | J13: 0 | K13: 0 | L13: 14.91 | M13: 15.71 | N13: 15.23 | Q13: =Q12+100 -> 1200 | R13: =AVERAGE(N24:N25) -> 30.765
A14: 0 | B14: 700 | C14: 4.55 | D14: 5.06 | E14: 4.8 | F14: 8.82 | G14: 9.09 | H14: 8.97 | I14: 7.84 | J14: 11.4 | K14: 8.18 | L14: 21.45 | M14: 25.42 | N14: 21.95 | Q14: =Q13+100 -> 1300 | R14: =AVERAGE(N26:N27) -> 32.75
A15: 1 | B15: 700 | C15: 0.99 | D15: 1.49 | E15: 1.29 | F15: 16.3 | G15: 16.7 | H15: 16.42 | I15: 0 | J15: 0 | K15: 0 | L15: 17.32 | M15: 17.99 | N15: 17.71 | Q15: =Q14+100 -> 1400 | R15: =AVERAGE(N28:N29) -> 34.99
A16: 0 | B16: 800 | C16: 5.06 | D16: 6.79 | E16: 5.33 | F16: 10.13 | G16: 10.34 | H16: 10.21 | I16: 8.18 | J16: 59.97 | K16: 9.33 | L16: 23.63 | M16: 77.1 | N16: 24.87 | Q16: =Q15+100 -> 1500 | R16: =AVERAGE(N30:N31) -> 37.035
A17: 1 | B17: 800 | C17: 1.08 | D17: 1.57 | E17: 1.35 | F17: 18.44 | G17: 20.24 | H17: 18.62 | I17: 0 | J17: 0 | K17: 0 | L17: 19.66 | M17: 21.81 | N17: 19.98 | Q17: =Q16+100 -> 1600 | R17: =AVERAGE(N32:N33) -> 38.345
A18: 0 | B18: 900 | C18: 5.66 | D18: 6.25 | E18: 5.82 | F18: 11.25 | G18: 11.43 | H18: 11.32 | I18: 8.24 | J18: 13.51 | K18: 8.78 | L18: 25.32 | M18: 31.01 | N18: 25.93 | Q18: =Q17+100 -> 1700 | R18: =AVERAGE(N34:N35) -> 41.705
A19: 1 | B19: 900 | C19: 1.16 | D19: 1.55 | E19: 1.38 | F19: 20.68 | G19: 21.25 | H19: 20.81 | I19: 0 | J19: 0 | K19: 0 | L19: 21.89 | M19: 22.57 | N19: 22.19 | Q19: =Q18+100 -> 1800 | R19: =AVERAGE(N36:N37) -> 44.105
A20: 0 | B20: 1000 | C20: 4.35 | D20: 5.63 | E20: 4.78 | F20: 12.37 | G20: 12.9 | H20: 12.57 | I20: 8.53 | J20: 14.41 | K20: 9.06 | L20: 25.51 | M20: 32.39 | N20: 26.41 | Q20: 1900 | R20: =AVERAGE(N38:N39) -> 46.395
A21: 1 | B21: 1000 | C21: 1.77 | D21: 3.2 | E21: 2.62 | F21: 22.54 | G21: 23.23 | H21: 22.74 | I21: 0 | J21: 0 | K21: 0 | L21: 24.36 | M21: 26.18 | N21: 25.36 | Q21: 2000 | R21: =AVERAGE(N40:N41) -> 48.24
A22: 0 | B22: 1100 | C22: 6.57 | D22: 6.98 | E22: 6.75 | F22: 13.7 | G22: 14.01 | H22: 13.84 | I22: 8.79 | J22: 16.33 | K22: 9.4 | L22: 29.27 | M22: 37.23 | N22: 30
A23: 1 | B23: 1100 | C23: 1.38 | D23: 1.87 | E23: 1.6 | F23: 25.1 | G23: 25.93 | H23: 25.27 | I23: 0 | J23: 0 | K23: 0 | L23: 26.51 | M23: 27.62 | N23: 26.87
A24: 0 | B24: 1200 | C24: 6.94 | D24: 7.51 | E24: 7.17 | F24: 15.12 | G24: 15.41 | H24: 15.28 | I24: 8.96 | J24: 13.2 | K24: 9.56 | L24: 31.31 | M24: 35.86 | N24: 32
A25: 1 | B25: 1200 | C25: 1.4 | D25: 1.84 | E25: 1.63 | F25: 27.68 | G25: 28.27 | H25: 27.9 | I25: 0 | J25: 0 | K25: 0 | L25: 29.27 | M25: 30.08 | N25: 29.53
A26: 0 | B26: 1300 | C26: 6.95 | D26: 7.91 | E26: 7.41 | F26: 16.14 | G26: 16.49 | H26: 16.3 | I26: 9 | J26: 17.31 | K26: 9.72 | L26: 32.41 | M26: 41.64 | N26: 33.43
A27: 1 | B27: 1300 | C27: 1.78 | D27: 2.54 | E27: 2.08 | F27: 29.74 | G27: 30.65 | H27: 29.99 | I27: 0 | J27: 0 | K27: 0 | L27: 31.66 | M27: 32.78 | N27: 32.07
A28: 0 | B28: 1400 | C28: 7.99 | D28: 8.63 | E28: 8.21 | F28: 17.63 | G28: 17.95 | H28: 17.77 | I28: 9.38 | J28: 17.06 | K28: 9.92 | L28: 35.18 | M28: 43.24 | N28: 35.9
A29: 1 | B29: 1400 | C29: 1.66 | D29: 2.08 | E29: 1.86 | F29: 32.03 | G29: 32.61 | H29: 32.22 | I29: 0 | J29: 0 | K29: 0 | L29: 33.81 | M29: 34.59 | N29: 34.08
A30: 0 | B30: 1500 | C30: 7.68 | D30: 8.6 | E30: 8.02 | F30: 18.66 | G30: 19.25 | H30: 18.94 | I30: 9.45 | J30: 16.79 | K30: 9.95 | L30: 36.24 | M30: 44.65 | N30: 36.91
A31: 1 | B31: 1500 | C31: 2.17 | D31: 2.88 | E31: 2.54 | F31: 34.38 | G31: 35.12 | H31: 34.61 | I31: 0 | J31: 0 | K31: 0 | L31: 36.62 | M31: 37.67 | N31: 37.16
A32: 0 | B32: 1600 | C32: 7.71 | D32: 8.15 | E32: 7.88 | F32: 19.64 | G32: 20.1 | H32: 19.88 | I32: 9.63 | J32: 18.65 | K32: 10.25 | L32: 37.26 | M32: 46.68 | N32: 38.01
A33: 1 | B33: 1600 | C33: 1.6 | D33: 2.11 | E33: 1.84 | F33: 36.61 | G33: 37.24 | H33: 36.84 | I33: 0 | J33: 0 | K33: 0 | L33: 38.39 | M33: 39.22 | N33: 38.68
... A41: 1 | B41: 2000 | C41: 2.59 | D41: 3.26 | E41: 2.89 | F41: 45.76 | G41: 46.54 | H41: 46.1 | I41: 0 | J41: 0 | K41: 0 | L41: 48.51 | M41: 49.48 | N41: 48.99
A43: Software,Version
A44: CompactRIO Support,15.0
A45: LabVIEW Real-Time,15.0.0
A46: Network Streams,15.0
A47: NI System Configuration,15.0.0
A48: NI System Configuration Remote Support,15.0.0
A49: NI-RIO,15.0
A50: NI-VISA,15.0.0
A51: NI-VISA Server,15.0.0
A52: Run-Time Engine for Web Services,15.0.0
A53: SSL Support for LabVIEW RT,15.0.0
A54: WebDAV Server,15.0.0

Sheet Test_Data_9068_2014
A1: Core | B1: Rate | C1: ISRs (Min) | D1: ISRs (Max) | E1: ISRs (Max) | F1: TL (min) | G1: TL (max) | H1: TL (Mean) | I1: Other (Min) | J1: Other (Max) | K1: Other (Mean) | L1: Total (min) | M1: Total (max) | N1: Total (Mean)
A2: 0 | B2: 100 | C2: 0.04 | D2: 0.19 | E2: 0.07 | F2: 1.88 | G2: 2.62 | H2: 1.98 | I2: 9.58 | J2: 48.16 | K2: 11.24 | L2: 11.62 | M2: 50.31 | N2: 13.29
A3: 1 | B3: 100 | C3: 0.01 | D3: 0.06 | E3: 0.02 | F3: 2.94 | G3: 3.21 | H3: 2.98 | I3: 0 | J3: 0 | K3: 0 | L3: 2.95 | M3: 3.22 | N3: 2.99
A4: 0 | B4: 200 | C4: 0.07 | D4: 0.26 | E4: 0.11 | F4: 2.96 | G4: 3.18 | H4: 3.06 | I4: 10.65 | J4: 54.6 | K4: 15.25 | L4: 13.71 | M4: 57.96 | N4: 18.42
A5: 1 | B5: 200 | C5: 0.01 | D5: 0.21 | E5: 0.04 | F5: 5.81 | G5: 6.46 | H5: 5.94 | I5: 0 | J5: 0 | K5: 0 | L5: 5.82 | M5: 6.49 | N5: 5.98
A6: 0 | B6: 300 | C6: 0.09 | D6: 0.28 | E6: 0.11 | F6: 4.21 | G6: 4.46 | H6: 4.27 | I6: 11.82 | J6: 95.26 | K6: 15.05 | L6: 16.17 | M6: 100 | N6: 19.43
A7: 1 | B7: 300 | C7: 0.01 | D7: 0.04 | E7: 0.02 | F7: 8.6 | G7: 10.01 | H7: 8.71 | I7: 0 | J7: 0 | K7: 0 | L7: 8.64 | M7: 10.05 | N7: 8.74
A8: 0 | B8: 400 | C8: 0.08 | D8: 0.22 | E8: 0.12 | F8: 5.4 | G8: 5.62 | H8: 5.48 | I8: 12.96 | J8: 48.26 | K8: 15.73 | L8: 18.54 | M8: 54.03 | N8: 21.33
A9: 1 | B9: 400 | C9: 0.02 | D9: 0.21 | E9: 0.05 | F9: 11.4 | G9: 12.26 | H9: 11.54 | I9: 0 | J9: 0 | K9: 0 | L9: 11.42 | M9: 12.28 | N9: 11.59
A10: 0 | B10: 500 | C10: 0.08 | D10: 0.28 | E10: 0.13 | F10: 6.49 | G10: 6.75 | H10: 6.59 | I10: 13.86 | J10: 24.58 | K10: 14.95 | L10: 20.55 | M10: 31.3 | N10: 21.67
A11: 1 | B11: 500 | C11: 0.01 | D11: 0.21 | E11: 0.04 | F11: 14.07 | G11: 14.75 | H11: 14.22 | I11: 0 | J11: 0 | K11: 0 | L11: 14.08 | M11: 14.94 | N11: 14.26
A12: 0 | B12: 600 | C12: 0.1 | D12: 0.28 | E12: 0.16 | F12: 7.81 | G12: 8.02 | H12: 7.9 | I12: 14.94 | J12: 33.94 | K12: 15.42 | L12: 22.96 | M12: 42.02 | N12: 23.48
A13: 1 | B13: 600 | C13: 0.02 | D13: 0.23 | E13: 0.07 | F13: 16.81 | G13: 17.31 | H13: 16.94 | I13: 0 | J13: 0 | K13: 0 | L13: 16.83 | M13: 17.45 | N13: 17.01
... A41: 1 | B41: 2000 | C41: 0.03 | D41: 0.25 | E41: 0.18 | F41: 54.1 | G41: 56.81 | H41: 54.96 | I41: 0 | J41: 0 | K41: 0 | L41: 54.15 | M41: 57.04 | N41: 55.14
A44: Software | B44: Version
A45: CompactRIO Support | B45: 14
A46: LabVIEW Real-Time | B46: 14.0.0
A47: Network Streams | B47: 14
A48: NI System Configuration | B48: 14.0.0
A49: NI System Configuration Remote Support | B49: 14.0.0
A50: NI-RIO | B50: 14
A51: NI-VISA | B51: 14.0.0
A52: NI-VISA Server | B52: 14.0.0
A53: Run-Time Engine for Web Services | B53: 14.0.0
A54: SSL Support for LabVIEW RT | B54: 14.0.0
A55: WebDAV Server | B55: 14.0.0
A57: Hardware

Sheet Test_Data_9068_2013
A1: Core | B1: Rate | C1: ISRs (Min) | D1: ISRs (Max) | E1: ISRs (Max) | F1: TL (min) | G1: TL (max) | H1: TL (Mean) | I1: Other (Min) | J1: Other (Max) | K1: Other (Mean) | L1: Total (min) | M1: Total (max) | N1: Total (Mean) | Q1: Total (Mean)
A2: 0 | B2: 100 | C2: 0.05 | D2: 0.17 | E2: 0.07 | F2: 1.52 | G2: 1.77 | H2: 1.62 | I2: 5.49 | J2: 13.37 | K2: 6.07 | L2: 7.15 | M2: 15.17 | N2: 7.76 | P2: 100 | Q2: =AVERAGE(N2:N3) -> 5.5
A3: 1 | B3: 100 | C3: 0 | D3: 0.05 | E3: 0.01 | F3: 3.18 | G3: 3.38 | H3: 3.22 | I3: 0 | J3: 0 | K3: 0 | L3: 3.2 | M3: 3.39 | N3: 3.24 | P3: =P2+100 -> 200 | Q3: =AVERAGE(N4:N5) -> 8.495
A4: 0 | B4: 200 | C4: 0.06 | D4: 0.18 | E4: 0.09 | F4: 3.02 | G4: 3.17 | H4: 3.08 | I4: 7.05 | J4: 14.74 | K4: 7.45 | L4: 10.16 | M4: 17.98 | N4: 10.62 | P4: =P3+100 -> 300 | Q4: =AVERAGE(N6:N7) -> 11.595
A5: 1 | B5: 200 | C5: 0 | D5: 0.03 | E5: 0.01 | F5: 6.32 | G5: 6.62 | H5: 6.35 | I5: 0 | J5: 0 | K5: 0 | L5: 6.34 | M5: 6.64 | N5: 6.37 | P5: =P4+100 -> 400 | Q5: =AVERAGE(N8:N9) -> 14.83
A6: 0 | B6: 300 | C6: 0.08 | D6: 0.22 | E6: 0.1 | F6: 4.52 | G6: 4.67 | H6: 4.61 | I6: 8.51 | J6: 10.91 | K6: 8.9 | L6: 13.21 | M6: 15.63 | N6: 13.61 | P6: =P5+100 -> 500 | Q6: =AVERAGE(N10:N11) -> 17.975
A7: 1 | B7: 300 | C7: 0.01 | D7: 0.04 | E7: 0.02 | F7: 9.51 | G7: 9.7 | H7: 9.56 | I7: 0 | J7: 0 | K7: 0 | L7: 9.53 | M7: 9.72 | N7: 9.58 | P7: =P6+100 -> 600 | Q7: =AVERAGE(N12:N13) -> 19.59
A8: 0 | B8: 400 | C8: 0.09 | D8: 0.25 | E8: 0.13 | F8: 6.05 | G8: 6.23 | H8: 6.1 | I8: 10.2 | J8: 18.03 | K8: 10.54 | L8: 16.38 | M8: 24.39 | N8: 16.78 | P8: =P7+100 -> 700 | Q8: =AVERAGE(N14:N15) -> 24.23
A9: 1 | B9: 400 | C9: 0 | D9: 0.23 | E9: 0.05 | F9: 12.75 | G9: 13.21 | H9: 12.84 | I9: 0 | J9: 0 | K9: 0 | L9: 12.76 | M9: 13.34 | N9: 12.88 | P9: =P8+100 -> 800 | Q9: =AVERAGE(N16:N17) -> 27.37
A10: 0 | B10: 500 | C10: 0.11 | D10: 0.29 | E10: 0.14 | F10: 7.61 | G10: 7.84 | H10: 7.7 | I10: 11.3 | J10: 19.91 | K10: 11.97 | L10: 19.06 | M10: 27.91 | N10: 19.82 | P10: =P9+100 -> 900 | Q10: =AVERAGE(N18:N19) -> 30.305
A11: 1 | B11: 500 | C11: 0 | D11: 0.22 | E11: 0.04 | F11: 15.96 | G11: 16.87 | H11: 16.09 | I11: 0 | J11: 0 | K11: 0 | L11: 15.97 | M11: 17.09 | N11: 16.13 | P11: =P10+100 -> 1000 | Q11: =AVERAGE(N20:N21) -> 30.115
A12: 0 | B12: 600 | C12: 0.07 | D12: 0.25 | E12: 0.12 | F12: 9.04 | G12: 9.31 | H12: 9.18 | I12: 11.3 | J12: 12.62 | K12: 11.69 | L12: 20.56 | M12: 21.93 | N12: 21 | P12: =P11+100 -> 1100 | Q12: =AVERAGE(N22:N23) -> 32.74
A13: 1 | B13: 600 | C13: 0.02 | D13: 0.23 | E13: 0.06 | F13: 17.99 | G13: 18.52 | H13: 18.13 | I13: 0 | J13: 0 | K13: 0 | L13: 18.01 | M13: 18.74 | N13: 18.18 | P13: =P12+100 -> 1200 | Q13: =AVERAGE(N24:N25) -> 35.505
A14: 0 | B14: 700 | C14: 0.04 | D14: 0.21 | E14: 0.07 | F14: 10.86 | G14: 11.18 | H14: 11.03 | I14: 14.27 | J14: 22.78 | K14: 14.74 | L14: 25.3 | M14: 34.11 | N14: 25.85 | P14: =P13+100 -> 1300 | Q14: =AVERAGE(N26:N27) -> 37.935
A15: 1 | B15: 700 | C15: 0.01 | D15: 0.22 | E15: 0.06 | F15: 22.39 | G15: 23.09 | H15: 22.55 | I15: 0 | J15: 0 | K15: 0 | L15: 22.42 | M15: 23.11 | N15: 22.61 | P15: =P14+100 -> 1400 | Q15: =AVERAGE(N28:N29) -> 40.39
A16: 0 | B16: 800 | C16: 0.05 | D16: 0.2 | E16: 0.08 | F16: 12.34 | G16: 12.66 | H16: 12.5 | I16: 15.95 | J16: 24.42 | K16: 16.4 | L16: 28.45 | M16: 37.15 | N16: 28.98 | P16: =P15+100 -> 1500 | Q16: =AVERAGE(N30:N31) -> 43.88
A17: 1 | B17: 800 | C17: 0.01 | D17: 0.23 | E17: 0.08 | F17: 25.44 | G17: 26.2 | H17: 25.67 | I17: 0 | J17: 0 | K17: 0 | L17: 25.46 | M17: 26.25 | N17: 25.76 | P17: =P16+100 -> 1600 | Q17: =AVERAGE(N32:N33) -> 46.905
A18: 0 | B18: 900 | C18: 0.04 | D18: 0.22 | E18: 0.09 | F18: 13.85 | G18: 14.22 | H18: 14.02 | I18: 17.09 | J18: 18.05 | K18: 17.54 | L18: 31.2 | M18: 32.21 | N18: 31.65 | P18: =P17+100 -> 1700 | Q18: =AVERAGE(N34:N35) -> 49.485
A19: 1 | B19: 900 | C19: 0.01 | D19: 0.23 | E19: 0.12 | F19: 28.56 | G19: 29.14 | H19: 28.84 | I19: 0 | J19: 0 | K19: 0 | L19: 28.58 | M19: 29.36 | N19: 28.96 | P19: =P18+100 -> 1800 | Q19: =AVERAGE(N36:N37) -> 49.15
A20: 0 | B20: 1000 | C20: 0.11 | D20: 0.26 | E20: 0.15 | F20: 12.91 | G20: 13.54 | H20: 13.13 | I20: 14.68 | J20: 23.19 | K20: 15.36 | L20: 27.99 | M20: 36.67 | N20: 28.64
A21: 1 | B21: 1000 | C21: 0.02 | D21: 0.23 | E21: 0.1 | F21: 31.26 | G21: 32.49 | H21: 31.5 | I21: 0 | J21: 0 | K21: 0 | L21: 31.28 | M21: 32.72 | N21: 31.59
A22: 0 | B22: 1100 | C22: 0.11 | D22: 0.27 | E22: 0.16 | F22: 14.48 | G22: 14.93 | H22: 14.69 | I22: 15.59 | J22: 16.68 | K22: 16.02 | L22: 30.51 | M22: 31.51 | N22: 30.88
A23: 1 | B23: 1100 | C23: 0.02 | D23: 0.23 | E23: 0.1 | F23: 34.23 | G23: 34.83 | H23: 34.5 | I23: 0 | J23: 0 | K23: 0 | L23: 34.25 | M23: 35.06 | N23: 34.6
A24: 0 | B24: 1200 | C24: 0.1 | D24: 0.26 | E24: 0.16 | F24: 16.09 | G24: 16.48 | H24: 16.27 | I24: 16.46 | J24: 17.43 | K24: 16.96 | L24: 32.84 | M24: 33.94 | N24: 33.39
A25: 1 | B25: 1200 | C25: 0.02 | D25: 0.22 | E25: 0.09 | F25: 37.33 | G25: 37.82 | H25: 37.53 | I25: 0 | J25: 0 | K25: 0 | L25: 37.36 | M25: 38.04 | N25: 37.62
A26: 0 | B26: 1300 | C26: 0.07 | D26: 0.22 | E26: 0.12 | F26: 17.1 | G26: 17.65 | H26: 17.42 | I26: 17.56 | J26: 26.34 | K26: 18.16 | L26: 35.05 | M26: 44.05 | N26: 35.69
A27: 1 | B27: 1300 | C27: 0.02 | D27: 0.04 | E27: 0.03 | F27: 40.05 | G27: 40.91 | H27: 40.16 | I27: 0 | J27: 0 | K27: 0 | L27: 40.08 | M27: 40.94 | N27: 40.18
A28: 0 | B28: 1400 | C28: 0.05 | D28: 0.23 | E28: 0.09 | F28: 18.76 | G28: 19.35 | H28: 19.02 | I28: 18.33 | J28: 19.51 | K28: 18.86 | L28: 37.54 | M28: 38.59 | N28: 37.96
A29: 1 | B29: 1400 | C29: 0.02 | D29: 0.23 | E29: 0.12 | F29: 42.43 | G29: 43.04 | H29: 42.71 | I29: 0 | J29: 0 | K29: 0 | L29: 42.46 | M29: 43.25 | N29: 42.82
A30: 0 | B30: 1500 | C30: 0.05 | D30: 0.2 | E30: 0.09 | F30: 20.08 | G30: 20.64 | H30: 20.36 | I30: 19.42 | J30: 27.94 | K30: 19.97 | L30: 39.9 | M30: 48.57 | N30: 40.42
A31: 1 | B31: 1500 | C31: 0.02 | D31: 0.24 | E31: 0.12 | F31: 46.92 | G31: 47.91 | H31: 47.22 | I31: 0 | J31: 0 | K31: 0 | L31: 46.95 | M31: 47.94 | N31: 47.34
... A37: 1 | B37: 1800 | C37: 0.22 | D37: 0.22 | E37: 0.22 | F37: 56.56 | G37: 56.56 | H37: 56.56 | I37: 0 | J37: 0 | K37: 0 | L37: 56.77 | M37: 56.77 | N37: 56.77

Sheet Test_Data_9068_2015rc1
A1: Core | B1: Rate | C1: ISRs (Min) | D1: ISRs (Max) | E1: ISRs (Max) | F1: TL (min) | G1: TL (max) | H1: TL (Mean) | I1: Other (Min) | J1: Other (Max) | K1: Other (Mean) | L1: Total (min) | M1: Total (max) | N1: Total (Mean) | Q1: Total (Mean)
A2: 0 | B2: 100 | C2: 0.6 | D2: 3.33 | E2: 1.83 | F2: 1.23 | G2: 86.19 | H2: 2.61 | I2: 3.3 | J2: 95.33 | K2: 11.34 | L2: 5.29 | M2: 100 | N2: 15.79 | P2: 100 | Q2: =AVERAGE(N2:N3) -> 9.39
A3: 1 | B3: 100 | C3: 0.16 | D3: 0.42 | E3: 0.31 | F3: 0.99 | G3: 3.92 | H3: 2.68 | I3: 0 | J3: 0 | K3: 0 | L3: 1.29 | M3: 4.34 | N3: 2.99 | P3: =P2+100 -> 200 | Q3: =AVERAGE(N4:N5) -> 9.82
A4: 0 | B4: 200 | C4: 2.37 | D4: 2.85 | E4: 2.48 | F4: 2.95 | G4: 3.11 | H4: 3 | I4: 7.63 | J4: 28.68 | K4: 8.82 | L4: 13.02 | M4: 34.56 | N4: 14.3 | P4: =P3+100 -> 300 | Q4: =AVERAGE(N6:N7) -> 11.595
A5: 1 | B5: 200 | C5: 0.14 | D5: 0.34 | E5: 0.27 | F5: 4.97 | G5: 5.69 | H5: 5.07 | I5: 0 | J5: 0 | K5: 0 | L5: 5.14 | M5: 5.94 | N5: 5.34 | P5: =P4+100 -> 400 | Q5: =AVERAGE(N8:N9) -> 13.7
A6: 0 | B6: 300 | C6: 2.88 | D6: 3.18 | E6: 2.98 | F6: 4.04 | G6: 4.17 | H6: 4.11 | I6: 7.84 | J6: 20.79 | K6: 8.53 | L6: 14.83 | M6: 28.08 | N6: 15.61 | P6: =P5+100 -> 500 | Q6: =AVERAGE(N10:N11) -> 15.84
A7: 1 | B7: 300 | C7: 0.15 | D7: 0.34 | E7: 0.27 | F7: 7.21 | G7: 7.63 | H7: 7.32 | I7: 0 | J7: 0 | K7: 0 | L7: 7.38 | M7: 7.8 | N7: 7.58 | P7: =P6+100 -> 600 | Q7: =AVERAGE(N12:N13) -> 17.995
A8: 0 | B8: 400 | C8: 3.51 | D8: 3.81 | E8: 3.61 | F8: 5.24 | G8: 5.45 | H8: 5.31 | I8: 8.15 | J8: 17.79 | K8: 8.55 | L8: 17 | M8: 26.98 | N8: 17.47 | P8: =P7+100 -> 700 | Q8: =AVERAGE(N14:N15) -> 20.22
A9: 1 | B9: 400 | C9: 0.14 | D9: 0.35 | E9: 0.28 | F9: 9.57 | G9: 10.27 | H9: 9.65 | I9: 0 | J9: 0 | K9: 0 | L9: 9.76 | M9: 10.55 | N9: 9.93 | P9: =P8+100 -> 800 | Q9: =AVERAGE(N16:N17) -> 22.22
A10: 0 | B10: 500 | C10: 4.06 | D10: 4.46 | E10: 4.15 | F10: 6.38 | G10: 6.69 | H10: 6.51 | I10: 8.25 | J10: 22.2 | K10: 8.88 | L10: 18.87 | M10: 33.16 | N10: 19.54 | P10: =P9+100 -> 900 | Q10: =AVERAGE(N18:N19) -> 24.4
A11: 1 | B11: 500 | C11: 0.15 | D11: 0.37 | E11: 0.28 | F11: 11.74 | G11: 12.18 | H11: 11.87 | I11: 0 | J11: 0 | K11: 0 | L11: 11.97 | M11: 12.46 | N11: 12.14 | P11: =P10+100 -> 1000 | Q11: =AVERAGE(N20:N21) -> 26.495
A12: 0 | B12: 600 | C12: 4.6 | D12: 5.11 | E12: 4.78 | F12: 7.49 | G12: 7.73 | H12: 7.59 | I12: 8.6 | J12: 14.27 | K12: 9.01 | L12: 20.93 | M12: 26.97 | N12: 21.39 | P12: =P11+100 -> 1100 | Q12: =AVERAGE(N22:N23) -> 30.25
A13: 1 | B13: 600 | C13: 0.14 | D13: 0.36 | E13: 0.29 | F13: 14.17 | G13: 14.61 | H13: 14.3 | I13: 0 | J13: 0 | K13: 0 | L13: 14.39 | M13: 14.81 | N13: 14.6 | P13: =P12+100 -> 1200 | Q13: =AVERAGE(N24:N25) -> 30.93
A14: 0 | B14: 700 | C14: 5.3 | D14: 5.8 | E14: 5.41 | F14: 8.74 | G14: 8.9 | H14: 8.82 | I14: 8.88 | J14: 18.95 | K14: 9.28 | L14: 23.05 | M14: 33.46 | N14: 23.51 | P14: =P13+100 -> 1300 | Q14: =AVERAGE(N26:N27) -> 34.63
A15: 1 | B15: 700 | C15: 0.15 | D15: 0.39 | E15: 0.26 | F15: 16.56 | G15: 17.4 | H15: 16.68 | I15: 0 | J15: 0 | K15: 0 | L15: 16.71 | M15: 17.73 | N15: 16.93 | P15: =P14+100 -> 1400 | Q15: =AVERAGE(N28:N29) -> 34.885
A16: 0 | B16: 800 | C16: 5.83 | D16: 6.32 | E16: 5.97 | F16: 9.85 | G16: 10.07 | H16: 9.94 | I16: 9.05 | J16: 15.19 | K16: 9.47 | L16: 24.81 | M16: 31.46 | N16: 25.38 | P16: =P15+100 -> 1500 | Q16: =AVERAGE(N30:N31) -> 39.02
A17: 1 | B17: 800 | C17: 0.15 | D17: 0.37 | E17: 0.29 | F17: 18.62 | G17: 19.16 | H17: 18.77 | I17: 0 | J17: 0 | K17: 0 | L17: 18.87 | M17: 19.44 | N17: 19.06 | P17: =P16+100 -> 1600 | Q17: =AVERAGE(N32:N33) -> 41.41
A18: 0 | B18: 900 | C18: 6.49 | D18: 7.02 | E18: 6.6 | F18: 11.09 | G18: 11.34 | H18: 11.19 | I18: 9.27 | J18: 20.01 | K18: 9.71 | L18: 26.9 | M18: 38.36 | N18: 27.5 | P18: =P17+100 -> 1700 | Q18: =AVERAGE(N34:N35) -> 43.835
A19: 1 | B19: 900 | C19: 0.21 | D19: 0.38 | E19: 0.33 | F19: 20.87 | G19: 21.97 | H19: 20.97 | I19: 0 | J19: 0 | K19: 0 | L19: 21.12 | M19: 22.33 | N19: 21.3 | P19: =P18+100 -> 1800 | Q19: =AVERAGE(N36:N37) -> 45.14
A20: 0 | B20: 1000 | C20: 7 | D20: 7.58 | E20: 7.15 | F20: 12.27 | G20: 12.78 | H20: 12.48 | I20: 9.43 | J20: 13.25 | K20: 9.81 | L20: 28.89 | M20: 33.4 | N20: 29.44 | P20: 1900 | Q20: =AVERAGE(N38:N39) -> 47.295
A21: 1 | B21: 1000 | C21: 0.14 | D21: 0.38 | E21: 0.29 | F21: 22.99 | G21: 23.61 | H21: 23.26 | I21: 0 | J21: 0 | K21: 0 | L21: 23.17 | M21: 23.88 | N21: 23.55 | P21: 2000 | Q21: =AVERAGE(N40:N41) -> 48.085
A22: 0 | B22: 1100 | C22: 7.63 | D22: 9.52 | E22: 7.84 | F22: 13.55 | G22: 14.13 | H22: 13.7 | I22: 9.73 | J22: 68.35 | K22: 12.89 | L22: 30.99 | M22: 91.72 | N22: 34.42
A23: 1 | B23: 1100 | C23: 0.16 | D23: 0.4 | E23: 0.3 | F23: 25.49 | G23: 27.85 | H23: 25.78 | I23: 0 | J23: 0 | K23: 0 | L23: 25.71 | M23: 28.21 | N23: 26.08
A24: 0 | B24: 1200 | C24: 7.83 | D24: 8.63 | E24: 7.97 | F24: 14.76 | G24: 15.04 | H24: 14.9 | I24: 10.01 | J24: 28.44 | K24: 10.83 | L24: 32.77 | M24: 52.1 | N24: 33.69
A25: 1 | B25: 1200 | C25: 0.15 | D25: 0.24 | E25: 0.17 | F25: 27.87 | G25: 29.66 | H25: 28 | I25: 0 | J25: 0 | K25: 0 | L25: 28.02 | M25: 29.85 | N25: 28.17
A26: 0 | B26: 1300 | C26: 8.73 | D26: 11.31 | E26: 8.97 | F26: 16.1 | G26: 16.83 | H26: 16.25 | I26: 10.23 | J26: 72.1 | K26: 13.32 | L26: 35.18 | M26: 100 | N26: 38.53
A27: 1 | B27: 1300 | C27: 0.14 | D27: 0.4 | E27: 0.24 | F27: 30.17 | G27: 33.32 | H27: 30.49 | I27: 0 | J27: 0 | K27: 0 | L27: 30.38 | M27: 33.65 | N27: 30.73
A28: 0 | B28: 1400 | C28: 8.62 | D28: 9.06 | E28: 8.76 | F28: 16.92 | G28: 17.34 | H28: 17.13 | I28: 10.43 | J28: 26.26 | K28: 11.31 | L28: 36.13 | M28: 52.51 | N28: 37.21
A29: 1 | B29: 1400 | C29: 0.14 | D29: 0.38 | E29: 0.3 | F29: 32.04 | G29: 33.41 | H29: 32.26 | I29: 0 | J29: 0 | K29: 0 | L29: 32.27 | M29: 33.73 | N29: 32.56
A30: 0 | B30: 1500 | C30: 9.94 | D30: 12.08 | E30: 10.2 | F30: 18.46 | G30: 19.21 | H30: 18.7 | I30: 10.55 | J30: 68.76 | K30: 13.82 | L30: 39.2 | M30: 100 | N30: 42.72
A31: 1 | B31: 1500 | C31: 0.15 | D31: 0.39 | E31: 0.26 | F31: 34.7 | G31: 38 | H31: 35.07 | I31: 0 | J31: 0 | K31: 0 | L31: 34.93 | M31: 38.23 | N31: 35.32
A32: 0 | B32: 1600 | C32: 10.54 | D32: 12.89 | E32: 10.86 | F32: 19.88 | G32: 20.68 | H32: 20.12 | I32: 10.89 | J32: 66.79 | K32: 14.1 | L32: 41.57 | M32: 100 | N32: 45.08
A33: 1 | B33: 1600 | C33: 0.15 | D33: 0.38 | E33: 0.25 | F33: 37.12 | G33: 40.51 | H33: 37.49 | I33: 0 | J33: 0 | K33: 0 | L33: 37.35 | M33: 40.73 | N33: 37.74
... A41: 1 | B41: 2000 | C41: 0.16 | D41: 0.4 | E41: 0.25 | F41: 45.51 | G41: 48.19 | H41: 45.85 | I41: 0 | J41: 0 | K41: 0 | L41: 45.7 | M41: 48.45 | N41: 46.11
A44: Software | B44: Version
A45: CompactRIO Support | B45: 15
A46: LabVIEW Real-Time | B46: 15.0.0
A47: Network Streams | B47: 15
A48: NI System Configuration | B48: 15.0.0
A49: NI System Configuration Remote Support | B49: 15.0.0
A50: NI-RIO | B50: 15
A51: NI-VISA | B51: 15.0.0
A52: NI-VISA ENET Passport | B52: 15.0.0
A53: NI-VISA ENET-ASRL Passport | B53: 15.0.0
A54: NI-VISA Remote Passport | B54: 15.0.0
A55: NI-VISA Server | B55: 15.0.0
A56: NI-VISA USB Passport | B56: 15.0.0
A57: Run-Time Engine for Web Services | B57: 15.0.0
A58: SSL Support for LabVIEW RT | B58: 15.0.0
A59: WebDAV Server | B59: 15.0.0
A61: Hardware
